id,address
1,0x000000000000541E251335090AC5B47176AF4f7E
2,0x000000004fa9e635dBe91C83aEe357d01494936D
3,0x00000000553a85582988Aa8Ad43FB7Dda2466bc7
4,0x0000000094AcB89A43EAC2FBB3A07973Efc2435c
5,0x00000000B1786c9698C160D78232c78d6f6474Fe
6,0x0000000484f2217f1A64Eb6d24b5CEe446FaEAe5
7,0x0000A441fBB1fBAADF246539BF253A42ABD31494
8,0x0001029A5295a945Fe2A1Fa6725616aC521860FE
9,0x0001FB050Fe7312791bF6475b96569D83F695C9f
10,0x0001f85d5eeCC0a176e6197690BaA3E62bde35c5
11,0x00020750B85016852b53045dcdeC6B47aa8DfC7D
12,0x0002937F843330703207518e6b34C468F1aF3431
13,0x000A0B24B1476f647A2a2fa4474f9ed32C685a8e
14,0x000f7f22bfC28D940d4B68e13213aB17cf107790
15,0x0013D355Ab0B7fee64fCD3a53a9227b023536732
16,0x0017B06350490AafE223aA4E6DcF1140083e6C03
17,0x001A3A8449c3bc8CAd4de03f8BE4F134f06943AF
18,0x001bFD10Ae7C16AC7C477AF68595c3d6888DD645
19,0x001e15709C2b2e7Fb61D8220ae9b444C1eeF2D00
20,0x001ebB710524004633F292092EE31c3e8f4Ff7CB
21,0x002183113F3Fedc5B494080954E5E8FAeB070Fd3
22,0x0022505A56190e01336c48A480422FFB4dBDF3fB
23,0x0022F267eb8A8463C241e3bd23184e0C7DC783F3
24,0x002471C86e9e97d393d84bdDfA7D555a7FA2917A
25,0x0034daf2e65F6ef82Bc6F893dbBfd7c232a0e59C
26,0x00408F63225606C36B80E831BCe3b5cC3861D501
27,0x004AFB002e3FB33C833FC16b6b63103bbf97312d
28,0x005FfA486DC60C3B61C92E338fC13b988b507Abc
29,0x005b0743D8b2eD646499dC48b64B95E71B8afa43
30,0x005c9c051FeeACA3f18e898C9d3F8c59630F7bC8
31,0x00610d1b203f9Ddf2776D8729B0de854F5dcE8Ed
32,0x0069322Fe2B09d7D069ae9e465a402541811fe0c
33,0x006DE2699c06c7005f36e41BCa354D48f2CDd0E2
34,0x007050024C3BBCf85528d225E86B3DeFb3Af52d0
35,0x0077F2c8452eb223D573BC9931F341Fb1711bDd5
36,0x0078aA03B333412ed14C547dB6CE51d282C33fC5
37,0x007C5BDa0C06064984a164794e6C946CD7Dd7157
38,0x008201d01b84Cc333F37EcE916533b742b74f877
39,0x00904A046481CBD751F6e07bee1b29187bd44517
40,0x0093e5f2A850268c0ca3093c7EA53731296487eB
41,0x009cB61627257362b63ed363C7E72870Be90E9E8
42,0x00A3cce0ea1bcCD99047Aa9e1553188925cE3689
43,0x00A8d8db224d0153ED96DDc07EAE398AAb954BE5
44,0x00AaB1057D34565C1399D828Ccf8431f9FF8ada3
45,0x00Be37f5FF77E402994B8838671639200e5c1a11
46,0x00D5718AB3B3e9AFce7c2b4e106D2A97AD477526
47,0x00D6216BDbB504A262050eBA7534153e90C5FaA0
48,0x00D69EAf25a939a2E8db6238C9ea055ca9633571
49,0x00F0d12234C7461E2A6570259C80F65CfcAE2d87
50,0x00a2b91E018094ce830A3CCBaa0B3decB4b76FC9
51,0x00aAbA8B49280e724bfa674545Ad517217b4824D
52,0x00e55c151887907027b0840ec06FBF9e4241aFB3
53,0x00e56D0929070567B7d885Ba90d79427F2882943
54,0x00eCB72A184E736B9E4e240e360dBA4Ae5AD6cf7
55,0x00f8F1863b6B9691D1007863F0ee0f536B2A5b9b
56,0x010931976227576A1139dA8201c25e01a38D9da0
57,0x012722E98795156F1c912a7784C9310a3B5B1aE4
58,0x0127dA512C57600b54C05Ca120AE2820E2051779
59,0x012Aa061688e76eC9F7ee3F63E540AD65Ac1002b
60,0x0142933Fca094422B302ABFa38A664c2392c46d7
61,0x0142E23B469290A96A817595e057D25ea660Fd4f
62,0x0149738fCB822A378C068aA895dE955ca9b0C5B3
63,0x0159Dfc1C745Dc4B10d42d2592335120F1F2D778
64,0x015Cdff2E472F657E8c34B4e88fc60f16f7610ad
65,0x015bd50F3d775949e0754597a2d6Cbc2116Edb25
66,0x015f2A8d4C15e2f4546078f65b4c0B3364579079
67,0x016078A5e18D9a2A4698e8623744556F09a9Ca15
68,0x0166C28E181c81B01E21D5B52f05e5BddF8aeD08
69,0x0167940dD408bd12B8c319e979109d0F1c07E1D2
70,0x0173c73ca623C808B68e9b98cBdaf2F2a6cA23c8
71,0x0178217e241aa00787461cf044C69E8292c3863E
72,0x01803AeBc21d42517128248aAF70677f9A7ecDe6
73,0x018Eb7C80247eB3163D87Dedb7FB798F034107b7
74,0x01927124fabc3445B514816DF755cdCCD923ddb4
75,0x0194d076503771B976a062C4cDE310b13D3E9960
76,0x019DC5f0680870D376adbEeb5f4E135dC8A4ff9f
77,0x01A0c40a5AD7f2949F62F8801f21B26a2f40Dd5c
78,0x01B552328Ff6F48b308261d4aD57eEEa45e003d8
79,0x01C026633409512FC1F28E5c2281f86FAE4216c4
80,0x01C623b3d66B8D28D2B6d1Fc41E3c2835f1acD86
81,0x01C75530a17E0E3cFa3bCdB103Ed5CeDd58a9fc8
82,0x01FDc5f97190995A21dBf95647d672F0E00AB913
83,0x01a0d5b3d82AC883FF1Adbe1A108a2522DF3c736
84,0x01aA89fde4Cf90345fAfA033E0b576E60eA7F7c9
85,0x01b31474861084FB67D222e5f7807796c0Aa26F4
86,0x01b424B9A90a6C31fc0919d76D5b2e196D06c40b
87,0x01bB17C60De1901c226eD3fFCb4758099c973767
88,0x01cD24Cf17a93E870Ac136B566C90170b11a6302
89,0x01cFFad9fb7f3d90b469E3c17E44A7F131feA0e8
90,0x01d7A98D738e571B48070Ec7A84d2029e7fDcdCD
91,0x01e086773e4f00F25C04E6F0b8607274Ba27bd94
92,0x01e1a0F8F782C0025B010c65Aa93AFC06B1cAb33
93,0x01e6fd0aE73D9194b19f9B376065577927A0D5f5
94,0x01f1642cCD7D9B6d350a40E58EB20efA8F536269
95,0x01f74c9CF0E24ceE3A28f68fdb193e08Ae9Cb84F
96,0x0203D056cEeBa652534D44281436f2f999563488
97,0x0206539C19b2791dFA12ef09a64F37Bf81C7bdBc
98,0x0206Bc8FC7C1e8635D14F73c0fdb035493F2FD84
99,0x020cA66C30beC2c4Fe3861a94E4DB4A498A35872
100,0x021c4863F755546320e06FC15E1174F58AC8F4f9
101,0x02283bEC01f5CF112392E80dC35cbd25b9c512d0
102,0x0228613c8F9f3A379A6a7b42e31628a4f48b0B13
103,0x022925663120465392016cf174155c66BB4e6212
104,0x022F4d861E2903b53AeE85f51D4B7d109b75Fe1B
105,0x022a29ebE2Be30F0c7FfC7dC9C51fFd3714762d0
106,0x02428Ec99c0591797F08A9c0C6e60218658De853
107,0x025d59De7e32843AF26d773FeC5d17069f4Fe2Ae
108,0x025e0de735FDe29C8488bBE691eB83D78c653A63
109,0x0268b6765424925AED974106a78321F3b0959016
110,0x026CFE8238076C5500416cE21C6c3B3E00484494
111,0x027FCA5dCE8bAA10E93ca93d0f2150e7cA4d4107
112,0x0281881b17B78A0164ceE93530dbf5Db5E5B4F38
113,0x0291eb432CB4a2613a7415018933E3Db45Bcd769
114,0x02A0E726E124D44135f69c818CcfA83C4ae095d9
115,0x02A9cE87f684F8f9B02cDd7db607480c9e5bb36C
116,0x02B7a21aDcd1E60081D8DA02DE9426b005dA145b
117,0x02C15409aA8E70D1A5c2109334D6Cd7b8Cb759B5
118,0x02C7DBA56a981e6567000f21708ADD78f07b5849
119,0x02EE90090C2230891678Bfa19Be5A374ae5a5653
120,0x02b79dF8c38f29f39888557c0A89917Fd99ddF77
121,0x02bDC2BaBA94D69A48907A3Cb9B703824f9F7764
122,0x02ba6b58fD20251543474B715b25Ee64A49B0dd7
123,0x02bfCf362447F8760CA6B9190F5c0497a925ec94
124,0x02d202A2b7355A34DB6F6495A4C00eD2230E72C6
125,0x030B78756013AD403d6da6BB6fCd305E2E26830d
126,0x030ae585DB6d5169B3594eC37c008662f2494a1D
127,0x03104c9661f97a1a882a797964F46d968D518126
128,0x0311447B23E00E0AED6D393213b010838185F846
129,0x0314A20470B9D22e0D5e422Cc516DEA7456EeF61
130,0x0315af3F396E815C4Bc6495a5794eD95BA869d87
131,0x0316ee8122b792ED37FD7CbD3FCFB2c66D3D3833
132,0x0326d71C118992af976e30aC68Ce93e67562436D
133,0x03270912905F63b1B2b99b9A520a86810aa07f89
134,0x032FBC41Ea135d1adc5fd0512fF54DE0b3a02286
135,0x0335375Ad6ecD5e3D4775b2afD5D6777AC4698B1
136,0x033E52f513F9B98e129381c6708F9faA2DEE5db5
137,0x033c78d2FD30d032379E3C7FA204E92A37fE2C7a
138,0x03446bB350421D70bD5BeC5995f447dea1922FF9
139,0x034F4d27B1a34779710c43E3a13B97718965F6F8
140,0x03525780478bf6181B2FDD82df9aB6E7f26a8Ffe
141,0x03539068001040D8a3D342De868475B6c2E62196
142,0x035483926d143B394Eb9fc8B974b44EBF338dFC7
143,0x03566165a16a6407c0DEd5AE25D6c4bb3C5d4774
144,0x0357c980E66E6EF343A35715138b7670b0AE74c5
145,0x0361B690Ae9ea64256350767FEE7cAfb077e9b26
146,0x036207b10882B4c939d4f8d7E1701054445f855F
147,0x037206ACaa8EE3da02e9abe429F51255476A64D6
148,0x038eB6066cB5604e27388df25E719d9779A37941
149,0x03941076bfBDdb2D67995835235d97736De0385C
150,0x039f8621cF7C37fD98fFD8431fEC0c9b5c8Cc206
151,0x03A375f0f0B27679E91d2aC4993d613Ea4127166
152,0x03B689657Db6857dF588C3EF0C50B1ED3E9A6cbd
153,0x03C15E175caaCf71a855CaAEF18EC50bd2edFD41
154,0x03C69f08d2339c6e2e3109946e58B5650c0B2F8D
155,0x03D4C1617ec1d7DdC4CE1698BD1e08073B2C3088
156,0x03E2e8eB3AFF4967590946c31Cb6d3680eE36342
157,0x03EAB75588C2c4413EbC0FF12447199a97938b78
158,0x03EB4341ED822a037298710B3001438D9b66570a
159,0x03aE1A796DFE0400439211133D065BDA774B9D3e
160,0x03b5d64995b88E0bc4CC399940439BeEb1921Be9
161,0x03c16aa3812EB3C3D3eb1e4554dF01f611743aD6
162,0x03c3D6EcF86917f1C9Ec9C1ad660CeB91aD5Cf5E
163,0x03c7Cd29ed8d2ca11aC864D1E862ab3Ae6E0Ba17
164,0x04095B785125eAAc01773baBe15Fb313e9aeBC40
165,0x042150C6b7065D20f93ba50AAeF8620Dd07e925B
166,0x04280b174c55e73C974674b2de653E203dc25C17
167,0x042a135bd342910ad7F67bBda74e3fd4125D1272
168,0x0430605323465E26Dc21fBAaA9A1A4Be6ae9d496
169,0x04346A9B5CD553a3b53587C1d5303Fb85565e7d4
170,0x043b5B0bBB613E3b24576670c7A2bfcE9dF3239B
171,0x0440D524d69dcd6430F7Daed9FB8046Da3B4D812
172,0x0440aEcbe83173D9cf66361f8C1FEd9853904a1F
173,0x044CD5f498ddbf0ea854aB4Bc96110756b26de97
174,0x044a9c43e95AA9FD28EEa25131A62b602D304F1f
175,0x044f41d6966127601c19bafBC49C7F2D2E76368F
176,0x0463Ca0c99F2bd3a29cdB7f3bC7e403E0B320591
177,0x0486A831d78fa11938AC6eDE76F53910117152FA
178,0x048BB02DaF5F3D92f0e11645c8A942833d29d895
179,0x0496e3d488Ccf9AEc556ba08DA1286D8eBA2d6Cd
180,0x0499D821624288509Cad73b17f57cc528f066ca5
181,0x04BabDF0BB25B7f651398E02677e85d99289112F
182,0x04D6F7b1f87E838cf5B1301B4dFc0409d73E5651
183,0x04EDE46C36E138daEE85B7E1f7711fA8Ee908B00
184,0x04F3bA8Eac6b64414188D66720bab8Ab666078FC
185,0x04bd1fc1fdf7798E0e7D5d716007E14aC924e935
186,0x04bd2229EBDD237D21ee8695d411e9A78d507844
187,0x04d23EB249430DFA71B5c50ABacc679752A30939
188,0x04e67Fed060d12e8ab391809aaB60196e406be8a
189,0x04f1586Ac19b5da101f8a64f5e8D081ED592CE8d
190,0x050883f54a4613244A634C6A403a29E483ED1090
191,0x050F788d09395724777a67Dd08bE127cF70dd238
192,0x050cC733c85bE71d4a902119Dd27112dFd142588
193,0x0524C91701FCC461C90b3120769B5F295F706a16
194,0x0529ea5885702715e83923c59746ae8734c553B7
195,0x05300922523063C99207eEe5e66d268c5fe0a65C
196,0x0536fd50A327A011B5caD6A03b1997e27CAF1856
197,0x053F80464a92ac9Cde168F4dd608e38fB167D3ae
198,0x053b7f29Bc6d95182F0E54eFc86549938878647E
199,0x05423D13eF9fdeedD51A591d245466C66e0C1Fad
200,0x0542e8F95f765B81cD6A08Db37d914F664Db5D3E
201,0x054308D024ac847787E7F480c6e113A0a4013AD5
202,0x0548Df65D2bF98c58f86994fFb286326d7187e70
203,0x0553b23D19D10eb6321F0960b6B0B932C0DaFfaA
204,0x05547F0F626E6cA89B49D8eEB0e39d5241fF76B2
205,0x0565d29125cd6b86a62a8cC5f0c2E7E8AB693db1
206,0x056E29a0E7F9CeF91D1f3FDf9C58B6DD547B5332
207,0x05728abD73c39232D97639729542153F8C5Dde4E
208,0x057536F8e7Ae97f17AA5fd21Bd7942A7FE152241
209,0x0577F8d58172BEBDA9718277a84F0B17417e9594
210,0x057AdCe4BDA5cF8f5e5Bb4B4EF3aB325229736e6
211,0x057f3dB8d79878D96794a8E67f918A1a02300A4b
212,0x0587EB2063fBECeE5048A5557cC09e2CaC50fDC9
213,0x058913cD438a8692c20C6aE2f33C5fF6d0515E4B
214,0x0590E9d763bd6A73826b21dC520ae39C35a78728
215,0x059422a62D4e38DaA0204e0Bb21B3AD964c69961
216,0x059F97fDf28A16AC8b06389f7856790475151114
217,0x059d437fEd00887BA0e2Be4C50887BA4779bdE49
218,0x059f8b5418CfeB11Bd16659F1bb2854efadE2A25
219,0x05A1ff0a32bc24265BCB39499d0c5D9A6cb2011c
220,0x05A4713bB0F51b54133173A91b432Fc5a835c71B
221,0x05Ad1F0c603260b4A1D13FC1274B07Bd224Dd290
222,0x05B5A4a8664025a72b1454c87776e0e03bdD8dFE
223,0x05C052F534147d02d55a5F22829CD8a3c38d826A
224,0x05E30761B9d13b971755B4316C85Cf9f0190dC6A
225,0x05a4448597935c508e4ad0D2CF56d56beDb246Ce
226,0x05cD14412ccd74F05379199181aA1847ed4802fd
227,0x05de7185D0A89c40Ef6a4b684296DEBfd2e7BD0d
228,0x05e7C892Cb3C35B5b3C2F0873d515241b44acaC7
229,0x06007A8e0BaC47511090849e90da6fd44e1B648c
230,0x0613e2c0e58E811e358C0e26B51842eEDA05AEd4
231,0x061B30119fe06b3B50aBC610861Ac6107065671b
232,0x061D0E4E86992A90a462BeFEC0A0ee4d2d412160
233,0x061e70134fc211c9ebB89FA1Ae420D19365A2F65
234,0x0625ad46632162abafb0114503e1F144f078F07B
235,0x063Bb88F6C8833a4E5f4A37e51f8d001f99515C5
236,0x063dE294570ecD3CBb012C655F3D2829DF0Cb102
237,0x063e22182D3fa4b6d9D21e5e32990D4d48bE0Bc1
238,0x0648553d2544D317eAA0ED5F13991B281Aa4E90C
239,0x064915a4dd54faBCA5613bE602d8B904CaC25610
240,0x0656d8b7b1Fcc09788F4A7B657B38A3A4EeB3f9B
241,0x0666E704e2a3C55935E383AAD9997B206d555BAA
242,0x0677360CA878fB7CA144926CDfb56Bf0E95cDC7F
243,0x067Ef3c16F47cca6a3ACB5942C6D4BC89Ed0A8B1
244,0x0685B0b2c23b1000Ae047F7a86e8560b3d1308e5
245,0x0685fc159dd7254abBd27905bbe90678e30bEd4F
246,0x068bdD067Ce78427901c01607F9e42722975821a
247,0x069e85D4F1010DD961897dC8C095FBB5FF297434
248,0x06AFAd0017Cf1A5417dDe1247673A1d1002dbea0
249,0x06C90744b36Fefc20d17018Ba3dc31a00e922222
250,0x06D1288d3D37cf52d3EE883F95c96fB2c1bA3f78
251,0x06Ea374aB81Ce8A1b51F30309Ba4F52113Fb65b7
252,0x06F8f48049378fd498A620e14f10b510E9506227
253,0x06aA5f542dB38A5e68e1e71c3E5b7588ae77CBd8
254,0x06aB7b6155F5Fe588D02AA18Fcf8d6fa11e71B2b
255,0x06b7D2625F4F26c81a9BCbDde9cEFB7e000DA88D
256,0x06c5462783f1d909E56e52dace136b40d37375dA
257,0x06d5f0DB611101895ecbE80da6Ecd43B660456F0
258,0x06dE8BEAdC0cF149D3C73c93F9160457D6f50c5B
259,0x06fAFB3620cF52577857013a48f8704968CDACEE
260,0x06fFC922b8c5e0e982BD6fd88F09F5BEc8773797
261,0x0703e40a3d838eF10DD2fD7d0a1bEb4efa2A7539
262,0x0709B4183EF3E8AD5dE16B15d92eDd559e425b7F
263,0x070C132C58cEF9ffb762CFdd2132043B7C558717
264,0x071ccF6c0dD7297844384755a2B471D6037b3faA
265,0x072C425D28f7932a65D16441ccD5b9bfcDefA2a2
266,0x073FDA0cdb6Dc1a64cd7e31FbE75a55CDfede4c1
267,0x075267ffcA613e8a86cb8ecA03655281A0e2137b
268,0x0761F062E03fEd187060E9c6150c21bA9A64307d
269,0x0764dc400C280FF2B6D1F0582969C0c668271340
270,0x076EB9324747bfCf059Bf6Da82ee1da6474ea5cA
271,0x076a10A7b9dff849672De8CC180e767bf568408D
272,0x076eAB1704D4Fe39430Fe931991258291290988a
273,0x07726d7e4ed80c8C64a8dd27e64F876Bd4225744
274,0x07740F809EBc76f6D3052492c74C0c04f0aF7B92
275,0x07763129fA385d896bd3112298F000080c04a980
276,0x077825E23B27cd088C84E57f53993A1aE9b2A484
277,0x0780366ED1fd05d7e9a6aCD7867DeD8C68730F2c
278,0x078148d2af29603596AA318188b56fD51eb94ED3
279,0x07930c93DCd3425b9ebD67765e28a0bbdb0D5893
280,0x0799B62a2A5309F0A2341988317C7504273d7B29
281,0x07B18C2686F3d1BA0Fa8C51edc856819f2b1100A
282,0x07B20Ca550C4475B048B0df952bA1a459d3bA992
283,0x07DBAaf27d335c24E1ED3000564B4303da4cD9d4
284,0x07EAa17a305D6ecA9Aaf0f9C89F5Ae4432b29212
285,0x07Ebb7978e5F752d1aF50133D677B4Ae84474d01
286,0x07F2c2C8A8f631b10fAecf69F1f8204a392FBdAC
287,0x07a1f6fc89223c5ebD4e4ddaE89Ac97629856A0f
288,0x07b01E611D9f51d08e4d6D08249413AFde2BcFd8
289,0x07c2af75788814BA7e5225b2F5c951eD161cB589
290,0x07c423f0Ac87EaA76481dD86d446A2807CF27c82
291,0x07da768Fa122C31F36399DEA5bb9C12fCe0A75a6
292,0x08003f6a0843A0D2bc4223BE96c1e1BEd9e0ddAC
293,0x0800B39fF292330D76d7F292adc396290CC53877
294,0x0811CE04b346f08e798afFd0C0f3700c52369FA9
295,0x08149F1DE6B3496a64e16E02E2477BCfFdF65Bac
296,0x08204e0ae8aBbe8B6267cb43D829a00502E616b9
297,0x08369Fd727B07c5966DBb541C2F0CeDA1A7F5652
298,0x08378B047737212E83d75Ef44A90246C18ba0E19
299,0x083dE572D42B761d11710EE955F4dAB030876e78
300,0x084ceC340BA97aF2D4082BE6BbC8Cb3E50D04AE2
301,0x08741839fD464aF9F6A718b6650a2b4D1e91CaFD
302,0x08843df0B9e209e80ad0030Ac64fc90e3f358719
303,0x088873F2bf4490E7676536C261D96f47c78df56b
304,0x088ee5007C98a9677165D78dD2109AE4a3D04d0C
305,0x089Bf9CbB47B15c593Afa9ec1608a365cb8A2f48
306,0x08A1bc786982ED20217bFD047D5194cd26452F51
307,0x08CEa5486960015A0Db4CA70fbdBC978667fc908
308,0x08F204316184B10e4C81C314D7Cea470bdD37aF8
309,0x08F38B09777486BAC18DF882F2B9e9a181E36Bc2
310,0x08FB4D9dc327570ee618f084B2CadD550D2f5a47
311,0x08Fc3eFd10a7003729FE5D69521757472511b1A0
312,0x08a87DBF68395E02aE215da8610FC9d2816342f3
313,0x08cAAb057618bF13D61443a7EECF59E1F836A0aF
314,0x08d9445e85927D20fe15A2428859D38832880E53
315,0x08dA9920008FE5e669D9B77CE496fF5123A6BDF1
316,0x08dC989bb5ab464f9731FA6E1699b525405544eB
317,0x08ebfdb527eb9215E05cC5959AefAF68Df0f7e76
318,0x08fEB93Ad66208808549bB5EfB97F8fbCc9ea6D0
319,0x0900a13FB9382c6668a74500cccE70Eb96385e0C
320,0x09060D7971CE120E96C2b9A5BdcF9df17808624c
321,0x090B792E1EEd44194d6310447A9D607C4c61CAC0
322,0x091d0EEef48D01a1901c4CF3501Bc6b479fc53aF
323,0x091d8de14dC0db1C7266aFC1726880dc532Fb90c
324,0x0926F398EFba85e913e362d7B320F6E100d8E23d
325,0x092D1A8C77F5eb3AEc70C29a4c68C76e2955ED5E
326,0x092b989d128a2e3A65A479D8BF2B4ab265057189
327,0x09320F2674e595A964e776bA3B7dCe632BC34db2
328,0x093430541975e7aa0b2D9De2085BF99F33a5e91C
329,0x093B8A4A22d9Bec2fD303fe3513804A823d439E9
330,0x093e0D5a3B29d29BCE17415C24107AdD4a217c42
331,0x0946888Aaefc070Cd7da357ecE62A069Db859e37
332,0x095735a2828ABb143C326E9fb26E230535A83141
333,0x095B2eF052f6E26DFEb796EA15B813A9C5f02cBf
334,0x095E5D0fa083bF92f09E590c899Aa962Dd1Bb5c7
335,0x095b0967abc688De4aFD09F29708cFb67cdA213D
336,0x09641015fB8b08388A7367b946e634d37DDdfFaa
337,0x09673676CEA249DC88799733aa9218592D35F8F4
338,0x0972aF98114C4cB769C4b314056F51eAc14222A5
339,0x09835b31C03e6059f8C904054A2431569589c464
340,0x09846c3C011C0cfdD269b1C54C7A09Fa850AA097
341,0x098C909Ff261954b8e5C7f1B17C38EFa41d39BaD
342,0x0991D02f28a5283338e9591CBf7dE2eb25da46Cd
343,0x0991cD5EB49E690f3FDE48aD3D3814445D956831
344,0x09988E9AEb8c0B835619305Abfe2cE68FEa17722
345,0x099ebCc539828fF4Ced12C0Eb3B4b2Ece558FdB5
346,0x09AEF8E5e65C61C42310a3EE955c22B7B8d926BC
347,0x09B76D2645Eb68c03693a5A013C45967F9C7DCB5
348,0x09D4083fFD20D21ACb9118465aD7C52Ac8B548f7
349,0x09D9bA2306f648085A801BF36bA002B67827B8C7
350,0x09Dc0625Ef89CecB2cCE612b4E0e1eF2Db858819
351,0x09E56bCb1528Bf36bDb0a3F1AEa937e83AF120e9
352,0x09Ee3CcA3516D7d8d3C1e51686c99969adcde2Da
353,0x09Fa38EBa245bb68354B8950FA2fe71f02863393
354,0x09b05020F30D0F9DA3d72947B7440f13b18BeD78
355,0x09b7aCeb4458BD12F8f3fd4BA68a6bDc28c006D6
356,0x09d54763E467a545B8428206EAcC3D8bDAc7E45B
357,0x09d74092b7f39ad45420Bc2cb59A9b01dE86c360
358,0x09dBA5a4e9ECfBa3aC3AbdF532B370515277fFA1
359,0x09f0090f4aCDf417C4Df5ceb124161650E78dE57
360,0x0A16edE0b0afdf6420E854E01bD21ad10d60a6E3
361,0x0A19097861f6C0c207192bAC65c62cda4d2ccbE3
362,0x0A24a1f31a106f225Cd2c6F93f9dCFf3158651AC
363,0x0A42e3DDB8f937b6e406FF06577655d0C64E95a6
364,0x0A501850431F692316Aa8343b431C144Bac6c264
365,0x0A53E28f2f7b27971E18a6305C2C74A449BADd2e
366,0x0A69838FE023eeBb61319F166244C60050F22A94
367,0x0A7562526191F8c9b49291768b847501caf3D11d
368,0x0AA7Aa665276A96acD25329354FeEa8F955CAf2b
369,0x0AAf72DA643570Da1bF76E8b3063C3f378b3D3D4
370,0x0Addd65524FA090b76c07E3F6fd8C4c1116b4CEF
371,0x0Af085a761a88C8C3e4a5283149dc337b3bAD6fB
372,0x0B0BDf462bc4E44D0af7886cE44f911979254dB1
373,0x0B12feA0be01399400ec82F958EdD8cb0D87d862
374,0x0B2B2D3296792EC9c722d8b255930Bcb0d1d5063
375,0x0B343C3e0018051A734Ca81BDDB655Ed0cc4451f
376,0x0B3c1dc96eaD3899E48524dc490A5B5dd00ec3e6
377,0x0B623195f24370b0Ecc7c4aEc0fd06DF31d94212
378,0x0B6F1DCD018B1Ad7C8Df95f2b64675e551572718
379,0x0B9cF31B19e6f6B65839f25c1D3857Ae3F5f13D4
380,0x0BAd63525eC633022303c3FB965341BE1f7AaCF0
381,0x0BC1e0D21e3806056eECA20b69dD3f33bB49d0C7
382,0x0BF0D602fBD210114f5CD217ad5316352E9eC9aE
383,0x0BF52Bd5d9Fbd7D5D57eB34C5d0c451a8e3807F9
384,0x0Baf7b79F9174c0840aa93a93a2c2A81044A09a2
385,0x0C1345544FAB2d81eE980Af27d9940E885330A25
386,0x0C1A7BD2A5afb4884bA2dD89B4f7F571553Cda13
387,0x0C1B9933856E423ce3687c77534eD9a24a0a609C
388,0x0C266223C8dB48cA1238103f5bD8772146F860a3
389,0x0C29dff4d9Ec1011AfA4e838dcdd80246Fd84190
390,0x0C361d71D97beFDC1475457804fB0544EF35B860
391,0x0C403e0D57Eeb8f091bCfA8EFdF01c00509f04f2
392,0x0C4290C3018172dD838631c94Ee6906C0eA65f5e
393,0x0C53cD58460c1f12D542a604B018fF4841A5186a
394,0x0C709F763458972c74c85C9B496BDE451229C7bC
395,0x0CC164E1FDFB813c0ba06AD01B06D35C731D81f6
396,0x0CE638E196f5141B9AA2fEDc07Ea158D94B458f9
397,0x0Cec743b8CE4Ef8802cAc0e5df18a180ed8402A7
398,0x0D0707963952f2fBA59dD06f2b425ace40b492Fe
399,0x0D230058D2056f6Cb20506e77026ac7772Cbb24b
400,0x0D2a7ad3f3114D225521ec9B722014E6C3dAd1e7
401,0x0D33d24eea04a3F776733cDfE2c0cDA228E8e7cE
402,0x0D38BcE0EF4241eF8A6994459182Df4C63FD27d1
403,0x0D3Ada2A0E63631e1515C208998bF63AD4882cEE
404,0x0D4602B3c3222d71966200DA3C4EA2f51A4DAd5f
405,0x0D5901ECAD0BC8786a9b6fa53A19CE465CcBA199
406,0x0D622FFE3dA58c6390D1A2150288adfC02264c0A
407,0x0D703ccD7DeBd7f6F4B0fFB29d2d710D19b09025
408,0x0D7761194799EdA3Ae74439AA648D1F479b3009d
409,0x0D883F62481eb41307D71179f0940c38697bc8bA
410,0x0D88C4CcBe5f34a846BbAD2b4F94134B00017b7f
411,0x0D9d673ED07D0E4497C8b1F35A2f7DCdFBE0A0Ac
412,0x0DAEfc5251F8f7F5A5dC987e8A6c96d9DeB84559
413,0x0DCfe4a0eb5D952b738Eb34d1bf4eF279243C8a7
414,0x0DcDa37740781eC2707234e14e26CA97247dD60c
415,0x0Dd9fE9D9a9Cf15ed66319cA5bBd8F40E6c5a7fa
416,0x0Dfc955F675b191B2112281CBE915900135fA559
417,0x0E132164D513179613341df2cB481d0498219eDE
418,0x0E3FF6B5cA2D441422a065b8C759F6EE4Ac05f1c
419,0x0E49b49e8bA640974478dd1C45312123D44F3f18
420,0x0E5011001cF9c89b0259BC3B050785067495eBf5
421,0x0E62aDCBa4d609eeB4319b2dAE75F18F4338eD2C
422,0x0E705dc15393e6c7c9e8772786E3447c7745209a
423,0x0E8bB529366f80981934eaD0c3818Dd2f67DD3aE
424,0x0E938f234CFf703624a24770A18094CD71e2B37B
425,0x0E93c46A83bBc78c8fe091257589Ce6757ee541d
426,0x0EA901eCD858123B58B2F23B3c657c1eC442c62f
427,0x0EAdb62d5Caf12794866c33Ea934e5cc59C2E9cD
428,0x0EBAb19F412e1afD2B90842e5C632aa186a4f60d
429,0x0EE4e42b1096530f80A589CB13461930704517d0
430,0x0EEFf07874F3A6961255907E9185aB62Db2C884b
431,0x0Ee98b5FeF330e7c89b3EF16E809E0AAdff13261
432,0x0F0987F8f12da443d694b0EBC1df625C9A3449d7
433,0x0F12da76551A09b2DE147C2E95763DB2e6Cc9D91
434,0x0F217da9752697A8AAa7c9416fC6011170D7Ebf3
435,0x0F45156F109e474295913D78036FA213b1745D5A
436,0x0F498E7B96768Ad48D553a59c3d90c2B0C02923b
437,0x0F70c8C6236F4335B791637B8603F711F9829a27
438,0x0F7c548C3c100e1AD6A1F092D95884Cc4dCEf4bB
439,0x0FA059086d38E80AF552B82856447Ba74F52A56E
440,0x0FA2d7DCA4A6Fe71f1576C2b228A9507baEe8931
441,0x0FAB3dA00d5C30889CA97A27428E658F32eCF96b
442,0x0FB9C161D925F217E534A34b6455F6125c096308
443,0x0FC1191d334e76d4E249e6F89f8a3120dC31440F
444,0x0FE07C1b7DAB02295538502128f80B840D060B65
445,0x0FEBD4F0D5ed645A03ae6079b3F086a0d68E9Fe0
446,0x0Fc458ee6FB7965b614444b796d367F6cD498bE8
447,0x0FfB874C629c8950BF70606F750b1800158fd17d
448,0x0a154Ff37cCb49164A379e6b80725d6868716671
449,0x0a1Cd356d4B200CddA0f82A8E0bd0B964f8c54f1
450,0x0a2311594059B468c9897338b027C8782398b481
451,0x0a2D3cB1Ef9BbbB676F86Bd9cE4690FFcA279D75
452,0x0a2Ff48f17aB89134E19CFB0e21C65c3dBd6a9fe
453,0x0a64d9f1e212541c8495359474020af21E409Bb1
454,0x0a6E5785124AA3fa5DB1d6d7d3ca500d0Aa9Fcc0
455,0x0aCA67Fa70B142A3b9bF2eD89A81B40ff85dACdC
456,0x0aDabdEAFC2Ef3743f55840b0d43ba7c976eFcA4
457,0x0ab47beD4ed5d75b2fD269FEA924543614CD738B
458,0x0abA0B7c7AD99E0e691f4D2E1Da863db63D14443
459,0x0abEAAA9003b19B459534176B27dD898715619e9
460,0x0ae280667eDE02C11FC31dA99b51E04Df73D1190
461,0x0b20F1aDa3e99aCb78493A5744D16Df04992a7Df
462,0x0b2Bf1dcab6829116cf276A3379a0e92f0Cb33E1
463,0x0b4DC2b370cE55854B7Fcb5065ef78Ccdb1f0693
464,0x0b51C3bE41A23a3034098144C1202F17539Fd7f3
465,0x0b548fCd7bf4F718AeF56Fe27c3fdafA83652006
466,0x0b65f3f92bDe7f90614b5c505ed2F0A646eEdB90
467,0x0b8f5e6d031b933A748813949B421aA230114B21
468,0x0b98c377b62702748898c5c4C9Ccc2E2F35f084D
469,0x0baf90636d662f53082Eaa339b35F27aA0b5c0Fe
470,0x0bbF5634Ef3Bce20533f6B3e2Ba20FdeE21944d6
471,0x0bc7355686A264DEDDc239dD30D4D201612aEB8B
472,0x0bd4D80405240215685cEdB1F79AF8546D943398
473,0x0bd72939b7F9Fb4947Fa8F53aBE3C4dc4C67B5EA
474,0x0bea0E67ea63EB7B292aEdA856A147088Df8247C
475,0x0bf2D474FbB979B9bCCc163667396025a0eb12A3
476,0x0bfAdDb75CefeFEFc5Ef42BEdd73Af22d4BAC47c
477,0x0c18cc3A37E6969Df5CCe67D1579d645115b4861
478,0x0c1916aFD6E6Fe4B37FF5D7Bc484c06f8535B796
479,0x0c1f01dF7f044bdE6127b0bc3918740f81F3e5f4
480,0x0c3AF27328929FDF5e620CEe1BAb2389DA454bd3
481,0x0c460ceE53e18e9B3cAF655f26e0281Fbcb77077
482,0x0c4A3bF836bc887Df8838fCd420e7573Dab11dd8
483,0x0c583364C44bC2F0413E7172a8327C8c45a04c71
484,0x0c713D257E6126B5af10F1663b4a78046532F117
485,0x0c930e30E9e1AAa041109E58801a52595392a405
486,0x0cA1400D59396Cbe1d3094852AF18c528790248f
487,0x0cCf577aD309A86d88930c935D9fe7e4A55F4dD8
488,0x0cFb4d08Ca784fff974C4BEB559246DC8a3f8C20
489,0x0cb961e87f6b7a7Ce4E92d1ba653E2A2b5b1D9B9
490,0x0cbf84A124f7264E86724B83B77A9A606Eadd6BD
491,0x0cc8a5b61482253860f7C551232c0244004AF5aC
492,0x0cdc93AE213509362bf4D370eFdBF87b7a49ddeC
493,0x0d10EE6c29Bbb156a3b6b3765f90f5600A9a16a0
494,0x0d2b80FDe4d0cEC8518140A41c3d077Df5965894
495,0x0d43b9D10753631D756b74C9c77B7420d344e4ff
496,0x0d52FE531C1952BE513CaC8a611ac3f24d78d5d7
497,0x0d54e99AcA61481151F6a12771c655962ABf14c6
498,0x0d6CdFD7663333428b0e4C1F29b1D6e688deF4a4
499,0x0d79cce030AE9654aA9488524F407ce464297722
500,0x0d8D3a5CdfAEC1e593B1e36A5005C8144F0F152F
501,0x0dB1F475E841948777EaAA6519EfEb6e4D01648C
502,0x0dDB6cdE2D835526318541336c9D60B89D6069C6
503,0x0ddBdEF89e42fA1Bfa468CE1361cB6959F15302D
504,0x0def72cb13f38bFbD231C89aB426Aea3829a4271
505,0x0df983571859fe8DC2eA14fc5FC60FD987D5398a
506,0x0e1C46258A646Cb045164606B88aE0Aa965DA67D
507,0x0e2481cdC9fFD4DA1EE17b3060D41c7A0a4906B7
508,0x0e2815a3Eb33dB37f4A0f465B34566d99A0178CB
509,0x0e3a795f9bc2A0485b0ed48539EEDb0BfF09ddc3
510,0x0e99de39C5A9ff9DcED4E182E7Cd95c746F9e4c7
511,0x0e9B900efc2a46a6540Dea2beb0E75c2ef4348b2
512,0x0eBb26C5bf0CFEF4f9fF8cD06Ce9cD7E507D3C0a
513,0x0eE1445AD8bbDCe6D701f3215d3e940bc027d883
514,0x0eEf5B388557F6e706D23b020B54c2d62449B0FE
515,0x0ee497217E7005CDdB68bF29862b32Fb89A0cD56
516,0x0eea18a7b198F3AA7aB46ecC9c8E5ADe13B7fb24
517,0x0f29c900847a511Fb17a6473b65B028aEfbfe0af
518,0x0f30EdCb8fB8711214058A9b4f0d9D835661beBf
519,0x0f480869123823AC6c4DC103c49B155dd7c4d976
520,0x0f48dD7A3c546E1cD8Dd658E199AAcfDd309bCC4
521,0x0f512Fd98d213258762AE231a0C5E7DDc67E6124
522,0x0f57FdBCa7eb3a91bc2C8B2408c8cB562d3d0092
523,0x0f5C47bDEFfEb8bFC5abbF8DDE342CF7c1cC1F85
524,0x0f60367778E508d96907E7Daf328120f2dB76D25
525,0x0f6d2E313c722B6bcC5967597d1e5301C49ec5FA
526,0x0f850a0607AA42593636F4B189149Ad49Ef1eC43
527,0x0f8833d002d11040A3334ff57c9d0F114801D6fd
528,0x0f94A616C407B77c92c66fD34cAc8c73263c7375
529,0x0f9A34a848E00CC3Ba1cF4b2933982451107C574
530,0x0f9FD4F44Ea6E6Ae5400D93536626f525eAaA399
531,0x0fDF6b88974fa6E04F99F15cD097242C1Dca747c
532,0x0fE8583C45d181FDa20d49b05361cd41236485a9
533,0x0fFeb87106910EEfc69c1902F411B431fFc424FF
534,0x0fb0dD3aC066046d89aCb7CF27Ac8d7F1F24E5a4
535,0x0fb1a7c9484063d04B77162028D99d4c445130Ac
536,0x0fd32448db6af8e18A1d5BF49a3304d3f2939789
537,0x0ff379d97444c3e7e8C6b9cE550700385C94f7CA
538,0x10063059b4e8F716b8A6D293DfEb3CE2c5324F04
539,0x10074C3C861cEc3799E699aD4fbff4158924720b
540,0x100B9aBA8DbD5Cc18026F6bD873767fc5E8701B3
541,0x100E35d35609D3e7787aeDb6301658565ADeD548
542,0x100b68748e15A0D646297865F51E14447dAa7C79
543,0x1012E3F501294d3f19f4Aa6ce7e2a69a31bCA6ED
544,0x101A86752dB0Eb8418738bf9066587A137946e1C
545,0x101d51F27938a2886b9790335f976611dF7e5E83
546,0x102d7e1d116084271aBe0825c44571448940391C
547,0x102e99D7aD45ED83484Dc986CD1c78648BD79850
548,0x1033795B0705e114A76939a66dd9C69ef0c40a44
549,0x10395903bfBf4EF877E43f8E6A56591D9Cd1a201
550,0x103D63C184D7A6c1bBbbbA1E43F316B15eD73bf3
551,0x104573f45f737a347d98B660e96D73475Ac35e9d
552,0x104965B9c080D31eF3028D0a04653ceA46d7c4dC
553,0x104B9Fb29ed5B8B63e1fe09949670e558A251333
554,0x104Ed6811e02927db8dC22908B9b781128D5af52
555,0x10528A1C6dD6B248fe881eFB673ec6721499a53C
556,0x105b915D3F47d33E77736bF3C2BA0a46cbB52925
557,0x105bCd766ad45BE0Ea68269a9133be2c8E0d27D1
558,0x10624C31531DFc952e395B9A2C10C23D5b165Ef1
559,0x1066a453127faD74d0aB1C981DffA56D76310517
560,0x106e6a004ac885eE72Fb9E176a44AeF80cccfAce
561,0x1074d44BDd446b224691C752b0e9f85c92C4D787
562,0x107Aa3EA2911a3dC4e7feB9bD8b91e4741995CA5
563,0x107b7bb8AE499eeE402eA332Bc7Fd0F7EdD15E92
564,0x10840C98cD606E21eE130285ffe4ce35Bb08BF46
565,0x108D6D3b9bc80ba27c3eb7606F150DEc6eee53dD
566,0x108f20D2186BbfeffCe45499BEF4E5CbEc2c050c
567,0x1092361f4eAfDC6e4555Ee761E87Ef9c67b9e42f
568,0x10993C16ebFdA38Ed241D9e4D3068069b8253750
569,0x10A1c9B21473A03707538B9650F4B45f77b40a0d
570,0x10Aa95a9A64b4A72af7f26Ea92C737D99D0D5da8
571,0x10B05DD4cf5dECF597bBd831A3C4BC2f9Bf51Fb0
572,0x10B06D2a3bd0437dceB07B49396F50f113160706
573,0x10B26700B0a2d3F5eF12fA250aba818eE3b43bf4
574,0x10BE9778A1A40E7d67728ADfa2f46d63906A0EF7
575,0x10C3A3B79afBFf1a5c54ad28aB29755A062E96b9
576,0x10D6d2e343281D388291A3e02f3293AaEdA67178
577,0x10DAd737d0C6a37b8077626dc9D02CC7FCbB5547
578,0x10E271B9290B95B1993070a22eF36bc551Dd0448
579,0x10E3Ea6E39582556D0728c85Ff773db5BC41ee0e
580,0x10FeBf3CA2a0600Ca6D17d4E1126e1a12e08f66A
581,0x10bDE02988CfE40520E5837714Eb2529EA7d67B3
582,0x10d0e9d5A43D7d51aC09F27fd5f110bf26432d33
583,0x10decDC06EF4e49757fEbBe692fCe5478e381bCc
584,0x10e797d89CD91184D058d0d2972806681Af90638
585,0x10e999c13E05ff751C9e3A5996D20C91f64ffA0b
586,0x10eCd1D529f1d3C35C3deC91547E249a4b080E3F
587,0x1103E01bD85d1f58B08373ed6c555C9819F6b5f4
588,0x110A7361C06B2198c94E96Fb3bB92856d670fC41
589,0x110E883dbC5C1bD084b43C6df3926690F8Dd9a47
590,0x110fED188F8E690E46d83E4ed132f4b4768D8CFA
591,0x11234FAd66768C7baE5C36856c6Ede0b3cF87abD
592,0x1125EB98298663a5bEB13Bc7F2ADA2683473f5B3
593,0x1125fD2c8f6F06C659D07F0CcfD29C30A0ea7e0A
594,0x1138f2c7E2198d6B1d7dE80377454d280F6877d1
595,0x11461e6b562ce9b729AC55260D15F7F9983957Dd
596,0x1148B610abc15447419562881076eF8e577a33E0
597,0x114bB66C2223189B0dB09F7B316557dA72b425b2
598,0x1151c5Eb227c7459aEa5b33A8afB3E33f1993C68
599,0x115Cf6397A562104320cFE5DEadd8698939B9DDF
600,0x115b7cC750B86FF07c927db1c86e1Aac4b0CbE42
601,0x115ca89bCe1f814BEA786b27Cdab4b7fbEdd7847
602,0x116aB27d13bCcaE95819b086486b976D3d8d2a3C
603,0x1174437Bf9c36Fe29624ed3405479282b4f2b956
604,0x1183634e867FF81231CbD0BE24383508684c6672
605,0x119Aa1BFC4203F448E0FB4CD620cab605382853A
606,0x119C0fbe77Db39F01320D990399f984878b43042
607,0x11B0B38dAFfd84cF6aC0C016Bf17143E9b72FB71
608,0x11Ce1C31B1E08057386e735565BE84dE129631Fe
609,0x11D25c03afED099883bD68dcAf22b1EE4F93c8e4
610,0x11D25c6C78884BbF8Ecfa035774a772c15932A6e
611,0x11D30684212f1b6C2f35624b8824545164e62efA
612,0x11E3457a6c6393D83FAdD7857B101a876f41c3E8
613,0x11a3d2016A4984B62A6F4b89Ee312Eb9AbCdA87D
614,0x11b67a503B3B702104EeeF69a4eA1365D0F2c658
615,0x11cc0D792069e35564307A73dC6101F90B92509b
616,0x11eDedebF63bef0ea2d2D071bdF88F71543ec6fB
617,0x12029B3bbCDbe00f01708cF77B0A489127CCA6B1
618,0x12118e36B79b1F3E8984542052C26032325dC46a
619,0x122C375a848712DDB591802371Abec88FD23846C
620,0x123475906CC04b38B4552Ce67045E4a7CD4eABC1
621,0x1240F3354F050AFdcbC0CceE4A69b08aD6C1faBC
622,0x12412786b36ad5b6aBabF33cD820107118eb8e15
623,0x12429F1842c56e2116f93CBD6Cf09418e49aBCd7
624,0x124951da096f2e4c5d364b117Ebe276f15CC956E
625,0x124C5E21A073Fb4694308fBDF72aF362451EAe12
626,0x125750c99Fd0386B93Cc574b2c6181F504B02946
627,0x125Af443B3Dc4125f1BD4946c55612bDc1D3F71b
628,0x1273eF0D368a2e32e4913252E9463E3916691DCE
629,0x127bBc2904Dbb53Cf601782fC12fa4fD633394E4
630,0x12815db29DCCC49F892d403086A3Dc067a6edC7d
631,0x12835CDb3f664dB18257F3B0A9f6913E7AB7dB72
632,0x1287306CA24B9e24f382F77d38ee52d122590baD
633,0x12885833cDd60722963432b0dD094569556Ee1c9
634,0x128e5625e15FdBA91d6CcB1AbDFdC62b5d152b4f
635,0x129D06d55A32390b180c690Da59D94A8f167E3E2
636,0x129d42Ab3aCdA495595B8c333A3B805b66aF616D
637,0x12D5Ed341da214F90296F2C6e61B4c9a0C8479E5
638,0x12E8D550fa47E72F3F6e87984196dD058dB0fB75
639,0x12EE5e0cF62BAB9e3a509dD70A29E77F97e7393A
640,0x12a78bB4FBecB29fFFa271cc4c812560B6cBbBc1
641,0x12a80Da334B73abdF2a18887a1e33362Dec5CFbC
642,0x12cc270Bb2136c772B7e28868D7782Aa62827229
643,0x12d8cf472bb91180A10706f87bcf0343108F38DE
644,0x12ed4E8DA468Eb3E423f6C6B9b505775EC438545
645,0x13074c9c022c38d623DAA3B1f675Bb2434c3e33a
646,0x130a2887e79D88443eDCcE9c0fB280036C4253A9
647,0x131b88E1B9016f74CBbb50a07D36e42F6eB73804
648,0x132cd02e566C36976Efb327A4301a605747F4b78
649,0x1334E3c04f1D412E0170D9c7C1785aF2244880Ba
650,0x1337f16B78b0Ab4E82645FE97996DC9671B2bF99
651,0x133d0238294F00701470e4927d5EcF28801c7684
652,0x134f63D984EA653405eC52d0b38a9B557b8101DC
653,0x134f87F560a160B65e94EC756e82a762C6D78E19
654,0x135074C8f7AB4D0219968443ceb951D8A630051B
655,0x135377B2FA12eb9AD489506D1fEc4168aA89093D
656,0x135997B08B8503c5b6b4660017deC5460b3ab3Ef
657,0x135D8eFed93c99ED9B36D9bba10F0c68919359E2
658,0x135dC3F68e9547DFED20E2276bF4E00055573f5e
659,0x13686046c2Ff821613824db134091F42f0406347
660,0x136ec40775B9E758FD7bA2c586ABBbb738e14E32
661,0x137021db94A98f10B4702035Fa8db42868292f15
662,0x1377CD940D8512730225C01a7071C280721CAA64
663,0x137B4B67380F0F14321C413278FC2393C822cB55
664,0x13889F184902a81d25A092ccb9318da14481e379
665,0x138EEbc2294f01172e116a20496011e3Ee47B628
666,0x13925966e44Ca6d511B18898c97E0E783B9fA604
667,0x139B251A22Ad0424EA4920E0e732cb1EB1113cF7
668,0x13B053f017B6C68e089267Ffc3f10EE92ED95a79
669,0x13D6d188169c3851AfB1fce1C54766A37028476d
670,0x13D75321294C41bD55fCA695c2a0d966ae5a3572
671,0x13E33734bB4FeB5cc3550df381891B8E627bE62C
672,0x13E8494C882C8cCa398381C8c553104a5AF52f25
673,0x13a94D42e6C795343C8cD49748a9139E6F5DFa55
674,0x13bFE28699a7536EDacc80E1959208022B146971
675,0x13bbb69C3C2E4358A1c012E057D5Fe4B56E55513
676,0x13bf00029926dF7A09087d5C6259D018E0FC2E76
677,0x13c329188Ea3398a2DE6095a997f954C89CC7c7f
678,0x13e1F85B9C696292e207d922f1055a1Fa8d54e47
679,0x13e55C4FA200ce2B02BCa74067d77E50E93F1235
680,0x1404C5b9dA24DC27F5F27A2cf4e026B4f1333d93
681,0x140a326464700dF97FECc6976DB1278271169DA0
682,0x140cE892bd1e2e458CE05D193c261eF07E2bf3DC
683,0x140d41ab08f45F31B5e64FdF98BDf245c3Cae388
684,0x1419b2fDf352C0c3B0B48142d746107f30AaCE27
685,0x14227bf97528A72b3a4C7D603eadD4df75D888DA
686,0x14288773c9df9a1b669de2324187f678d7C1aB4B
687,0x142a5a944eFB15d62D75EE81F0D8AD9Bd0AD10c9
688,0x1445D04EC3c7A6AD45d9224a4370E1CF96dC8724
689,0x14559df3FBe66Cab6F893D8dD53F7BFE68DE9C65
690,0x1457FCEdfB8C83FEa2EC84775E2d9F2973D7FF5a
691,0x14594b9567Ec4632040d108EEa4A7b9c7B2bF433
692,0x145B4669042c9117DA9D3552577b73EE85D3dc77
693,0x145b8D0FE270b7BC4C362ECfA12E5F97E6788c48
694,0x146121d88Df01B440a8d7e2d5869C999f843DEdA
695,0x146202F10acA80C309Bd3E009c6e28B7d6c9f947
696,0x146cfcc7b0534A414F6cec2b76d2424B808C8712
697,0x146f10963F0212384886F6e0F205857e9F83289B
698,0x1475c7d34c371A7599024121E3fBaB401Be775b0
699,0x1477ee37f605555AA46432AD7e36FF99B40Ef385
700,0x1486dBe4eCed88B824f48a49e6A8456a465924E4
701,0x1488EC6C55243E7130B756949b0238693c7e382b
702,0x1491A1e1054673fDddFc2f33d112E3A88A0EE506
703,0x1491F2D0a70E381840767086384c9341dAE6ed52
704,0x1492004547FF0eFd778CC2c14E794B26B4701105
705,0x149475dca0FC1f72a611544035e79A0Dfe7AB723
706,0x1494CA1F11D487c2bBe4543E90080AeBa4BA3C2b
707,0x14A6438Dd393b2BFEafcD80dEaA58707A0092E05
708,0x14AB9F431B7D25FcAd366EC9511DcE38E229745C
709,0x14B802407E24fEfFc77B75eaa45c1213e5C0E0D9
710,0x14CF3b37dEaDc154c0715327F3b9bD15f7bAd410
711,0x14Ce500a86F1e3aCE039571e657783E069643617
712,0x14D34857D2Acbcc4955978D863c7dDD3dF27925c
713,0x14E56Cf9e6257475F9B6310ADc98865Fc24D6504
714,0x14Ec9bD201B7d306c1aEFd9e247d65a3FD5012e5
715,0x14aA840E3fC846D09b6726Ab9763cD6A248c6Aea
716,0x14aa8Ea6748c98262c601bebF06AF51a8158c968
717,0x14b34082aCd209d5Cb13206f1944fd2d92Abc9D3
718,0x14dCAe28535C4ede02D0b7eC4d5257f7326e0bF9
719,0x14dc499AB0AB84E0e84F69B62B92533aBbC5CA1e
720,0x14e495f1C792185C4491B2317a02f3C3c6775C82
721,0x14eEDD52b1A303478f5837B54844288768Bf7658
722,0x14f4709483AE2fb65F7FE5E9bF8436f2857229bd
723,0x14f4e32455E394f4d45836B9BEFA524f798C49DE
724,0x14f63324F02426b5E5130fe92350E048F95b2b24
725,0x14fd7D24eBF81196dfd6d3AF740D5024071859f8
726,0x1514CCB6Daf938634475FC2739eC64849d6517a9
727,0x1519a32BafDE24413a73A87E3057DF8E55EEc355
728,0x1530F2940Bd7E9d9E8a8c5EaA37409Bd22dbFB3F
729,0x15339a5e469b5e8108D731e56f6B54999231Cdd0
730,0x15361Fc85Aa582dD3A6476bfDdb07867A15D3f46
731,0x153a4C287B4a37373267052D4eD4A2A8776bAB9c
732,0x154001A2F9f816389b2F6D9E07563cE0359D813D
733,0x1540F6fA70c04E5a5daC6A134D9dD03Abd301B1A
734,0x1542E790a742333EA6A2F171c5d07A2E7794EEf4
735,0x1550318D0bc8938B3Ad0a2B000e00e14747742c0
736,0x1552a2C577645fAB8638A8fB5BcE86FdCE5DcA2B
737,0x156913A6e05Ba112A59fa308ecBD65c5D597D611
738,0x156AC784BaE328f6aFb6403460145BA8B029d3b5
739,0x156F9461B2FeFdECE3B3B1c20311a0758C418b00
740,0x157781d54b98aC8DBE801259335c7d946577Fb7C
741,0x157fc02868579c1dA76890BAb25143E30820ef1d
742,0x158634Ed0D4dd02da960737d5D727170946dcE00
743,0x158B97BFC03aF713fafF7c3687c6611Bf259C93C
744,0x158E776C265811Eb0a5c46163dFCCc916745D5e8
745,0x1593ECB7550D8abDFC41E6d0EaBf92C99528A861
746,0x15AC360dDf2F4DBF6a7150497B7eb8cbdBB657f9
747,0x15BDd87fE60E212C150d18D205766bDA86350152
748,0x15C48645ED1e9D60b8B911DEd60FCb6C42150604
749,0x15D32684BEe19980148B9892bfa86e9EbC452c40
750,0x15E1d94b12d53fa4746702F2F1105B7B1132d0D2
751,0x15F620C5AC01d141c3BaA3b922455ba362A7DA3D
752,0x15Fda64fCdbcA27a60Aa8c6ca882Aa3e1DE4Ea41
753,0x15af7a20BD61A01b954a322593cf786EbD646E40
754,0x15b2B19832bBbe8C8433Cdf9445a967fFf85B2Ed
755,0x15bfcdd8066F92916A67d1f293120d858c4B4582
756,0x15f9963Af035ceeBdf5E4185dFb328578E9756DC
757,0x1603967cdd57B5826ed50429a533023211150B66
758,0x1606B54A326a173792Dc8145E06B6782ED4c9Cf7
759,0x1623BDeb188e7D35FCCc3DC50F431d16A467d4a4
760,0x163eE09DeEEA9DAB68df0Ae49F48c8E07AD54aa2
761,0x1640Bc366Ba62512843753e9a7320420D8AEf6B6
762,0x164BbBdb5996709Fb4655DB794339A511b6FAAC6
763,0x165107CE980EdfF38065261326354C3D6cD809e6
764,0x165429761e7769Dc6F3CE15Fd167E635e21b0fB1
765,0x16547e1b675D5927900920Ab08fCb65E9592cc24
766,0x1654d6b476d59f5054C2E6c42aBeF5194141df75
767,0x165Dc87a77B08b289961689CeC85bdB1c9E34AfD
768,0x16668854dD35B25D3b219Db372cB256Eb9898b98
769,0x166C03b3f6b817d257cEb93fbdD5787bCD9E5531
770,0x16778636db6E793548B5615Fae1BF4020950DaA9
771,0x1677eF78D98EeB2505eC6a7F1a5cf5886EC94c4C
772,0x169487ddD34D040436F904beC89C5eEdAC887FA0
773,0x16A8C4fD1A6eF61746f6606082B31e8438F6D1c5
774,0x16Af820AdFB0098Fc291706dA190Ef469c696d66
775,0x16B98a0B83242aafc7701688225F35cCa17E66Fb
776,0x16F595d63935fec74A3e025220302C5578F1E592
777,0x16bdcFC64Db434632Bc576B7e1E40FB6eF1248cD
778,0x16bfD850A24e85DD5497AA136D751fAdFc9b69B6
779,0x16cCf94CC083AC1680da3392282Dc66FcBD46F87
780,0x16d6e1Fb9329e0FbC5bC262633A46E03e0CC06C2
781,0x16da2f3C7b1497d9c94fcab90299ECA70aD94417
782,0x16da418895c7BF13188F0F36706798708a49B1B7
783,0x16dc6434252036c59A2a18F1244FfaB3C2529D8A
784,0x16ec27C0E861A89C2F586a1e575094469f3891C3
785,0x16f064114Cb546842E1Cb5BBfAe17Fb1D40430B2
786,0x16f665dA6D806760aFC317ee29Ef2feF2Ff4976E
787,0x1701B0D9140BAf051649EF81515fB00C6FB0fe7B
788,0x17080B589CdCbd10EBeaa24cB0096f4BB29eB52B
789,0x170b9F25370F90E4D9768AEf154A7cDa0cdCE894
790,0x170c5cADb50dc163db0DD786C96D7ecb5E24a379
791,0x170e26A0AbDe5f9A4cDf19143D166500b9B08382
792,0x1714322767AeDa84a695b0a08d2D004De217c47C
793,0x171C1CF42C8e11589381f5E4846FFE4E2c7f6D95
794,0x171E0AcF1c34a882Fb2eAC92Db27CD4b6e296D5e
795,0x171E659ABa00c78e0e08c2C5E9c6B58c81199f16
796,0x1721D47e29F3f1b0398B6889FB34c2b6981AA0C5
797,0x172e8559654280FBA49B13cC4E45563467D31976
798,0x17310eb0A564fa861B573826FBE39043Ab1bE053
799,0x173330Bf2F297e4831453269D5E32A2D08013837
800,0x173863Cf3BEfe457cf248857b673402beb82FcdF
801,0x17416778bF46294Fe8A4237abFe2900bc4E3dc5d
802,0x1753758423D19d5ba583e99294B51C86B3F7E512
803,0x1763F1A93815Ee6e6bc3C4475d31cC9570716dB2
804,0x1770C33557Dc34585986770cBD106c4Ac565e6df
805,0x1773aF7e356A4b61f7965a3f870bB0882430a446
806,0x17840106c0d347d1d0fa88F3F7624276de44133F
807,0x178630434caFcc1cf6A92a822c39c3BaC407Bf19
808,0x1787F5546d5D8d7Adc086B29a76048568f0776e3
809,0x17993eEcc0011F326718d710264A01d68ab01A8F
810,0x17A36E8125dc9f407B709C96B8d51f36A87bD828
811,0x17A8c568cf2118DbafC868ee5870448585F3cB9E
812,0x17C4942503Cd58AFC19472686Fb6D0AD08BB91Cc
813,0x17CD920A1c5FC79400C207F3CD0a479BB2123d5f
814,0x17E054C1A0FA4DBeD02aCf02b7B0038eE5aD4649
815,0x17E0c06684018811E65BF0C675590fDcE4Bf1d1D
816,0x17E32FdB2c47B2e46245e3ad25228cd3FAff230f
817,0x17bdC234EE421d0Eac85E21310fb863345Ef710f
818,0x17cCbB5BB5716a7BCF417f001c33cB2C64545E91
819,0x17ec047622C000Df03599026A3B39871EC9384DB
820,0x17fD79F1Ae41ff391Ac006FbC8081043F7299270
821,0x180586c0dc4dCE6F9Cf25cB0665D564DEB5cADe4
822,0x1805e44a0a136B2d0367d71CC1612a15b7455e5C
823,0x180dFE388870cC5dbCC8dE3b5c1A61212b02f803
824,0x181318231f509d58Bd506b2a3bC58F1DABABBc6C
825,0x181f36E61b4c7993b63a0f81b15CD93A70FF3711
826,0x18403ab95f133E2C7E9BD40eCa7d28d44c52D88D
827,0x18442DD739C2787D2c4CBfb76bE15E1F2C0216A3
828,0x18465ee0Fe0d90cb5A65d625D4b3a1cE17B14298
829,0x1847A87a9CAD63E55d6825267B73968878a4e4e5
830,0x184a2EfA325793a297dDC9dBAe55e8216162C9fd
831,0x185196C8C5Dd5729f22315203E09E33c3f7D7680
832,0x187D05B7f672dddc379fCC98F4148Eb433de824b
833,0x187F4db433475240a524a75cAe57b4a6fc36DCC4
834,0x18829e507e072aF3697eD1A33a6d8D53a86f11a9
835,0x1883e96077A7D0ed54429e3d56bc3Dd5d23302BD
836,0x1888Ca6A7401d89eFC6Ce014aF2D44e6E327eD23
837,0x1890f366B08eBd23320758B741B5aA1359eF6F22
838,0x189a90dE1D863b3091090035F4e39e3E4fd673F1
839,0x18Ca14cDFA4Bf887eEB2dD5fC98a947EA43b8d29
840,0x18E603A003E81705250cA52Fc27aB44F23574A1e
841,0x18F0c1BD22D1D8f0AB0621c0d6396Eaff587B86b
842,0x18FD22956fe082B4e6AaE1CB9380b0A887e4F1ec
843,0x18a4b7D5C704Ad69301d689c2f76a71598B4B9a6
844,0x18aD111b2584b55093B5b4cbcE9374C3a0e8cFeD
845,0x18b3eeDadC9A4a6d35905D4A416DfFF239F067d5
846,0x18b5BE29483b436b991A974098DA1832332B21D7
847,0x18bAe1aa548603dF47b29CA3813693F6bcdfe967
848,0x18c91549c5d88D590dA4e08830c14751d5C78c56
849,0x18f7Bfcf90a4316153325705f0d2c12fA2e29C21
850,0x19065A8e312055fBFF595a95Ea0C60423CcDB3AD
851,0x1907992d13703C36dB2fd129ECd201D5695f0290
852,0x190e97Ec7E0eF197a678a5770aef466992C92933
853,0x190f751A26CA3f2440A371e03DCC8dCd8A48EaCf
854,0x19184aB45C40c2920B0E0e31413b9434ABD243eD
855,0x1918Ac49bA5B908db22A9f2047A1D73Fab5201db
856,0x1919B49A6Fe50c6300Fe40c4AcA15701CdAfe1D4
857,0x192968579fd4c07B7f21eAFd91288e19bb0918D3
858,0x193641EA463C3B9244cF9F00b77EE5220d4154e9
859,0x194c1b3d880478509e54C9b1DA933C3ffCcdd962
860,0x194f0330296149a7d9272216BE5be9BaAd0861e5
861,0x19581FB9DbF062ECA4135c1AB9A00168de9bdbff
862,0x1959DEdb63bD70F3156bBdF5e0918382093Dd096
863,0x1959d35B6266519499e7b2eb982e2E6E5cAd76D8
864,0x196349dDA0A92D39A8b9A14Df8B9fA6773e3B696
865,0x1973Ad2dC998d017c59130222B9cE0b1841550DD
866,0x1975282224e947E5C9B0AE9953Ea3Ba28F47Bf78
867,0x19867E8a240284AB85CddEA8b55851212F092979
868,0x1989F6A29F406afc7e5643e29f27FB11980cB8E4
869,0x198eb620149041d14540027501fDfa735480e08C
870,0x1991332F13918170bf42f9DE30E2B58397856440
871,0x1993d3900ffdba309CeC72a5188c7f165eC263e8
872,0x19A284202dDD451c63C1084815F0D96E38FcC5fe
873,0x19B54c88221B1Cdd6Cf8001351947D92df9f5C0f
874,0x19B570af5DDdb8F0f5a15C83d07A1C5153865188
875,0x19B69f41CE50970716FBabA41290249516d7C4f9
876,0x19CfDd073B9DeF7814A8ae45E4F877c43759c966
877,0x19D40F657d3AE23F2a9ef9B45588B9c6C59BA3ad
878,0x19DE7Eb535BE38359eBCD9A6cEDB28917a432dE9
879,0x19Da1eBBF20c632759Dded680b52f98Fe87809d8
880,0x19E38d040Df7E3fCb120614c363470552E2524f8
881,0x19Ee82F9094d01aeEBA99e52E760C07897E0B340
882,0x19EeE23645BfC8aD8a6B00F604E1adfBFBD2423F
883,0x19F291bAedE95996386150f0f5EC23A50C82127C
884,0x19FBBbb27c442f8b4a2381Acc8C0432FD315932E
885,0x19a22b62BbA26B3146D599Be743a2D65BF5acE2a
886,0x19a94cAac083CFe58b1b48d334D46C7C81f4df16
887,0x19b9fBDec7433C811C6F75774852Fd620BF3D6DA
888,0x19c00006882FC1051c00DfA67F298cEA3563F063
889,0x19dFE2Fc8D669FD1e69D2634992008080afe1A7d
890,0x1A1b1504139909F6673951338Ca8574Df3267c9D
891,0x1A1e852f970a231d32271C88162e222A09C1650A
892,0x1A31C94f97C649bC2a8aDbCeb54D1f4a075be4b1
893,0x1A32B5993f42E3dF3E37CBCe3CF270d44A91A960
894,0x1A35832C6Db87868092Bacd02b6e39305bc0EDC9
895,0x1A38E4Be2DBc593abD0882Cb2d4c7CF63E90242C
896,0x1A40c2ffd431B51bBBA00E77FBe7e63F60E515ba
897,0x1A47E5c5B51F5735F67594839eB51cf7bA02b98c
898,0x1A5B9A64189F54BBD3C01335e60C56c027fCF633
899,0x1A5CB0C69C2e607CCb6Dd7FE7BCf394636A4215F
900,0x1A5cC7AFEfdbbEBCA2AEb11347AFcaD92e1820bb
901,0x1A6D2D7A818d99C993d099493ee7eD5e6C193DAE
902,0x1A6a15BF5e616332E742990f34298D2C513A3631
903,0x1A875b2F5cfa6a8bEEE6E59172A89D1D08b1Ae3f
904,0x1A87Fe212028Dd92fe97bBa8E2BafDA2F146bEA7
905,0x1A9117628E25F899FF334D0da326A5CbCE77E0a2
906,0x1A979E39a5Cd60dE54E2CA4E1442c3AB7E636Ce3
907,0x1AE462f82871fb5b7AB255BA74b696560497E002
908,0x1AE6912E08bB3e105a4f0A60f666376D3c7aF380
909,0x1Abc3e8745DF1E2306d3C9d84B2c27602c50341d
910,0x1B18124051fF6617ED4d9eC739F3C72B2de55e49
911,0x1B1C722032b3526c1f1F1CB83E7f5736AddB3e91
912,0x1B58F718937a24BcD00C83059653453eC79e4188
913,0x1B5abe83CD6Ff9a0fBB3B8b0eEBd9D96a764B937
914,0x1B63ae9CDA5155e508b3548D309A09C1FEbdd689
915,0x1B67e456E2D1aAB0f499Ca2e74DDc9528A472b58
916,0x1B718Dd8FDbB4Da9085bC5ed50C5264c3C13F52E
917,0x1B72Bac3772050FDCaF468CcE7e20deb3cB02d89
918,0x1B7902a66f133d899130bF44d7D879dA89913b2e
919,0x1B7A52a8902d07571D4Eb862C0C9e6fA00F7459d
920,0x1B7C595F1701Bb6eeEd17Bc70e1b4a2B998c4385
921,0x1B8baA83eDFCaa40161d04F2BDa51B0593397592
922,0x1B8f18EE0B4044423Ce01e2ecd89621f6Bf1255e
923,0x1B914ff417c8cC7cB0EAd818aA8fae08604f0675
924,0x1B950efC99Fa22e0681d972b2C91A6B894825F20
925,0x1BA9907E3c0322FD056d2056de9B22073c45b87F
926,0x1BDe28ff577c97d63933CF91711762e9cd5CD2E3
927,0x1Bc9CFafEa77d4c0F07D3Ef30a1dFC3F20FB4c68
928,0x1C0219c7ec1584be9feBe08490F46c20140FaBb1
929,0x1C18d07b7612DB0c7EB5b58975cdD997E8F14e40
930,0x1C37b835aee42e6C1EdF526c7eA9Eb14Ec210777
931,0x1C38dFeb831bB2280dE910940bB978bbf7Aef05f
932,0x1C39C305742687Aa8e3fAFa91635e26861302Ceb
933,0x1C4b70a3968436B9A0a9cf5205c787eb81Bb558c
934,0x1C7411ce07Ee24Cca0FaB2401D66ef72b81F83D0
935,0x1C7Fd4656f27Abd9e67b9372177adc922A04c9A1
936,0x1C9d5C89ef49fC01DD6D7Da30C98516f5bAF2955
937,0x1CCbe4c81C287539157e9863643cA4d644A23c47
938,0x1CD919E5625a2604107F20F60ace89A3F7f52916
939,0x1Cb4518f091C431939bd387b1213D29F6Ecf6920
940,0x1Cbfb8e00d7802Ee8e7D52dA3F0a20F1971Dc802
941,0x1Cf40A0eb9562f2a8675149b940B29e082007b5b
942,0x1D0712296eB33e0a3A7E0b6e2E935F01bEc0bD39
943,0x1D0AAbbea6B36bb5b77f14cF0602fAc4c088c1e4
944,0x1D12d09793DAF5eB834C8d29Eb6A039C32b73813
945,0x1D2a9596303f7Be1814c62df359B36133D03F2EA
946,0x1D3643399e5534dd49f2B04F2f0615153bd209fd
947,0x1D3DDbEC5fAe1490c94bB15b6F680c697907f265
948,0x1D50eDf7E53086716eB76d76A82c737EBD320b17
949,0x1D52309477B48eBe8ed680aC066d506f7970065E
950,0x1D527eFb1F1e0B9ACAa82da092B3046a750385D8
951,0x1D823888d86DB9006D029763A539bF8E8b7f3239
952,0x1D8692Ef1fE97e6a3b3D3DDB3931A4e4A2DFfcA6
953,0x1D8D739912AAE17819618e6e33580284C16785A9
954,0x1D94aF25681A1d5a79454080252d51F830350148
955,0x1DA5f91D5900925152E675636d433fc366146A82
956,0x1DB8Fe0F998217C31dFf023617f6d9Eaaa4662c0
957,0x1DDEc896c95cc1c73C3D8a6F123b5064e4bC8427
958,0x1DE9bd77615A3cba9Dad4853eD764Ee48d2fe7B2
959,0x1DF69c5D11a990dF3995D402f248669f96a83832
960,0x1Db383f83B61E5Ab316366c2b1ab12D6D0F25eaA
961,0x1De5F2bB7F251B015446952239E0e9fe09A686dB
962,0x1De8Df56c89DB73Bdb481B5F95770240f2197244
963,0x1Dea30e7bA6Ff463EcA2e7EA9088B3678aB88069
964,0x1E104aB0926C6bAC5d8E95b41a3FC8a2C0195883
965,0x1E15A011e5b62CB2d42E3Fd72f609D43a00a63d7
966,0x1E1e6f6e539F039B27538a407EA15221E7c0Af77
967,0x1E1f3FF05B930131C4Dba2747114eb00E9a98B6f
968,0x1E276BA3D19AdA18CFA1f9B559133334cA262089
969,0x1E307b104306aea81CDF8Ef076be0030aEce2C76
970,0x1E399A33c24905D4ff670fa3c7727F4C347A9cCC
971,0x1E5033EAEfa30332a9f4Dd6F8E23CA387AA62BF6
972,0x1E51C833e3df2BD7824Ca99eD891b9D252Cb131B
973,0x1E535a3bca0638d2074c98F16fE3172Ad2F9DD92
974,0x1E5CE6F088fD0adb4fCFf31Cfb02A61503311bE9
975,0x1E5F7e7A6fc30250C4c97daB1d7bb314F96CE81e
976,0x1E69748eCCb0c622b1BEfFce03224295c88850Fa
977,0x1E815a8188F1b84564577C1c998f7E6B4706B752
978,0x1E8B899D4A04BF81F779165daCA1DA0aCE1c7440
979,0x1EF6469ae019adD8C834cc92268D3A05411bE69c
980,0x1Eba1d7a8ec16Edb10Df83801968eFAD0516B27b
981,0x1Ed11a585747773035c875d59b63b00649C38848
982,0x1F0cC59378AA8E5418AeB912175f0D6528dBDE9a
983,0x1F3826397Ef2D62ce4123dC143B7eE633Da3eE91
984,0x1F4341E7b8aC0d3C4f2228F2a5503C2338a4D6C1
985,0x1F66EbCD5FDE7815295E1a513E2D01066685963f
986,0x1F6D688b64D13e4232FbA88A37CD1Fd771F69dd6
987,0x1F7A20AF62cdd4B242C02F2086BF1441D2d44789
988,0x1F7D8E86C0230DE1503Fa2aCbF5fe0F90fC5E78D
989,0x1F8F604666553C7deCCB08b937e25E54a5B5F825
990,0x1F92fC15bCbEB4dD24EeFbead8d7aeE409f891DC
991,0x1FC6113aF3E61376e3D61C96DF3a4Afd45c2EBBE
992,0x1FCdbf54e7923812512cE364C403d6d635EE4Ee8
993,0x1FDef055E84187BB9116DBa72Ec92e53Bd382771
994,0x1FE057e6775Cd5A5f55AcdeDED8E7872AF97a864
995,0x1Fa4823613Fb2424cbDab225FC1eEfe3Bd293c84
996,0x1FcEC0f5B245Afa2B0ca81A785073d6F9DE790bb
997,0x1FdaF3D9E830182c06317985164519AabDCCD1E5
998,0x1FeD2801aFf009c4714EA90E51425949236d35F8
999,0x1Ff4c6967D07AA5CC7675327059603ea9A2381a5
1000,0x1Ffa6e44C439f05E9C91D563630b53f8167B4602
1001,0x1a054713bF5ad6505b55C6e98640F0e05C39E049
1002,0x1a2802cAe83df105f90Cf58B49CCC5B9a82C84ad
1003,0x1a59C8e5B612bD1CDB1c4F033daE9F2889f9296B
1004,0x1a69fB097773bca569d91c0A547c106E49cDcaf1
1005,0x1a8F1e832E3b81c966D3d9349d8e59dAfE0A457a
1006,0x1a8eD260b711bC7E67e601b4dA3AB2e1431B0403
1007,0x1aA68F05E3057d46cC1e92296a1eDE13aa3004f6
1008,0x1aCC552859f3F946df7BBA2EC23069af8CC8E360
1009,0x1aCd5821cc6857D366A9b08AfF1ee39A9d04c283
1010,0x1aD80984C9BB08f82450731Cce3e21f4961618c0
1011,0x1aEb099414980BB767754fd55C173fFfb24F8c28
1012,0x1aEc17C86022d023EDC04a6816D2F99ab7409038
1013,0x1aad971b96A01EDC5f5E09f764d8A921f4095797
1014,0x1ab9f92B03C5101ecFDde7e63Bd6E4B8c01B9D2D
1015,0x1ac00918fE30A65dCC297542809FeA5eC43CBCcc
1016,0x1ae0fE4a9e3433d9Df4F190287AbA34C3f3e5361
1017,0x1af8ba095A69685844AbAe4aF23A768d1a3214Fe
1018,0x1b0dcFd4C1df4D179e8ef07Dd4963ceB40beD5F2
1019,0x1b123BA1388281a2974C1607aDc6eAc54B37E914
1020,0x1b12F02baca97D1A0Cc1995D16C9689F84eA614a
1021,0x1b3A58d8668889b77b4E6EbE1540F5190BfE3131
1022,0x1b40C1777A80ee97Af0C6da756Ce486EAB7d162E
1023,0x1b7C7aca2f1d278631d5a9867939bA077e18772C
1024,0x1b7dF6B8E0829e1e8cFB9FC301cD7Bd71b69cE31
1025,0x1b7ed25E13ea932D50C6907d78FE12409ee3e847
1026,0x1b8B99E6b60733302039C788F44b21Ed7229D3e1
1027,0x1b90B46F9Bd6BDcF0adDc4D0601dFAD832FDB1bD
1028,0x1bE1C46Ffdb2dfab9dE5ADcD89fe8bD2EaEFe350
1029,0x1ba3F6AaBeBcB3652f499F2A56B0170657A7b954
1030,0x1bbEb819D0A92b0493b274eeFe0825a4a7025c1C
1031,0x1bbf44Cb7c57553AC4eA86f44fa89dfd12ce5851
1032,0x1bd0DD1A6D410BE612a24CDC7818C2EAEc6DdcF6
1033,0x1bdCFD897EaFc33b603BC661bA48b1302041Ab64
1034,0x1beF2b5D795E1d95ad324C6FF12053aC693097D2
1035,0x1bff026A22E1CC46FFAc53E491A3e5591B2A80A5
1036,0x1c32267ABc9CdDF88aAB8Bd8e4D9DC83099B84C6
1037,0x1c75Cf4A62A3A25231bBfaeDF5ae7508116667D8
1038,0x1cE4d3a2905ffde06AAD86536e9b0Ff548BfCd9a
1039,0x1cFB73Bc6A137A3202038eDC96B14f75ED190250
1040,0x1cFe05F752cfe41d9F416f6782e762f56849C555
1041,0x1cb9981A50441979361CB7EeC9AA765EF9F77D88
1042,0x1d12A7c71c64325749BeDe98DF4f26EdB549d542
1043,0x1d1eaafA10f3B37C10b10593A63e588D0cb088b9
1044,0x1d4ACBC9F70Cadd4E6Eb215731B8a20BB848D042
1045,0x1d5E65a087eBc3d03a294412E46CE5D6882969f4
1046,0x1d5c8Ee4bB005731b62E48dEd42f00506d977191
1047,0x1d63c1ad4b19fFF31Bd6a15e5F4dEaB6C6B1bBe0
1048,0x1d67892752217A8D5381c3931524982F2c727470
1049,0x1d7d5D1c5a2e36ecc47a784BE757C6438139eE53
1050,0x1d80767d1C03286843212076333D8252F2044b16
1051,0x1d84E65154C726D1FA5F3C26B139b280Be82851D
1052,0x1d9299a8C34cF8E32857163B1d02B9b2E4205D9C
1053,0x1d960278EDD6d73ce275C455486746F8cF488137
1054,0x1dD57A3eA03ca69C1203f3dCBa21928b33206bFe
1055,0x1dFE295C0450D161F5390e195874d49478507fd7
1056,0x1da75Fb0DA32653Fdab9DdecDb42F2ed61F8A28b
1057,0x1df46555484302C19eC69377ab684576e5288560
1058,0x1e1aa3B677ec24572E58ddfEDc602bDFd87cc7D3
1059,0x1e2EeC1a41f9e0A83288aB67f98bbcCD078CfA93
1060,0x1e3153311E5e42eA37b013D1fC9Ae0a60253DEAc
1061,0x1e32D8B7c8442aeFd14798B297FDa2827408f78a
1062,0x1e4FBbEA6F670C7f1bB87a04757C421FEb8ee952
1063,0x1e93d0ed32c2806F9A48cD3Bcb81A4dd2fc634Cd
1064,0x1eAD854d8aB0D7C952dd43e9f8037Bc93E0c1384
1065,0x1eCB139237F3b81C870AC475e15f0Ef8A3D74B1b
1066,0x1eca32984919A74cAb71caba121045D0eB3e0120
1067,0x1edFB43f135F89971d1147bf395B6E83fe96a2f8
1068,0x1ee69ca740D085A38B46DddC41aaAdbBc928fDb7
1069,0x1eed66Ca7404D3092590BEAB6D49a08Cf94Da439
1070,0x1f02B670dD819bca7984b8B06765CeE54Ce203A5
1071,0x1f0E7B38c5Ea37eDB999A9dB8fdA5E394B500f46
1072,0x1f1c692F772A13dc9FAbC1Fe6ED95736EC3D37a8
1073,0x1f2237c15213920534b274f3236B393E82f648bD
1074,0x1f22cbA297de123dCf007a517cb97721b0736148
1075,0x1f28332b6510B0a4376DCd234b50442c793D8C4f
1076,0x1f2FC9EE909929AeEb7438DE22C426B6A6874413
1077,0x1f36Fe3742Bf1146b319B9B3Fa67f4dd2cf3512E
1078,0x1f3FC7d08339EaC966371Db5E3956512D5c45eca
1079,0x1f495f0Ff177b6DDf972fcB572f9bE3ef97E5FeD
1080,0x1f5Cf0954852A773a7497f18cA90d7aACE2046d9
1081,0x1f6fA94852e416A575252A109Cd93BD1E334387B
1082,0x1f7a91F5d8c8D550B318F799E5d762D874697E75
1083,0x1f84Ca2C0A406b32e083E4E41032FD148364Df48
1084,0x1f8dec5061b0D9bF17E5828F249142b39DAB84b4
1085,0x1f90187F85D1fe79a869E070824ab7ab3f88010d
1086,0x1f9730D6a1b45B76aE2919Cb178160a6419920AC
1087,0x1fB0f05F9Fa2364782ca604f6A37Fc711023E192
1088,0x1fD7DAe8CE6190509486e657629975e10eCFeF60
1089,0x1fDe238b24DE6068f990e374cc8402736c3B9293
1090,0x1fa8BF470512db8c4c73D731e6fEebBf1c89f8C4
1091,0x1fd997c6c89D826e74174F24D2902Cd62b2ca23b
1092,0x20002E3B00800B64b6DDfbDB674887787715D2A3
1093,0x2004E60f61D5c8490f2A20379a90C4f630A22517
1094,0x2006ff3a3A4eafdB14a38aa127DcE8Bea37a5F19
1095,0x200813A5E74782869BaA570Ff5a1AeD1889A39d8
1096,0x200bc46Be9433a09d20946B4f5BDc90e449CB418
1097,0x201aF390aa7f9f2747b7Bf2B592b3859E52aE47B
1098,0x202127140303aE80845F30C1B1Da57eD7A32c34a
1099,0x2032d47a19a9E28193bE1185CF63B3dFA6330eeD
1100,0x20333031E667981d277b3eBc630fbff1E732E975
1101,0x203A7F560c1B04Ac3F4DD77672d7Bf163f0Cf63E
1102,0x203a67b09429d1BAA2c56Eb4C57634E498F07819
1103,0x2040F2f2bB228927235Dc24C33e99E3A0a7922c1
1104,0x2042506134F5ed0442283F754a5dDFc04f6F39d2
1105,0x2043F9d6040eD21C869Fce9CC9738eD9993F508B
1106,0x2047BDAa0D83Fc157F6892C89ce2088B18778bAa
1107,0x2051e794cd8230ab74681543D7964A3F5F7C647a
1108,0x2054FC80B4EA6d08012Eb65192d5F4AdB571e243
1109,0x2055A98E0100d0b487cE5a901296D59ce2F84cf2
1110,0x20571290Fb42f94a414d35ae8Ec8348B2D73BD85
1111,0x2074E0A8F0C0C4E5305f6AFA0C7D8600C7261326
1112,0x2075c58e620F0BA2fF15C1F63e425AD2E4191Ad4
1113,0x20768813b98425A4A3d8A2Dc5aD8A00CFf36B524
1114,0x2079C29Be9c8095042edB95f293B5b510203d6cE
1115,0x208272d7539ACdBE894081c591868C356A303DAe
1116,0x208F27ba5003f330295174C163839F3249eA8DA3
1117,0x209488649eBCF2539358d745a9fc2a892A2A8d10
1118,0x2095DF2d67B1d2Eb71B5AF6bDf09beC261cc5A89
1119,0x2096BcC0012A0F3be1775365bb467A8ab0E3E4cE
1120,0x20C382E1FB146A92E11Fc5690D1847EB83A7e6af
1121,0x20D53E34a11ad96f570D0DC3C0866f957b611055
1122,0x20E13e46090bb00e1D5C233241F45c26B47cd866
1123,0x20E146f3c4CFC40C889A9841C5e5058132c82BE3
1124,0x20EaC07f86238C745B9ccC9332B051182bA160Ea
1125,0x20Eb25ebbc787623c96B5f05B069CC7Ef5aDFf95
1126,0x20Ee15F4f2FCE1c0c909b728f7b3f26E4173Eb9C
1127,0x20F3D2738c51085FFcA0F55da668130882f10E2e
1128,0x20F846b8A8a272be9B29d21579463959d64ecb0B
1129,0x20F8f5c313A64a9D408814561917Ea43ca4fF01B
1130,0x20F924bf5BF8A14992c553579A89e0dE7C9792C0
1131,0x20b8Cd1C4AD5Eb94D180789D607F786FD783b78b
1132,0x20c81975De37616D2c2930cBb0104F8Cf2068288
1133,0x20d77239332Dc9fE091E7C8e4Bf382504F02C7A3
1134,0x20d8b87729c30a956751f09F5001bc61fbfbeF14
1135,0x20e96532D2Ed197e712e1173Ffb53c23F522742B
1136,0x20ed488Ac34D36f6a4661935507Ae3AA39EfF65d
1137,0x20f9ddFA193D0fe2f73d8b7D749B1355eF019887
1138,0x21059B67E6Fba97B918c47781f928aA9b7316421
1139,0x21176E8DBBfd8150f4829c851857c3e8b43cB608
1140,0x2117c37a65aD3c0489682386f7d81d4c6d08B3C8
1141,0x212261ce4A1bcb6966a91D51D6b506fFFB9da593
1142,0x21234E59d1FFB0c8809f424656E21A5755e8C5eE
1143,0x2128aDfeE4fc6a4C444FE8Ee3148E894f87b2B83
1144,0x21382f61e6AA0133eAde37017dbDda7b282D0CC4
1145,0x2146C5e2777034c50a8edE7e4E5B67d132175168
1146,0x214B3D34Af61b3364f724b0B1158ca271F7CfDF2
1147,0x215a0AEFE70bF9eBBd034244EB3634bF9913C131
1148,0x216081cD52771FF3e09465476725B438DF44C58B
1149,0x21720A38356D65AB0029182eD32BC7e34B864b93
1150,0x21758Aa9bc1E4315c19A7FCABC11389DaAef914E
1151,0x2180Aa9E404f3A5D9c67de013aA46f95FB1b73A3
1152,0x218A0392d3608ef79c51987d93fB4C8a56e76C1E
1153,0x218ED937cC38974818a8CFdb7aAef3C8150F71dB
1154,0x219d1Df195C20545d3af88256c2CA4aAe8A940D3
1155,0x21A9ac99bf2C91f08Dfc3181141D7e7CF9065237
1156,0x21AB63D1b785Ef22F0c653da54B7a2ABEf2ed3D5
1157,0x21AfCF1c9Fed75e5347D073A0bee070D9e09a7dB
1158,0x21C985858793022D4C3631435a228496282B32d4
1159,0x21CB62f4E0A46c5f7AEf5eB6f74A478F7E5223EB
1160,0x21E36d98900FAa76e6b31Ef98cf936b10021aE72
1161,0x21F042dd888B2ab3418924C955D107150985553F
1162,0x21FE2885FF61F2F31ff72E4A320ed26047F23DC1
1163,0x21b98f5698FD33d9cB58f6aB8d5ec58E803FCba2
1164,0x21bCbAF0c184FD52D3554Cb79159826F650c0263
1165,0x21c2709D9a4D70EeC05DA4391dB95F094cfad698
1166,0x21c59adEEeb25eff1Cca36Ab5bF082b96e0eF293
1167,0x21ceE2ba318796D2096FFaa38136f392C23838BF
1168,0x21d5E578Dc101a132b1457f8a696E8EEFF97A4B1
1169,0x21ec13aE4b956074E6c4c3DB0E7C86B71c1ef009
1170,0x21f59001e8543fbd84fCACAdE38B1A06274F0cA3
1171,0x22036032e1F6a88F1D1F229Fc983B62De96Ffa6C
1172,0x2206cCe82Ee625C97e80d7e2994Fd8D2bd8AfE64
1173,0x22096F8641a89dB22D0A7BbAf3a79be9ADAfA5f3
1174,0x221852d0E38d2076928907EB5551A7Ff2c0cDC22
1175,0x221F00DAFaD3fED5de439A553DAb069dd48171B5
1176,0x222148E9Cb54710a66b566257470cC54F06759D5
1177,0x22216c68B75038EF88D18A979DfC881B5121ACDE
1178,0x2222feb7c786F79d6FB9dc4dC59d291f0cB43779
1179,0x2226f49EFe9F1b59B0243b54dB33bb3F0B8B0679
1180,0x22374A99a3ac0e0b38eD4765550A0d73387c7F57
1181,0x223F825d570C2b1afec829fab5dB47DF3C739b14
1182,0x22510fe99F63aE03BA792c21A29Ec10Fd87cae08
1183,0x225D7280ecdB9F1F993bfF2F887228974c72093A
1184,0x225c4cfc17d5ee7BF3E682396B12C0F6A7709d7d
1185,0x2262C75095f22f7403286E7D53442B77016e0767
1186,0x227486874F19E984C263803C446193b07A11b8f2
1187,0x228Cd0e3b06752F19D3bB91f40D75DeD7aa5159F
1188,0x228F067e8181EF1Fc28834c92288b7A143EfA769
1189,0x228c1334fc57Eb6E02EcC448E749a041124321c1
1190,0x229B8c0b41952d6b8323C6503dC717873c4b657d
1191,0x22A2Be56ff2FFd58A479E6052f9812F3356fa496
1192,0x22Acb809d08aE7c79F0b84513EfCE0577acFE514
1193,0x22B1Eab2f5ecfd930e68E3D659Ca017b7112E8c9
1194,0x22B309f8B14AAeEE82308576BedE7582D55857E7
1195,0x22E86ab483084053562cE713e94431C29D1Adb8b
1196,0x22F2DE7dFB490Db9dc65fE09e50cF63e5c167178
1197,0x22a84F2b2164a49fF75462392E03709b219833e7
1198,0x22ae84773829F5F773b9FA895fF67e31bFafEF43
1199,0x22b909896bC8d18851A0ff24F93cA3010C63D2F2
1200,0x22dC1E7d45930Ed328dEbADD90eE3e161D91985E
1201,0x22fa8Cc33a42320385Cbd3690eD60a021891Cb32
1202,0x22ff9dD792A36e4B96FadDDb66091fF68a10a837
1203,0x230E40305BdbC1fEEf54cE9E787aB20B06AF41C7
1204,0x2317AB974Db5f75652Fb22Afd356AA25DF05cE33
1205,0x231a19C04c6B314A395c915fFcf5d49e1E95cc34
1206,0x2322824c053f0B58E5f0e4c46E05AfE00059E0Dc
1207,0x2322aC6e94110C5C902ac20CD6d64da07A41a3E8
1208,0x232725b64fa01d7ba4C79ae68E28d004715d33Dc
1209,0x23294177AAe9edd44687aE5fE59C007EB7b3c3C8
1210,0x2329d6d67Dc1D4dA1858e2fe839C20E7f5456081
1211,0x2329d6d8501016986dA93940C47Cc762861ABA3a
1212,0x232C0556fD8aA17e04A0deF88808b2f046f8ae18
1213,0x23316F6638e17aE6B5827D58863B600a35869716
1214,0x233354F2b0867891Bb6dA952Dcf1db089d349EFf
1215,0x2357DdcBc0D38E74D0d2558b09eAcBbf1f87611F
1216,0x235999076CC9c67d9C8fe5C2335dCC9919CA88b7
1217,0x2359E4A1a1aBC120f55C6B4c88194E09aD98C9fE
1218,0x235F47af25bF8b356D2b1c42e07dCBd5C4a4329b
1219,0x235c2415005049681D6F2448b8c3ED6f6C2E90cE
1220,0x2365A9edC783C34Ae701f691a5b646DB0AEDF000
1221,0x2366439d5Ef5A02375ab4B22E1b0b09D18FF5F01
1222,0x236b80035D29CEd2cbfff51ea79225FBFFE537eF
1223,0x2371e3710a45e29dE6075255c1C7b0a9276a0375
1224,0x2375AC2e31beE26670719956c624851972164175
1225,0x237618dAE2FE59028C9EA8826D7A9db61a03AF1D
1226,0x238199A3A1Fd126774DFEf541E0FA7EB7FfEBA4E
1227,0x238926025E84475e3182774df480021470f8F978
1228,0x23915573235364179bBA00d22C4Dea1286182eD0
1229,0x239Cd242A4F76931b8f6Fcff667C487C1DF5f767
1230,0x23Be060093Db74f38B1a3daF57AfDc1a23dB0077
1231,0x23CE9e4d3e0cCc0CbFe5aafA2519739823a1089B
1232,0x23Cb5467e23AA967F7864a018FF862D35d52eD5f
1233,0x23E3DAf5b617e620e9b41f48513dc5F4ea510e55
1234,0x23F3213E8873a3E34d90855006b79e05CDc8835C
1235,0x23a096DB38130E8C2132e0b362BAea5AD261C85a
1236,0x23a3E5c0a33C98cDc41DB8A53Efaf5Ca60b6C772
1237,0x23a942D0184B353Feb5Ca596D77f4Ba88fBA9c65
1238,0x23aE07851bd347cC1B4550253940A2774d1E76Cc
1239,0x24085D7805502437275bb8d34d4b7Cb57095BdC7
1240,0x2409A1CF4aaE5b44fbE67cB3Def644aFc450Cdb6
1241,0x2409E63BE7C13B71ff9690aCad1DDc04c92a8006
1242,0x2411b54FA59b484864B6679Dc553704Fd4820730
1243,0x24174AF3519358D2A829D19669D3927128A36edD
1244,0x242511f8E107b388b0FaF745735d6BE0C21fCBC5
1245,0x2427C55Ab123626D03cb47e0ceab96E763baD655
1246,0x242D96508bF41E152739280A822d707d99C9b876
1247,0x243e7BcaC9dE16B688943b835662293C257FB527
1248,0x243e99b6efbD0c21Bf134361CC35C58848C80200
1249,0x2447A7a7F03327B5410F2067413E5b208B4e8B26
1250,0x2457bB1c0D80596A036B4CD1d3B52AaE9ff74A8D
1251,0x24650E40Ea9114213d0041060ed30d1A672F92b3
1252,0x248475C0E9810A4F558BCE4c718aE50A989Dd55e
1253,0x24847ed6fF4896ce61A011476e609f1631c37221
1254,0x2488f090656BddB63fe3Bdb506D0D109AaaD93Bb
1255,0x248a2b62DDecc51Bc082339dEcf2362746e61C2F
1256,0x24963a6AeDcd2c40C4b58a7955F5fCe69262Dd50
1257,0x249a9343f7568E59e519F19f31dC1308D66e80dA
1258,0x24E96c09c992cB17B7736A7d65349a3c169f090E
1259,0x24ED7409Cb9F1ADbE5B83C86a237049DA6ECA675
1260,0x24F4d9611a3B87FCe3FCC1B1020BEF6716344A94
1261,0x24F5eE0991f95328Bf74b682F6faD54CFF9C832A
1262,0x24F8bBE5FE2b6466E367ab2462B8cE40bdE24788
1263,0x24FAB9c12519833C0d0f69C4DDe0FC9bA307C635
1264,0x24a3bDe2bd95Fe4C36894049E34501D340d9fd56
1265,0x24d2780E20F7c2cC8541Da6AD65F8595179C2701
1266,0x24dA1c9E788F46d69024E786C06B40D9199F8590
1267,0x24e3dE7a5b878BB0D7a50437c59DB187F54fF53b
1268,0x24eD0FC5F7Ab884887e79160694ED7bDe1ABb6C5
1269,0x24f3c1a1185ff81cbB8e56c675590b8Ec2cf8e9b
1270,0x250177847824305cf5a1b989AA4609ab6026015e
1271,0x2506490718E2f14aee669CF001B3Cd13cB70da26
1272,0x2506c6D15F2b847cc8DBaBcbC2Daf8Dc1375AC8E
1273,0x250F3a18710d75f272b8cbe0c4d35c3FbAB09235
1274,0x25125E438b7Ae0f9AE8511D83aBB0F4574217C7a
1275,0x251Ce9A5A44F5A186636d9E22d6d86b8F35A2C2E
1276,0x251dE1Bb429878983dBed238F88EF5DD53641E6e
1277,0x252378Dd762da1EB778e1a3B6683f5457184ac98
1278,0x2524DaaAF3D59AC5290F6c36D989d9e69a545329
1279,0x252BD5DCF0AAf25F3754b65BAC25a891321F02c6
1280,0x2534D237DE522f3077a031ebAF68950DdEDAbA68
1281,0x253e1a917A331b9772B55cd7a03F648D10ab53e6
1282,0x25409515EED537A45D726e33745866A52411B110
1283,0x25420495204bA16473a3367d4DcE0FfAB8A9c20b
1284,0x2544d62dEe4ab7C6B69B0a8ff8A25708d5a9A8ea
1285,0x255072f906b101501f66a15a3d5E4c989523c5c6
1286,0x2562F7DA221e7A9048cab6eBdE45e3aCFff80244
1287,0x256f116Efa1Dc48400B3E0b61CE843D14A31e1F0
1288,0x25709925f38440888fe82f7fD01B27A655B48F8D
1289,0x25729a66D3f954C0c920b79F81a40018D4F64Dc6
1290,0x257F81E123c5979105d9dA600c38e6C639E6cFD8
1291,0x2587b82c04a76cde0D8051beF1A6daa1AbcE999A
1292,0x258c7e2371E0b09852E681d8B8dc226fd8Dc8b64
1293,0x259c1bE0991D2DD926e574451a816E1A9Fe528FE
1294,0x25A937B826E5C4d295DC83955a2b689456bcfbBa
1295,0x25D1D84aCbEEf7d64caD493aBD0D1CaFd503462b
1296,0x25DA30e0d4E2d4FAa905BC4517CF764b5AFD4314
1297,0x25E286d5e1B9930D504fb04DD360c1d2fC2fD2E0
1298,0x25E6f3E429aB5E859D8fb63D40B1215eA31e9A5a
1299,0x25F633edCAC5d069d57B053b1fbd190C185AFE7d
1300,0x25cFb2Ac8849A2E8DC7bBECe7BfaD99DfEE15519
1301,0x25f5DD4813276C0314825818C11F99C982363688
1302,0x25f8Cc6C8c4af1076a38872C8B110874Dcb144A8
1303,0x26014FD8980089569C81262D960AcEFaC0218827
1304,0x2603116772fC3c032Bea1cd618B276Ba60C4fdbA
1305,0x260EDfEa92898A3C918A80212e937e6033F8489E
1306,0x260ac2ff4924dBbD8069313c5A2AB8b4b31D600c
1307,0x261BDbE8325f7Da444c5d9a538804aF2a5589535
1308,0x261E1fbc2D5c7200De55289Dfab9EBBC5fD585be
1309,0x262000E1cCC8aB7456D7FDDEEc3F6C280F157008
1310,0x2626Cea6F77C09b14c8Ed28f24678523c555D5cf
1311,0x26273e65aab399b7a2F5Bd081F4569515EfFd050
1312,0x26414434a55eEFd10c5897dbd873ED02cdFDA0Bf
1313,0x2659800F385089D3dFf9BCe00a3e0DB552f46535
1314,0x266557ABC87afD40582fc535fbb677Ae5B993Ea9
1315,0x266b9Ff2d42C314cDF59A846D367dBC035F5e98C
1316,0x267749CF2e3fABE40b9761d5bf3745d98Dbae084
1317,0x267aFd856D6d6CaCc71bfa8FD04F3D319AeB8d95
1318,0x2683324c76B161DB0687d6d8d4B1F187DD98A9D8
1319,0x2692b50Bb738aC32E6aBA9394CE66974874301ba
1320,0x269EA4CD75A8EcabfF55E47A34453801E412b991
1321,0x26A8B1806191777c1632fa4a04072C7b6EB364CE
1322,0x26Bd0DC2c34cC274AB1c1139816677497B6022Fd
1323,0x26C040de61dfB5dfd93F8Fc13315862E8F4411Da
1324,0x26F38E36d2Ba44eE5E7E35655be72852e49Ea04c
1325,0x26F7678429ad78fBeF8fA7f933b5F472FE74607f
1326,0x26FA93836C41aAe6409BFD6113F72b01EAfB9816
1327,0x26b11a2497381ef5e28BcFCF881185791Ba11A5d
1328,0x26d13C17659e1305344eE31635B5A2b72e94d82E
1329,0x26d9a48e9b7053CD9A5872e162d78b8a49144a93
1330,0x26e924446a575B2fBF2d4397FDC65a264b530E12
1331,0x26f106473969F7fCB3de46a953F57471AB9b33E7
1332,0x26f926F8155B73D06662dcd994D7FD150Ec9Bf2e
1333,0x26fC9aC9f8deE5A7EE046a0a844654016AB8Af50
1334,0x2707dbC5804147990D6e9AE87234Ae58fcf7a714
1335,0x270A6aE0aF46341e11aEF12e6aB5B5bDB62682D4
1336,0x271B9a57AB1b01A43B5b267c0730500a55cD6B62
1337,0x2724e6d6Ed1C7C9955D398eB31541e89AB443459
1338,0x272dF3A42405f87dAb0958623c1B2f8a5Ee821a1
1339,0x2731193bdaE16290A60d6826d6b6d81d8B3eA1BA
1340,0x2737A798A5a2E5A0e10512c5C0145F317398DBB4
1341,0x27388bdbC5132d8348981C7f68a86326e4330AD3
1342,0x273F38f0339739B73cD1802b4752B24339D5F748
1343,0x2744B43bB4CB05B6e51265Cc674Dc39798a863F7
1344,0x274d9E726844AB52E351e8F1272e7fc3f58B7E5F
1345,0x274f83434Ae3c8c61E8d1b2BD261eCF1Ce28dcA7
1346,0x2750933a231626Ba772FB3d3B092768A7665D990
1347,0x2752F43dA38C226f60c0e8Fdea44A6c2F5D36831
1348,0x275E1E746dA96d83183DA4Cf3A080782dA749d57
1349,0x27639DaAcAdCF384b264eB3cf51C330fa754F141
1350,0x276F4dA68cf789DeCe07b0d55844eac51a606541
1351,0x276f03B999eC074C2EC925F303D13106EFcD3D73
1352,0x276f6E63a60A794866f13fd86C748972F83A2E2f
1353,0x276fdb2995aDA85742b54FD5119c487751ce1f5F
1354,0x277CE7CE319e8aA7DB17d5784F5b24D36579Bbf7
1355,0x277a632432c3e026D5753694F42c8B1590cCc744
1356,0x278a8453ECf2f477a5Ab3Cd9b0Ea410b7B2C4182
1357,0x2792BcC0f52158Ab0b8fDf8866Aa4E9FD5F7EC43
1358,0x279920c8Dd8Deb29f97Ee58C40671A6a2fcd1bdF
1359,0x279d81C97BC06e124952362B297005F11Aeb153A
1360,0x27A0f68C5877c3F2a05575e7E4EDbbf4c7695FB1
1361,0x27A3deb48Be91537E19fe85497f92C9c8c21d87f
1362,0x27Bf886d6e2Fa5B8676C8EcC88A92dBF6e781206
1363,0x27C09B9068c45754D20e95FB0efECb6f0e1Ad784
1364,0x27DD95354332E0098D21Ad28ae52CDBd0C23a440
1365,0x27Dd5747D456C3E5D9CbA08C7FedC660f03AC6f4
1366,0x27E352e6093e3E4db8C31459286473875F8d17D0
1367,0x27a505d0DFc2011b7c7c551B21E9e527F4dF0e55
1368,0x27a9B983f33D86C1b4792d6cFF623aFC7B21b71a
1369,0x27b183925448D1866Fc5b3246Ca1c97492179Ba4
1370,0x27beB5051767A0825E6D7402C8bec2c14836625d
1371,0x27c11b31Ea0db2c5D013Fc0748BA4B2544FDF2FF
1372,0x27d25e22A92e03c917236319648831655F0fF302
1373,0x27e71CEe27edF80d00F84b9700E559A59124bb8e
1374,0x27f58415BF431a34790826335ed10F780DdDA7D3
1375,0x2800D8f97d54b283f782Db3b005Ad8333c166b39
1376,0x2809eC6DaDBcF682D1C0c995b4BD8c51AfCB56a9
1377,0x280BF69d522BbCFb3aEb138C59D85A16e449057c
1378,0x281190062fD1aA43D449d8215bD27e19E63928a9
1379,0x28175de4DF06a1EBC629262e745d5b5eefEB02Ab
1380,0x281E2AA4afA882b32b4a7e5f0DC37C26b67e07B7
1381,0x282173335ae1F328b34Eb9Acadc052E59E70A89f
1382,0x282742940eE0b7ed028Bb48052Bb4922282234dA
1383,0x2839F8C9B95F1fF87A0AafC178042196bD770941
1384,0x284442b42A877929744afc90dC8826695825AdbF
1385,0x2848b9f2D4FaEBaA4838c41071684c70688B455d
1386,0x284A5Dd5B0e0D5Fa143E62c56Bc2c71ECf006E32
1387,0x284D96f556aCD88a89647D1a76298bc27C30184f
1388,0x284ce1EdD5D0E28f395E65531C59A9769ff0f106
1389,0x284efD2654da9e4a346Fc5cc5a2801FfFbdCb82e
1390,0x285185692c524fc3052e1706e0b400428e7F165A
1391,0x285FA098c399061976E12D5fb9A619912f7b3811
1392,0x285ce8250BDA19425cafe86297Ed5A08bAc5d8e3
1393,0x285f963B82Efb8b9F5Ef31229c7bd66AF6cABe30
1394,0x2868CF272E533A08f5120Cf73e2c969C24Ac777a
1395,0x2875968C02147188c68c719362D9E781a34444d7
1396,0x288457a12496cbaF6e51Aa4F306dA1DC6ddeBF1D
1397,0x288A672D314fF68a961E49A4786DB0f63d25a5A3
1398,0x288c3020463FB2cB295130E91112877eA9D7aC6C
1399,0x289c23Cd7cACAFD4bFee6344EF376FA14f1bF42D
1400,0x28A3BD8E7880fA39973b4a3425d4d2E0a53C5623
1401,0x28Cf164E386c77b3A3a881042BAbd94721228930
1402,0x28Dedc7530977AaDf9002d6aFc1005A9123c2F31
1403,0x28E7a475ad492d5f5130c73cF8AeeaE85fd79e4c
1404,0x28Ee0A1c5DE93D9571a14A3C82ee416c6c3c79d6
1405,0x28FFeb021509f05cf44e51F004D373dE99957B93
1406,0x28bA34a601bD7b229fD51999BDDED015cCcf3c8A
1407,0x28d9420e78aB7b5E386E144fda09Ba05b5820C4E
1408,0x28dA4c095F2111Cc57dD27b8B6aF60BB5b18e769
1409,0x28dB92FDF955eED69296B1F2e2811B701d726618
1410,0x28fd7714a0AEF4F878fE70f059636F2Cef7e33EB
1411,0x29033B001dA92E7577760bb05e2C78210f1D13d0
1412,0x2904546f4C2833bD02FFf810A07763BA2Ffe0a42
1413,0x2917c2459af0ec88c0Dff4b765951De8dA253cF0
1414,0x291d8C790601DFAcc8cacE93a1Ca4ac7C6a1250d
1415,0x29221b661988Daf59f3E4f2c4E06F91cCa59C95E
1416,0x292515d1eBf861ca5c1E0eDFD45FFA87bEe3644e
1417,0x293E50F67cc78A702F1504556438854cadc1E7D0
1418,0x295780C7e4eb8CEF69567BB94b308C4ee67b7624
1419,0x295A02a6E8c030DDDDb6748e47d88ecEfB2c46CE
1420,0x2963Db96bf5102CFc583d345594d453F0762e041
1421,0x2964376B7e29Ba2FCE176231ACB95F0E02e514Ad
1422,0x2968397acdcb88cB1eA77A2e8ad7F82301E8Ce3b
1423,0x29687E2a2b38bbc1f4f9069f1f24F13a3c83d27D
1424,0x296A916c3c927Aaf8E64f31346b1aBD0c58F0309
1425,0x2970DaC4d835eE378f029482572CC8164BAaB7e0
1426,0x29841AfFE231392BF0826B85488e411C3E5B9cC4
1427,0x298aFe764cEaDE43bA80aC4390195E8D9451D6ef
1428,0x299f3aF6958c7921a7Fd06C6b233d99bF9eC7cE5
1429,0x29A31e68a5c3b052Ac04A663f1e60a2cf184FF53
1430,0x29A44B377E97d7c60f9F94C605F4a1054Ebd0CdC
1431,0x29AbdCA3472890a65244FbB38C3D1e7e8C44497a
1432,0x29Bdb1B1d9c6Ef658724Ac9F4d8C1a7645F5787B
1433,0x29D52B2d74C700015927f812f870777C9cf69FE8
1434,0x29D80C9A4Cc081d7c4Dea8D50d308396c6F75A18
1435,0x29F0908d99C7cC8D660036e9513078cD19E9bdB6
1436,0x29F2787f1AA3122bf3126d27d5a4c5830aDad358
1437,0x29a29DaDC5206a93954BFADCc7Fa0a85D04b8665
1438,0x29b897BD20822E52AE32d900a685c448799c00a9
1439,0x29bd3f0135e40bE0a9171Cb3c3994E5DCa8ac2ae
1440,0x29c11BE4a70934195F1E6006E197b75F09941eCB
1441,0x29cA8864a705420CaEa32F839096B48516425457
1442,0x29cD4890238AAB9a10aC4F105535E8404d6b20fA
1443,0x29e66AbB6B174bC891957CBc2BecBAD7A64Ab5a1
1444,0x29ebEB24c24ACaBC59bF2fE416b44aBA782c5B13
1445,0x29f482386B6B5d2caE68E93570b011697Ed4B3D4
1446,0x2A097805c9bCA80925b840B5C42E482ebC8C985E
1447,0x2A15B8Fd094B8d2823ab746514eD647e5c8b3A27
1448,0x2A223F6109A036727AE303857F9BeD239A4a53d3
1449,0x2A25Ea7f6f6e82957e7ca223f229a3B4516A8579
1450,0x2A310cF4f3257C2FA708a1b92570DF8EA46EB80a
1451,0x2A396aACEacA357071De41ba9821F74EdEf42664
1452,0x2A3be5B2447B36bb8C268F5DACE810a535EB1E77
1453,0x2A468A17fa26f3E4a607d022E87301d064383D09
1454,0x2A48a3CB70221cAeb782A25B701F6CC2EC811bA5
1455,0x2A4E6c78F12333481a6d932bA526eB56bD64f008
1456,0x2A7560F6B22d0b7C9D969D001C617013Ab899Ed5
1457,0x2A9d12a4D9C874F12044424A6b32dC54a40ADB77
1458,0x2AAaE03987dAf90967B0cEBE0DbAa0728177D0bc
1459,0x2AFaB81b50410596Dcf6c290F1DC8344518E9970
1460,0x2AFbAb33440ae3910d1a1A3F631DAFF85b5318Ac
1461,0x2Aa04c4c27BF596736902020520490896DA661f9
1462,0x2Aa26cbaEC4Bafe48238B987F599FBB95196B1E6
1463,0x2Ae75dE89703B7FF2Ef45f8E298d59b2f33EFca3
1464,0x2AeC52e17bB0F8303a1F8fA593D505837c5A01Bf
1465,0x2B19fDE5d7377b48BE50a5D0A78398a496e8B15C
1466,0x2B29EAa2230EEd073c29E02436BE28Dc8312e3DD
1467,0x2B2bB45a7766782F683292a57B589afb89295298
1468,0x2B3A8FD6Ee676E3CC058Da2aD85fEeA6408A2045
1469,0x2B3e3E467F671739895F3f674bba581ed3F488C1
1470,0x2B467A6a63D28375e4f213b5513B1fc68f3D7Da8
1471,0x2B4Ba785c91aD66Ee0E1ac4a145F304A1fEeCA19
1472,0x2B5A1E0A029111C87D1b880f08315fD8BC838d8d
1473,0x2B5E29CEcB56154631fF838BA5Da5eb36B0E5B5c
1474,0x2B5a2b94050DC08f61207B1261433Eefb9EeD85d
1475,0x2B6950502D62653380454f3462648527C561F9F0
1476,0x2B6fcFD2dbce7C962De1e615ACfefaAea1DFdf94
1477,0x2B70891209Cc41Aa3bb608c3F9c3d64C2d284269
1478,0x2B774AE83B165BFc48f91004c4AE146189d249aa
1479,0x2B8224Dc83ed1827C53413E046aAb35D24dcf599
1480,0x2B83aC024B0a4Ba3f93776Cacb61D98310614aFE
1481,0x2B95241eBf10299A678726fEfea1907870F39327
1482,0x2BC6948869d6ec09d39D7AdE28d6Ea2d2F84eC04
1483,0x2BE250612790d1DF5ebfea46c2346654CD7A0Afa
1484,0x2BFe66759f0331066F3E7D57b3DC9a96bfC17927
1485,0x2BaFB2c696A78ed3c7084c6af715769455ce48fb
1486,0x2Bcf3644CC5FE4fF1B62979a8c9EF73394664E4f
1487,0x2Bd54BC94086999fC02918962ABdc5657A378Ba3
1488,0x2Be19c1B1A8E48d3991DAA87E996F7d38747f93b
1489,0x2Bf6ec5e66dE3D3194b5CB74a95b8aC13d2a33f2
1490,0x2C137A52D6D0147a3838278B96CE9d2131d337D7
1491,0x2C244aCFBF9995c06cd3379524dbA77a58EeD138
1492,0x2C371D5C0B98370B1ca88231130fCc5ed2967666
1493,0x2C3dd65e94f97B2A25239EDDFfD2e192c08769B8
1494,0x2C41319A9De70a7981A5071560D6913A9628dDD9
1495,0x2C4fF740C5Dca12F4a133DEeEAef8e6397796995
1496,0x2C55f9BD3eD89587d3718D7eC9F453ce3F5Deb5c
1497,0x2C624272Fa0566141B2571361b5A8A706bA173eA
1498,0x2C7493EB9E275FDF0F6673cf0a7a3574bbaE694D
1499,0x2C76aB9dE61dFe739f4E62D835A6A756A465d094
1500,0x2C85225bc955f060eB5020cf46148c3085B9044d
1501,0x2C8780c16d0e9b7Af311Cf6E09B9ADfC39856C7D
1502,0x2C92Ee14192d372ffe4a444FEf342ADc1f873AF8
1503,0x2CF77e402552355CeA032130a3DFA8D412f98C06
1504,0x2Ca1aCC5474f284dC405F2c7166daEf93CAb11c1
1505,0x2Cab3506aD7Cee6FE29f3A4695f69488BAaD98ec
1506,0x2Cb294C19d803c6758e8AA70aE5FFf50F67B5900
1507,0x2CcCC4b4708B318a6290511aac75D6c3dBe0CF9F
1508,0x2CdA0400b811b652f1e8541208160b9e7Bf42E8f
1509,0x2D04589167d5fFD21ffA83F8B9D8Adfb6FfBb53d
1510,0x2D0CddBe1591195B6BAe5F69f0a4b739225D9408
1511,0x2D0d2761d901c45C5f93Fe20d3F77009489346b3
1512,0x2D1E16c730FbF2555AfD8c7D8740f84ac867aFAd
1513,0x2D3f6Cd58811c41466bbFf202df5635Bee669cE5
1514,0x2D407dDb06311396fE14D4b49da5F0471447d45C
1515,0x2D4C38d80914084D90C55AE6622eB7859Ea9AB64
1516,0x2D6141De64280b2f70deEdE7117C795B271fABD7
1517,0x2D6B114c77F3355F204c37F657c680157e85dFA5
1518,0x2D9F9f7862a8E435D890f487A01Ea15eCEB6c6ef
1519,0x2DD8de7cFE9D34a1D03311a6231154C107AF8C88
1520,0x2DFaC7eE2f5AD6b279e324Be2856BeE149e61899
1521,0x2Db9A0D9cF237864478a9e9D46BBC5370EB5C619
1522,0x2DbE379b1F09116Be065Df4dF0E607a2255Eb79c
1523,0x2Dc40771B952c4F5a3824a34dFe9e1b725b9D2BD
1524,0x2Dc6ed3584B5DD0B5839e6D269a75A098162B282
1525,0x2DcAaCDC9325C238d44bDd4Fc167651f006dBAE3
1526,0x2DeAb169b20e8E6696362345072F56183948eb2B
1527,0x2E096917581b58b910064439F0C981a004A56e09
1528,0x2E1E66be680a3Ae533366eD66B89e6E772E060DD
1529,0x2E23d4225B4B01541e52cF23D1E158F86BA20b15
1530,0x2E4445069B0a578bBaB287D97525640045000507
1531,0x2E514978a84227D04625D560da4D33f09343D122
1532,0x2E533062abB1Db113c1E1C75f858A525B1a6CC3d
1533,0x2E701af574a93AB94B3611179Df5a430Ee1C6212
1534,0x2E7543Fa844354F17EcE9aE7049bF77745E460b1
1535,0x2E973bc711e1D50508938c8B66D5aC4398Dbf29C
1536,0x2E9B53B212016fE8dd2569DF94Fc3E7ce0dd9f3E
1537,0x2EAF3Ad3538726e1A89dEDC08B443E2cCF242fd8
1538,0x2Ea04D2b278B1c847F9e3A3688C6B3E8367Ee39a
1539,0x2EcFF5451889948E422e20300184FD80A2Fc4913
1540,0x2Ed0Db8d2870cCaC48B1693b9efE4341fEDAeCb1
1541,0x2Ef7CaadDb6d60A43aFEcB14972262Ea516f7375
1542,0x2F28D7E401D6616CEFDC8cCD3290Dc41B7EDce27
1543,0x2F2F665974261C4129b1DC6c359BD259CD66f78A
1544,0x2F31FC2FeC9878c28517A2c0f75Caa55FC9214e0
1545,0x2F39160Df03e0Ea404C7eb59c7ae1296040d2969
1546,0x2F44d33E1e1178b81a3D313f2334C64d3161eb29
1547,0x2F4D7eCf5d7FF547E0AA20E7D98958c044CbFD8F
1548,0x2F573a409666730Ded9C02A843ABC13c2b357e00
1549,0x2F6240f90bd9feb9Ac13f2874dE3e3e62358A88B
1550,0x2F6f5C852094B9d60BE942Ac87603BE5fF451E49
1551,0x2F7b7b0EA9b9cec865b38600551E6eb51014dfA3
1552,0x2F82Da0D23ab6A0d27a0dCC92239593995b7C7f4
1553,0x2F8a68D36b3FaB1D2e282a323f5FEb35abDFA90b
1554,0x2F92Dd1c3c25Dd02eBA81b9aC1D3C46400f2230F
1555,0x2FA2FD057e73C22264C52ADDf5eD9d520Fe01f4f
1556,0x2FA4e80b8D39F29F5eA746bad3c1840Fb56cf47b
1557,0x2FAf55a544c5F73666438BC185aeCC9D685E6E3C
1558,0x2FBc3eF1906D098cbB34fcA099095f9788570327
1559,0x2FEB12B34a09Cac2a518e51E4044A46800eE8cA7
1560,0x2Fa9c2f0e50800FB9A826b0a3cd0383df1ED9ff8
1561,0x2FbBc21455C8A18A44C951f6A576Be81DEf91989
1562,0x2FbC094ee815100C7673Bea1861298e7fB6029E9
1563,0x2FbDa8ca21bb8482E8426a1Fb73511AcE2B9E977
1564,0x2FbE84b85b1f05B29D39b277Ede94537484eDC7A
1565,0x2FbEa2829b51fF4C5f202beaE970075847BAABa4
1566,0x2Fd39f03828dc7a7BD208d1A644576D853FA9986
1567,0x2Fdb22d05Ed9C55616e802bc71C61810B7E28a60
1568,0x2Fed69D629Cd6235B79e349A285a274dD8e767A7
1569,0x2a0c0DBEcC7E4D658f48E01e3fA353F44050c208
1570,0x2a2bB3320614955Fc1F6da98E3572c6BF9d9D1C9
1571,0x2a45E4d2e25e19530Fc460fa9b42aE6F8D49E37c
1572,0x2a4Ad14F5CD4fa4fb66317f920125A6cc24DEA08
1573,0x2a4Dcad6e9715439a6ce4B0217ec0A32d9326424
1574,0x2a67Fa7a14305F59D318F9E969A8C866aDC742F8
1575,0x2a6bf8a714AcDbe9d6e9dd1753Ca09b8e7D95328
1576,0x2a748b0C81564DD3134625B2Bc384db930f940b8
1577,0x2a97758cD8d8D6b6848752bB330625f91640104b
1578,0x2a9E8ce65B7e73eb9B1C45cC5a45b560389F6e47
1579,0x2aD74022Ac7D45df87CD2cfbB81856dC325eD6b7
1580,0x2aE595eddb54f4234B10Cd31Fc00790e379fc6b1
1581,0x2aE6E29bfAFf81bfCaF7F9001A8A94701E32AbB6
1582,0x2aE9823384c914736fb83a694Ea051B5d1d3c1C0
1583,0x2aa802F2a73Bec4160826CDF532Eb2f0648A918E
1584,0x2aaf2B0B93DD8389D3A1a3Eefbdf046c0879d6ec
1585,0x2ac1918748Df7Cec3090d9C792eB71EacFB75dde
1586,0x2ac685c6c793e4C85E37905377E1b8BCbdd03F13
1587,0x2aeCdA6691c1BC138Dba240Cae2e9Ec7b106fC0F
1588,0x2b1CECeef32DAe235EB6578C8C38F12F9dc21671
1589,0x2b2eed49B88eB13131F6EAe7eB951d7E2be0a51c
1590,0x2b369EF06842e301d9C5C847600526E633E5e0d5
1591,0x2b3abf910Ad823282952DC709C6B68f2121eC7ea
1592,0x2b3ae0cE46154dfB3c77973C2727D157Cc7Ee1Fb
1593,0x2b3d34A5D9a704E0F3cB4Cc702B28a98e6E8c98b
1594,0x2b4016d1eC6aF0861fD7462351a6CAabB2e6afEc
1595,0x2b5643dc4B2991acbb1D457aa63e539F5a0eb200
1596,0x2b65d7C86DF3D24f19B7000Bf3ad2b93B8dBc510
1597,0x2b678691590a020636E2dF3544866502A5e05BD8
1598,0x2b73d76abBAc76bc012cC10337e6C8D845dc85F9
1599,0x2b73fE23656832d17776DfFCf6902CbF05485DF8
1600,0x2b7F50cb2Ef018af5292F55AD6F75Fb76D25Fc7E
1601,0x2b7dE7118763BeAb35e5b48e89C8ab4eb37e2756
1602,0x2b7e34727547cf9a15138db4421962e6fF530f80
1603,0x2bEE80f8725B4F3c4AD9e80dA17925d557169e22
1604,0x2c14D1CAcc065c57eE569424aa637686Fd9C7fF0
1605,0x2c275385b4ed5BEDa68D23Eb8337eB067F40204F
1606,0x2c296Be9635750842B4D2D33c6B1d34D10ca409c
1607,0x2c34ce7F14EAEE08bC8DadDe934115684Ca65679
1608,0x2c4FeC36324E1c670140156CDF84A0d0a3B5205c
1609,0x2c6c36B6696FC6EeFF417e41fd92DE5f159266E3
1610,0x2c77Db743390DD9C619eB1Ca3d0253Ff02D00A75
1611,0x2c996A0AAbbd00dC45cD452464A4eE0991f0990A
1612,0x2c9Fa56827611e74153F8B46ECc653463BAEF2F8
1613,0x2c9acd7A958C129d472155ab40ae40807B2e5f9B
1614,0x2c9d8707f4EB5b371f3FD7E64AeD883584F09533
1615,0x2cC811F170c4c478CE26f38BA24dc2fabB9A5b17
1616,0x2cb11beBCE6E3F2fE952983Fac0d2e19b8f5FAa6
1617,0x2cd84C5a739c12202FE92b7CE488abF643578A3d
1618,0x2cf0bb37cbC74809635Da51F6a106FB11E2D5943
1619,0x2cfA4d526BeedAFa1C3917bb10Fc8818CD8d821d
1620,0x2d186ebbC7B17F0deACEfD56519D981Af2e58370
1621,0x2d1bdC590Cb736097Bc5577c8974e28dc48F5ECc
1622,0x2d24e67A7F502d24631e5734E79cD0A63Cd7533c
1623,0x2d55a5781E9972650fa4F7fC90a6250609E23333
1624,0x2d7236385dFD456A6c0F56A4cdf29Bda6955812E
1625,0x2d8457ddA25f7552b293317e9bf6d77a95c9E919
1626,0x2d8605A58Fa16382F5fefeEbC3217b543cdA917D
1627,0x2d886919139fe546d8b7594341d9e5B3Eb95290f
1628,0x2d8C2dF7a1cC8aea0A72C38c87d174D3D0907Fd2
1629,0x2d8Dd5B7fB0ca098F0A230b41E3c5CADA6F1F165
1630,0x2dC58f7Cb47B5bc558B6b0D80a03a921156BA4FC
1631,0x2dCCDB493827E15a5dC8f8b72147E6c4A5620857
1632,0x2dE640a18fE3480aa802aca91f70177aDA103391
1633,0x2dFBD758b6dFaf409212024691764Da78Cf130F1
1634,0x2dcc372E20e0c9920b4e2d7c51C80EB92271c209
1635,0x2dcd5b2a6897305dE4da2BF2b9c73a7deD8972b8
1636,0x2dd56afE44d1C4444721737B865352B1Db9638D5
1637,0x2df3Fde898113cFac1e3d6B7e7b8fD3Da851B5CE
1638,0x2e15CEbE5eE48De0807Bd75962069E0BACe527E2
1639,0x2e1BBB7C78a5A534DF2442909AB14Ce370431e76
1640,0x2e25324208Ebe585B10f936c5c60863FF1F8a54c
1641,0x2e29CfC451853397Dc8C1b0f66D4Bb83fb2b8795
1642,0x2e32935bfD5B2718f99BC8FDf8B37c16811f7D97
1643,0x2e3381202988d535E8185e7089f633F7c9998E83
1644,0x2e4dE42F0b8ac51D435bd98121Af106388D911Bd
1645,0x2e5F1d6fA625B166FD9faa8EE6126F2D51E51618
1646,0x2e96ED2281C3069C6AbeAe5D9560f30F716d44b5
1647,0x2eA1d85431074c3CC32e72dAb8e40DD8D464646b
1648,0x2eCE0cFb395a669fC30cD39CC97974e5B8aC4056
1649,0x2eD2AF4f7b423648F103cD842741ffB1C7E0A7a2
1650,0x2eD849173c7a54F45f849675A71B62c0c83246D9
1651,0x2eE09054Dc11BA12eb83E0fbEBec7BB4BDa70425
1652,0x2ea4838f4edB1E6cb3ED94B2603AeD8E2797d1bf
1653,0x2eaE2B84295999694415dB5856474a5d680e3E7e
1654,0x2eafec183d06d88dDC60B35A4e0425104d11B127
1655,0x2eb4F2f83203dC676dE2740428abDe9a167b8312
1656,0x2ed7aFA17473e17Ac59908F088b4371D28585476
1657,0x2edC3c2e53C0e291fC78023a3DAdCa499eEf1d4F
1658,0x2f009d2e8ba9304B3BE8EbC0d0f2a30Ef8a0EF32
1659,0x2f193b7e2a44CaeDa1AB1CcfB88840A685492F2F
1660,0x2f2B41226164e81a194aE9F295ECCc1314C9B55D
1661,0x2f72eA7BFe44951Ec6b3A7153e5E20943A8cE189
1662,0x2f7D3e5dd7b13179db2A496435371ABe5D397F14
1663,0x2f8ED3DabA88ce6C2Ab0b89B4D0A9FA61A434F2B
1664,0x2f9033444f88e407449F69fE403eB4F390871116
1665,0x2f9f64ed3e404c04793B9Bb69a2400B05B18C8cB
1666,0x2fCF6FcaF991564A2Ff40B4e669A4248F1a6C8f8
1667,0x2fDbAdf3C4D5A8666Bc06645B8358ab803996E28
1668,0x2fd78baf1ee9ec1C6904C98432755EA2f0a6B807
1669,0x3000CCfEE3841a6DE8f82AcF4Ff8e2C6ada7Cdcd
1670,0x300D7E8c45036646332E4df0fbc299252136fDd2
1671,0x300F1A50471504881d2aBC6517c2306f7306f58b
1672,0x300ab095493cc7284f03B2D0f53a656C4A1604e5
1673,0x30154D4a8C0Bb2C0A4c59eae2adC4ea0449dCcB8
1674,0x303985ba2209b5c0c745885Fa6fdd2eC1FEB81A5
1675,0x303A86F7Ab8c424157183048F532E70F9ba0afC3
1676,0x304160413dbaca2d30F32a657bC14fcBb0E14a29
1677,0x3043DC1342011E40D79440C8DA82Db11ADc54fe5
1678,0x304ed0Cd2A1Fad3d8dBd99E7C80c4dEc2FFc15Ca
1679,0x305c4408f780a9A8481fC7bFCcD47Dd4c3454Fa6
1680,0x306029c1a1bC2DE66F7B967dE22cC6be7e8c234d
1681,0x3070f20f86fDa706Ac380F5060D256028a46eC29
1682,0x3082a9864B058A914ed584Ba81127A9113647073
1683,0x3083c46eb15Cc0c087a03F60269EdF1de8186F38
1684,0x3090462F484BfF41cf9Bb572767B5F8C669243C0
1685,0x30916795fd3F28FA1356921bC83714927f2063fB
1686,0x3097c5594f8047F79510b01FE809d9a6972F04d3
1687,0x3098921647F635aFcb9e0ca1a20280a81c2DF446
1688,0x30A096172A1b8693D6A1f97a2B959dac135C1cf9
1689,0x30A8190447E8179F15F3035Aa693fE61CAE7d8C2
1690,0x30BD6dE951074046B7b4c4AaB32a9b570c7f7003
1691,0x30BE7db452b13a35F7322218Ff4d808672560c2c
1692,0x30C13f332300eBA61c4fC5943c55624c6E508408
1693,0x30D8ff6c16c96F4968282b9e8472D2115A2d4194
1694,0x30Dfa10b7D4924eB2E9dEc03B35a15218e900f95
1695,0x30ED5773E9c1023A266483D7860a2B19fA4c736C
1696,0x30EF2f63F89880B7745A446625894754937e9d4a
1697,0x30F1d1fFAD34b24Bb8310Ad9DD237B854b4DAEa7
1698,0x30e737986ef6F3321FA47ecaF315462d595C1D24
1699,0x30f669D85E6fC08912637AC1D9e3525BDAD71136
1700,0x30fAa099436105e081D0F9D13104d53d2e158cF4
1701,0x31100005eA365823D01129802D349C411dFbb5dD
1702,0x3110CBebea614B9BBC5ad730585610cB13E9edfa
1703,0x3111b7716dcc3dDf8509b3eFc320488e9e39fACA
1704,0x3114783D28F4C00841D7Fe63C7E7B24a6A133653
1705,0x3117c51c17703A04E285ACE35e885E7017C40F95
1706,0x3118A3c32370934AaeB67Ddd26810A6f95B7B2BD
1707,0x311ddF76C51051C9a32653D692f7A78Fd6E48106
1708,0x313672f0Be39110a87592174202cD751386dAeea
1709,0x31468523E226b9212E12688B7BFf7d8B6D3b94bf
1710,0x31543A28034e21E3EBF6fC0b76cDafef70ecdf4C
1711,0x315447ed079853331a6198dAbb7452F7443A7447
1712,0x315b9aE158Aa8bD6960D2B2020bCA24A531D8C32
1713,0x3167d2A9727D50E032c690B5Ba0e135Dcb00B97c
1714,0x316F99537B4Bade5EEA51073f1B7c38Dfbf69A70
1715,0x316bDdaB5e76E5E7dc03c0413D9Ef24D6C19A838
1716,0x3170E695dfF674ff7f747A61F6E114ad317aD3e4
1717,0x3183f11Ff8986586e834B0b76Ea3Aef14D0d30Be
1718,0x3185dC7C056F01b650A29424C13ACd0349C81F15
1719,0x318dAFA5529b7E2F4E3f26C627E8a9361461f0ba
1720,0x319f4A697885Aa99f82532C563d5B36D96318558
1721,0x31A406EfBD18897c85A028CA2Ad9Bbf06FebAA2c
1722,0x31A47094C6325D357c7331c621d6768Ba041916e
1723,0x31C683A67f0e3919a86fead9241d94f34679F11F
1724,0x31DFff60169162E91F9f2ee043076dc60CEca62b
1725,0x31FF06A31995945bEB88e18d0E68B93EB8c0AF82
1726,0x31a4FeFC7064Ce3841aDA43E10b00C55feCa6E65
1727,0x31b026C470363466084bc1c55A0a399aFd960141
1728,0x31b4c19c33e5Bc841eC3cD3Ae036578e18Aa924E
1729,0x31c467dC1fd0335d7e95cEA218eD9815a4ab21AF
1730,0x31e201e7BA94f7D10c5854400BCC916273a56b05
1731,0x31f02E88bd6110723e767Af9E7186E61fc9e88F8
1732,0x31f0f72db2515C6663805973e113d3A064cE1Bf9
1733,0x31fe9B68887842dC94b6E5960290D8023d9355B6
1734,0x320DBABe64e33fFc8F5b72a3185763a15FFb258d
1735,0x32105863c2785B884B05b28A68f477b311375Ac0
1736,0x321f0095E26E6773E01902f950EDf597Ab6b8520
1737,0x322d58b9E75a6918f7e7849AEe0fF09369977e08
1738,0x32305ADBf15c7a687Cc0cbb5a5D4318Cbc8E913E
1739,0x323326eeA8101Ea44d517aCE91beA0eAB307fd76
1740,0x3236d8dB3360960E75aE020d58F4C91261Af7447
1741,0x3240eC9372137d64C723aE2aB7e5bfe11F48C102
1742,0x324DEe0f3E0b88cD84232871d6f4361849c3CC0B
1743,0x324f4a598A51052cB52Be3A5aDbF83F09CD6Ad7B
1744,0x3259B250BFFc4aFF268fF9f4ECb74fB1aeCB09a0
1745,0x32648075ecd353767dA2faFEF3C56a4283567f12
1746,0x32657Bbf1332A7a54f9c01755e9357289AC09d61
1747,0x32660025e6e2071de1b94E99D583648AF53BEa6d
1748,0x326832CBef3715F57d6eDaCEc85299328053ad50
1749,0x32790deE22beD1916303e2c3F4253fC2cFc0c417
1750,0x32844a824F458f24878515923F1FA120b6b711F2
1751,0x328e0A007896A4E92642bc7844E55845919085d9
1752,0x329318Ca294A2d127e43058A7b23ED514B503d76
1753,0x32A8C63769DFb0bB5E166AD8e7F65D302F577e41
1754,0x32B7a4af7c449691F806c913E031ed91d7FfAbb6
1755,0x32Da276577d52A240038518245bB06F39e30B46D
1756,0x32E20b88B38Bcd8F78eD7B73Bc2f0b0261bE3Db0
1757,0x32E7154C39258fc3FdFbdd4e447eCcC7a5DD72EE
1758,0x32a59b87352e980dD6aB1bAF462696D28e63525D
1759,0x32c6B5db05b98907A29BAeb7d09C79c95498B17a
1760,0x32f030E3419b053bFfB8e214815dD527f1F3072A
1761,0x32f8c8b40b62A73D514E8bE0f58074eDBA533937
1762,0x33002d8230167990fD577536027740D672783789
1763,0x331096FF870Cf765A14b99B39851e0ad04607685
1764,0x331C773052812A796FaCC85b9532fAD851A09421
1765,0x332306E04B37f8400a313117d5E5adD5903cDC08
1766,0x332E889479E744f3c4d40281b9A8f729A0588Be3
1767,0x332d424DbAf2839e3cF3b53Dd0F4CBC2419fbf69
1768,0x332d64103Ae0db276136b92F99CF8D0eE1F2BF3C
1769,0x333345727be2Ec482BaF99a25CB1765Cb7B78DE6
1770,0x334119221bfF5692Fa6F74C8bB84bb92431345CA
1771,0x334189570814A411C3C77CE90038D7a4aF6Bc008
1772,0x33566c9D8BE6Cf0B23795E0d380E112Be9d75836
1773,0x33696BC1dcb8b99b23D79694b8447fD4ac9bB44c
1774,0x336d6B0C42DDdAC697D391348EE3aC9C1dadd609
1775,0x3376a178C2b079f7386F1388ACDd6AfA96491306
1776,0x33877917be11223f9d42FA6F5131E267613C364F
1777,0x3387E18bbdEbEa8e803E4eD1CA8f680F300ae5B3
1778,0x338F3EC014d7edACb98506881d1E18Dc00980fdC
1779,0x339EcC48B5e7521bC94F2aAe2217314E2C7335c6
1780,0x33A195fB55671fC2205764955393108645ebBa38
1781,0x33AF15b6EA6C7B8601186B8Cb1b922E579A88fC7
1782,0x33B677B76F49A585f710A4f5Ffe0e8f7aAB105Ec
1783,0x33B699569A662dB5f27B27Bf9a2b93F12d7fA19E
1784,0x33BD4078A040bab546737eAa52c348367c3E9051
1785,0x33C4439CF730Aa7C1287f287126Fa90afA6e61e3
1786,0x33CFDe6508c3bb2aB193Bc1B707D1fBbd2A044A6
1787,0x33D282C6dB7F9cAE70120AD9df3c450DD2Bc66E7
1788,0x33D66941465ac776C38096cb1bc496C673aE7390
1789,0x33D896622F4a0aE7658b76B26B7eD5E7F6F36A91
1790,0x33E35ac2A1FCBe2252107D7590CB26838Ab65233
1791,0x33ED20C3198264BfDcf84e8243c931f7b869A862
1792,0x33F128Fc10a4a6ab8f0eDa0CfEAf4cf800CFaE76
1793,0x33F1bFE93B9914c79aC208F62aA1c652751d2761
1794,0x33a0a19554d2161536e8c51A2546DA52A907A26E
1795,0x33ac4053Ce984434D67CEd375e5b8b8c03Da2f7B
1796,0x33bd8D5A4F40285Df90694CCb29d6f5859C3977e
1797,0x33c9AbCC769a48f595E622a73Ab92D7797a63Cf0
1798,0x33d4b9D2cE598525F23F4Af2361DAe36d2B49a87
1799,0x340823e89343c660538b0D68408847288eEef6bf
1800,0x3409e1E2B135f2e454C4a735ed631E144DD47f04
1801,0x340E62a0acF239cc657d2B2F939a626Cd9d522D0
1802,0x340f6100855E1C9766a38D147265110B8c60fD80
1803,0x341adD7879fcC4Da75698105D222D54726C8950E
1804,0x341fB75d8b7ff7e19F1F6277FfC4c5D6E9758081
1805,0x34221fC1906DDfA7236264337A6F1a64D6642Dc9
1806,0x34247cA45E9E73ea18f8c1A61b1CADE1D14B124f
1807,0x34297385Cd3a0056532bF46e224c65Be0D2fE862
1808,0x342a84feF52735Aa46b20632bcBA5a3aaC5fbcA0
1809,0x3430F2db21695a4A9dfc55cf5aF4a4A2b01490E3
1810,0x343323A8c0f10978236ac1cD1849A852e0BaCc6d
1811,0x343c1E5C91551E45a83aB5E4305B0A9224Cf03f1
1812,0x3441c49613F556c0BF62c788ef2C608eF8fB3899
1813,0x3442586fC4a14B246a2B0ec6f32f5BC7A7798A9B
1814,0x3446260c3956E8c3eAbeDDb4c1C865a6D9Ddd1F8
1815,0x344651A2445484bd2928eB46D2610DaaC1B42A66
1816,0x3455Fc3515E39CA200930350001154E96C190162
1817,0x345C624d29dDA2ff8bc40d085789A32f15203073
1818,0x3465D93b84Ed7557d42d84CB7c8999Fc3DB2113d
1819,0x346Aa32fFcBa1064983b24cE0bC7B4AF2e4E9859
1820,0x347CDB8456D20D69557859Caca01D23Bee137701
1821,0x3480D7DE36A3d92Ee0cc8685f0f3feA2adE86A9B
1822,0x348984a5bdFFea58c3910dBa245667B87cA475ab
1823,0x3491b165B4D38d70D2C66a560248E729066d4cB8
1824,0x3495A7095941D6923291F9bb0E085d7703C675E9
1825,0x349ac7eE3DE37cdcA1759578Bc6faC2c7BFdD43C
1826,0x34A6137b0949d89fb593E9Dae81486325c46801D
1827,0x34Ce8Da48C99F34801E3853f7ABD14a3341e8841
1828,0x34F13b1b9de67DF60262187f98911FbC3A215888
1829,0x34aeb158028A2e8f2Cd8db5Fd7FA88a47AcdCa40
1830,0x34cB23d2F2a707a58539f3F62c45cc171a65cF14
1831,0x352B2c861510Bfe9f253fcAAa4fFB5e0dB1935b3
1832,0x354C3c410Cc7d05a3ff0422D15A5ea62dED99bA2
1833,0x35641673A0Ce64F644Ad2f395be19668A06A5616
1834,0x356CAc183400e8383C64eD2b7f36F9917D21fF87
1835,0x356cFAb9Be5aF2455a098Fda12559eC3b29fBD16
1836,0x357D1cd3B3812D0aAd458e9786E693663800DAF9
1837,0x358c381F912383DF48bBeDD156D98a3F4C69d451
1838,0x359E06cA1051E232EFD92B0f82ee2fd5a6c4d8bF
1839,0x35A1D67fd9068E76317f896F87024685377f2caD
1840,0x35C48803A0Ce972Db14C21Db7310379A14E225E9
1841,0x35D974Fc48c5D76c5107810f423382F1C9BFcB9f
1842,0x35EB32Eb0C92e1e2a9391Beb7946dfF9aE584156
1843,0x35F272A684B3D5ecb77584Aac5FE1F4A0CA0C379
1844,0x35a9e56e105FC3080c46d935aFcA5B961dD34162
1845,0x35aC85cae6a79Ca8C8B50515A0FA3832b8Cf2414
1846,0x35b990145381fc483b1ADb8BA8d6747221852Aae
1847,0x35c9faAD2bFAB52b6EC0ffacb8C2d3fC16e0dA1e
1848,0x35cD5266F41E0233ED6fAe2d7adFD62b5b680140
1849,0x35cFb3B1964d3CA17985D487695c80fAE7804E09
1850,0x35d04f4F70f39D402Ba2c2A93180E700b0a5611c
1851,0x35d978f5a6F03469C7955A27199524Ab5149bA96
1852,0x35e2B5F4f0a1da0b6E246aA7d7bbA82240863F19
1853,0x36096aa1c85eaDdA757c95b2AE5541763751bd78
1854,0x360FE654775C002540ED7784c19eA58e2Cf5a6bb
1855,0x3612273192C4f98C28bF574Ad6006657C9a6D5E8
1856,0x362618E16708379b5c7f5e75BFdEE29901f1dc9e
1857,0x363509EF6D67f430bDFe3FcA4DA04Fb91D343cd5
1858,0x363eE8E843a6d2D5E1aBa40f30aaCcaa1D46648E
1859,0x364A7Ffad5e3F0101Ac0C1ff1816083108ACC9c4
1860,0x364d55a1E0495DbC6aD810f69020f520bd2c86c4
1861,0x364dEb42bf5640fE184850908F0A6eE00d28F66D
1862,0x3668b5b07EB210452e8FBe6c9691CDc38Fc54640
1863,0x366FD91E446E7565C1364f56665709D5c76006A3
1864,0x36703794dc7cEa51A8BdCA317DA88C4c35bCe853
1865,0x36711AbC93b49f213929D79b031226f380BA600b
1866,0x368108352f1676c5A850E018aa3f261f14C85D95
1867,0x3684C3d2063d66f93b5D579d1359a392Ae2D560C
1868,0x368E096E4e662724f25E68Fe65f1E9ea70032667
1869,0x36A9A5A7cE21965FD480dbAd59611F5f20abEF35
1870,0x36B7990478f841862c407Ea4048F218D3C10B2A0
1871,0x36E0CAF9d18301104E6c9d5F1Db9e3cC6efD6ac3
1872,0x36Ee5aD97E5aE08c18104124cbee0Bb8580BAE0e
1873,0x36c7080f5790635a4990d8846AABF60A3C33E834
1874,0x36d9A5c02Bb5ED17CEdC49E664f90d4781c87aEa
1875,0x36dF210E3AE69F637ecE4AF772797139e25aba2e
1876,0x36dF7E6bA44bB837E73ab2104d619E068A86Bcb9
1877,0x36e24aa38EcAC271F0cd0932D50A04c7A818b94c
1878,0x36f608eBd50305e7dD3006Aa05101080D0B6dAcA
1879,0x370295eb9208134A779CefF259b73304DCcC2796
1880,0x37031bF346a199A70B201D1C05415CC097631e40
1881,0x3703571aEdA635c05CEeDA902db9FD38e4432856
1882,0x370650f2da20E4634c2fcBC6628fea2100A5626E
1883,0x3707C59B9F6FA0a8c26268B1343078e470335Cf4
1884,0x3714b941A464Bf3CAA85Da27dc38812a5f2df83d
1885,0x3716905b040D5cd8a7DdE784918199117d72c3B3
1886,0x3716A105745D23bC1977093dF326C7527F1Ec9AE
1887,0x372140e9705d6b6F1cf76C28D103637b01E804D9
1888,0x3724eC7B9BC30993FB510b292DF14E3C00D39f1e
1889,0x373C43401674832E6a30Aa3ab815cBc710A7F812
1890,0x37425f69d0B07CF664E7aACD1403B47311deaBf3
1891,0x3744DA57184575064838BBc87A0FC791F5E39eA2
1892,0x374F5FA69b977964D5242C95Cd2D31db663BdDF0
1893,0x375B41ee814fE3bF6A10cF3a7eFCB365B54c9aFE
1894,0x37629a959818981A41D3186C6BfD4448D22b8821
1895,0x376539cc3B25be2Bba9B2485E648cF474f1D37da
1896,0x37717bb7a899819c75eB4d309582011B30D39A9e
1897,0x377Dc9e527131326a89737F5906C4D2D4a0e3df0
1898,0x37888977154E26DAc30d03394a6c95B8C8833af1
1899,0x37919CC12067b0B4aA01D67674337b06298627B2
1900,0x37Aa4ee0445205b406652Fd653356FaE7972f6B7
1901,0x37Bf78fA8853CEE7df39280e70e38f3e163E44c4
1902,0x37CD7d0604227576f18f2c4FaD111183B1e4E5b2
1903,0x37Cdf3c3Dd5D3288B0239bf844a8F218628e1E1f
1904,0x37E0CB0Cf7EDFF70a9c73a181E1f8f91fBB113a2
1905,0x37Fa7c6B28fc5545d9523D6dbb329Be7e1B9e7A0
1906,0x37b8d0D1E0F44BE9BAd43198D5e0D9E210a4091b
1907,0x37b8ee5516A0089A5535D67c1d11b021ae66e7bb
1908,0x37bE92f21943dC91629d884F8C41C8203024633a
1909,0x37d0ec07fA8545BE37c1ae8839e54B3BEF74a532
1910,0x37e38E97cb07dC81bF583D24939218797FBBA60f
1911,0x37eBB21EAb6CC61ebdaDe7F2dD89825e4302c108
1912,0x37f093707AD5BB3703372431e15544F66AF8496f
1913,0x3803a2E6F2b4D07403A0dF4d1f06Cb3de61c51A4
1914,0x380566185c87aB93CA4edD474Cf6998B5fc4153e
1915,0x381451cE3eF6a00a3e215D1CB656519Fc6a1b85c
1916,0x3821245dab571f68cb0c97B04983dE91651d0E01
1917,0x382487f821F764F752cc87Ff6DF4AB616dD9211F
1918,0x3836e550b230d6725211c3214ddCF37ad9dEd2A6
1919,0x3838433F63f4d4A24260F2485AACf5894ba7Bc93
1920,0x383C88957e2346D23892a6427869C2630b046F48
1921,0x383E9E5E161e9a8E72c6AB9b3525844792c6b5DE
1922,0x383F42b5De515C564641f65f5da3BD8b4a35B4B4
1923,0x383cEfA93fe6d0ac8ea351d14a85b2B4Db9D2Ed5
1924,0x383fA0174c981b986E2c4Aad89E47445DF56CB7B
1925,0x38430336153468dcf36Af5cea7D6bc472425633A
1926,0x38481f2B58cED559568F70A91642a0838E7C9b43
1927,0x3851434bF804280e1D2AF8F9C260B1595219b18e
1928,0x3859660841187c98C05F86F57B32A6BE4041b161
1929,0x385b2EBffC328D9CF0e4153072F3B13B6D30106C
1930,0x38602d1446fe063444B04C3CA5eCDe0cbA104240
1931,0x386EE9DC427598E3F8F03203c2aCa0A342F3Ea96
1932,0x386ba2A2394e3272392dfbaC73Af9C8Eb038be81
1933,0x3871bdBA013ee982E74025A8B24f0bd61d4De9ad
1934,0x38759b9Ad3c493380909239BC4DCE9521217E5d4
1935,0x38816325a61438dB0e6Fa3F0DD17b5c9ea0a38f9
1936,0x38816D5CdDFe22BCF98767BC239eCd02aCE71D2a
1937,0x3882849CF4A853263a167Daba6B6139AFcC96d9a
1938,0x3888132606615fC0759853b6eC1107E717D0Ae52
1939,0x3899Ffbb041f61d0C804d76c5F3b171EE295cBBF
1940,0x389D90de5B4AFec18dEc6474E153bFCDdFED04eA
1941,0x38B224843203D8202bF0dCAd36f4edd75b73d023
1942,0x38BCD82be4136326a093d389A46bf1dbB8773ba3
1943,0x38D7E4Eb4c62c176d77A69AD4369dDdDE60667ab
1944,0x38DAe7F6FbBFc7C0ab9613C72167308eb4fa0A74
1945,0x38E3bA9C4Cd030205bBd035879AB061b5701aD1f
1946,0x38a462AbF865435fb8307BF237Bd785d7522b8Dd
1947,0x38bE12a8351B9dAD79cD4774d14E94F73A562494
1948,0x38c1A42EC8564eB3a62966A831A5FA45e42B5455
1949,0x38c2d9A73Bfb23972c91AF9C9F91E6D20f58ca18
1950,0x38e5A6C74A130fa687f326F2AC363fce18B8fA3e
1951,0x39075D2473005586389eF2bBC3cf85Fc3E9d09CC
1952,0x391E6A4CB7FDb2AFc70bC23bc17Cffe9A0A5C22d
1953,0x3923014F9e46a4ec5CdF6Ff48C61Feb49c5F507C
1954,0x393280035F825641B72d26235250732C792aCb2E
1955,0x3933D871588063cC39f297b1a1E288067F4cC004
1956,0x3939c1C23Edd50d0d93Ec0c9Fb147a34F950D12F
1957,0x393dEE493278BE5A67be76AE3f73fF66884d2b21
1958,0x39415255619783A2E71fcF7d8f708A951d92e1b6
1959,0x394496698562c7d9e2E5F5d0Fa7E67F6c99B1CE0
1960,0x394F488754710CdD18cd74E6e551DEdA388C492f
1961,0x3959C404DB1BcF6832c96B088f6BC818a82589C7
1962,0x395FAcAFC2F5e4dbA5C7B1fEd0e3091ce61C06C8
1963,0x39645a4616562Ee40C03A2235c6434fC9b5DC546
1964,0x3965165ee90791E53B5e1010276c0C690E20f56C
1965,0x3965E76f06375161EaD5509E27B8D75012396287
1966,0x396622Edc1b3F15d27a469464300777eC7b119Cc
1967,0x396a6D7a33655c45044143CB8A812227bf279578
1968,0x396b325364b5A0c60075dFbA5b7658e1ffCc6567
1969,0x39725b4B467Ce8eAc4EaeE3A7a7f004864610148
1970,0x3977f26988babf5097D6554717d0A94Ba4FC3521
1971,0x399D07303275719fb83aCB468249a9a26ae2f674
1972,0x399f94e6ba0462d66BE1Ff1eaF042fAC5e95Cf3F
1973,0x39A6Ec1d7989b16D7733dbd726a4cD755DEF281D
1974,0x39Ad526746C17d54eD311DD3a3Bc9a83d3D33ce1
1975,0x39B0F4C41C6bFdeEcbB33a0445061d7fa7E5A11d
1976,0x39B5fcd8DAeD9977C0CC3C05C8260046a202bCc4
1977,0x39B644aC0659EA17EA416cf1A67bbe719b29DB01
1978,0x39Bb878B46cdc86B3190DBef394f311691CE3Ee9
1979,0x39C2b10a0F1B744D4fd2990dD3336e0d24F6fAC1
1980,0x39D52DA6BEEC991F075EebE577474fd105c5cAeC
1981,0x39E14344e9148C40d832bB1786c869A4251F192B
1982,0x39F214DdBEa04601eDd2EAEBedDD0cBcb2394521
1983,0x39F6a6C85d39d5ABAd8A398310c52E7c374F2bA3
1984,0x39FCfA14df3992f057fCC22df714BD24C844Dc2d
1985,0x39af9fbb6B23c11a80B7B452e9C63f5EcF9d8D6e
1986,0x39b7f0FB892B79419d1C181028CbB8B59c21010F
1987,0x39b9272578Bb1e56Aa6208e05d8FA567c25eFB24
1988,0x39eD9cDD486F65459419f6251974dae3f80dE720
1989,0x39eeA0258a5c3E3c5092b2F910371d124592a7fB
1990,0x3A070d228001313407C9Fb39bfeF540F20210B65
1991,0x3A12f8478CB3e13E65beAf304fa21DB3F88dBb3e
1992,0x3A22dF48d84957F907e67F4313E3D43179040d6E
1993,0x3A2D016124DF975850b84A6A970ECd5725bF793D
1994,0x3A2Db5Ab04e8FfA9A291a9ca7B618067316b11c3
1995,0x3A51F02C67030E84E7956341043Fba94F07Fc91f
1996,0x3A567303B207c6D906A8FCc380a2c307EcE7051D
1997,0x3A59886bA78aC4A175b0236346e5bfaB07963E48
1998,0x3A5Ea77763e96EDF15641294519b1B0A18F3Ff2B
1999,0x3A70e8C00f3bCf3eb845B6b6928AbA92b465C183
2000,0x3A72AEdC16E9b974101465aD8A22d46430f080CA
2001,0x3A8287e559eDEb1a54DE388597e51D4803124b60
2002,0x3A8849e0089169E6539391Cd2316C76e8332DB48
2003,0x3A89bb130aA41e90E107470F137a546803fb42Cd
2004,0x3A8C5E359C6b92eb7485168272112E71371D4A45
2005,0x3A96aB56055A9Dc61C7639bFDDC460c569D0C254
2006,0x3AA33a58BFD82EA119E36b8886BC7E36E6F7Aa29
2007,0x3AA667D05a6aa1115cF4A533C29Bb538ACD1300c
2008,0x3AB08988c89c2BD8eD4D3187FBD19E25E884B51D
2009,0x3AB3A67E7D88dB4f5105EbF17451b8e3F0f728c1
2010,0x3AE1D71738D5B936F3361006712b48415A94a9b5
2011,0x3AF6a5Ee1F278ebc8D1f9e38Ea50110A79f0b3e8
2012,0x3Ad09B4FDFfCbEDB7B72b08F5c97848163e271f3
2013,0x3Ad4CeE90D0Eb10769AF8F3D8a58f9df39Af45Db
2014,0x3AfA4703d9c1DE61D9522dAFc68c9656D662cD41
2015,0x3B07fD9c51E8cED7cfe6b3E3054B88c8CD10919C
2016,0x3B15CEc2d922Ab0Ef74688bcC1056461049f89CB
2017,0x3B1B770B3821678e44Cf456764a06Ea0a937B17a
2018,0x3B1Df4F6067505e445e7B48b4c09593196865b68
2019,0x3B43abbc69f2f327E38BD47B7e43a25095AD4De9
2020,0x3B59D6aB9852d9Eb4038D0577ea202A8f4D0f03A
2021,0x3B775e1827818fF4bd879CafBdA0d6e705FB86Be
2022,0x3B8F98ED5D222a0494F55Fb4D0A2e7c76cf39204
2023,0x3B904380061fB2B480cEb9c285F85201D39d224D
2024,0x3B9A1B165496E39234d977D4Bdb73334C3e9090A
2025,0x3BB86CEd3684786F73D8e638F17Efb58e19d88c5
2026,0x3BD1103eEF8fA0eA787D459A48B53B8De53e7f13
2027,0x3BEE184d114CA41FC2141D41965D9D69AffCDa42
2028,0x3Ba27e05D0bA19eE61ab3564Cd350d4ce815Dc8D
2029,0x3Bae45a49D964bfAf86aD996bA185c36000e672E
2030,0x3Bc510347b20bD2d2B33d3EE9E04fd672b531636
2031,0x3Bda04De4a99c32e3C41621de241252aC3d5f491
2032,0x3C02290922a3618A4646E3BbCa65853eA45FE7C6
2033,0x3C0884A72f48A26F3CC69722B3DF80B18157391e
2034,0x3C20A1b747D20586aCbA05Ee49e612D77d294C31
2035,0x3C315dAD747C210A522F118788E8d7c800116680
2036,0x3C3387a5BFE9390be7Aee119A64FC14C1b30Bfb9
2037,0x3C3F95BB7470343D9B153bB0887ee766054D3372
2038,0x3C4e52F58260c8BdDCe26c26672b2E25a612dA70
2039,0x3C677aC08EFf06CfEB6949446f51ad59F03Ee6BB
2040,0x3C6DfD64a2fD98f79aDaD8B1844074F42ecE9243
2041,0x3C75246858329984A67CA73cFc3DF35A8D8b70a1
2042,0x3C9e1081364dC9144dA531a825Eac90BE096685d
2043,0x3C9fF60c05acB23eA38388D3ed16EE4eCC11C88A
2044,0x3CFAFdE366D09AbcFA1c2bC65C7929c059561313
2045,0x3CaD036e538A1adB00d0Bd0553be5cBF4C981738
2046,0x3CdA30BD84DB976BFabb64b622D74d38E78EDFd3
2047,0x3Ceeb4ecCcE781323D41C310da1db92182ec03B9
2048,0x3CfEcad11f3DE1c2d67EC6FDF7fecdC38676F2C7
2049,0x3D071b7b79601F9841F4Bd56b92a1a8Cd8fc3c77
2050,0x3D09Ca1F11856C25f7bf3cf88aa5cb40cdE64A2B
2051,0x3D0Db72EB8d80BC016698f1BC19AEa2443F75252
2052,0x3D27DA3bAeE6Ea47DF217B96f00F4EcC56A6C379
2053,0x3D37CFA2e89a04b3704Bd64BC2c9AB9DCd448b9a
2054,0x3D489Dbb528C6f0e64dBcd78D895ADB3eeD0a026
2055,0x3D4Ef4E91E3B951CB3b2546846D1290B3E29BAdA
2056,0x3D5DFe8b4a6b9E6206ba6343e87bfda1f4Dc48CB
2057,0x3D5dFE5Ccc867757038517Ae73326Ae69B97b07a
2058,0x3D767C27902f18CBB8f071124E28fD93B09Bb79A
2059,0x3D86161C47f6db68d0710F0Bbac9b34c87C4baB0
2060,0x3DDa03dc803B0a171eA03fDf93F12311358E9A66
2061,0x3Df75114582023ff71366649aC2AE50bF40C988e
2062,0x3E0aA189d6f802E77caCdb8fD14df75c3dB9DCA1
2063,0x3E13Fd392d3FeB075b58F309d84C20698a54c10B
2064,0x3E2016c227AC9c1B2eCd78CA96f390444F2C3893
2065,0x3E26163C5f8f9716816FEBB5ae21Ac7835B5fA1B
2066,0x3E29ce7A2Afaa6F044484305362A855587619868
2067,0x3E300D7a01eD0429D8E273b180467666608483A2
2068,0x3E349b0adFB28CF5dfaf2241A1E403a646b9A030
2069,0x3E358974013495F69c70F5d21B64EE6f76E399FE
2070,0x3E374da55EEE98857b8A962021766B19beAe013f
2071,0x3E37604E8229b762a483b1345f5195cFae211136
2072,0x3E5662e3b3F63e51B01963a2E1550A3bdcc3284B
2073,0x3E60E41e6Ff0dA398442a3D7708503DCa519716C
2074,0x3E85842819bFEADC61faBfC44646A60e19711DB5
2075,0x3E8995683cB34766753D722d72ac98ff3f00Fb5c
2076,0x3E95fEF1176acF5e5d2EF67D9C856E4ECAc73E1F
2077,0x3EA4047c20e4E27C8800B1bb2bAB65295C706f0D
2078,0x3EE27441449B2DfC705E3C237FFd75826870120A
2079,0x3EaFCba8872b88A32529189917dBd682BE0F8D1D
2080,0x3Ec6732676dB7996c1b34E64b0503F941025Cb63
2081,0x3Ecc6202E096fb14B4c00B61a96D669da1166a93
2082,0x3Ecd0359496F9A49A1b11eB50Bb603C262Ff4218
2083,0x3Ed641E6b03a0c09Cf20157B2A692A10B21Ee48d
2084,0x3F0C3B2327807e57Cbd973753A832E0a39965530
2085,0x3F153EF901b022BEE42B6343997BACe71a7A2727
2086,0x3F1d79dE69fCbfF330410806cAbB4B7CDEb5a1D2
2087,0x3F3003DeC579ffE478bE29133c22dc1bB273a2B8
2088,0x3F3fB579B751c29780C91221Dd3021D42616Cb1D
2089,0x3F4914a140E3865f8D1c454A3279c0d692582B60
2090,0x3F4Cc9FAA51dc7D34182dFf225E7b2e20Bc39FD7
2091,0x3F4c8dCbBc59C16C9e5Ff42B2765256f92D19D4e
2092,0x3F5cE5ab5A439eCA96b4616cac7D91d4cba7AC34
2093,0x3F64C0Edb0d116EF79F4de29e9AfaaC359e06735
2094,0x3F738B0e63E556D1901Da352b75c59EF599AFE6A
2095,0x3F86f18322a888d9b3adef38f127c941bCcc014D
2096,0x3F8Bc02B3A8D74F8D90cB36c3008601db90fEefA
2097,0x3F900e30faF1723B34696D4124324A3f61D2f042
2098,0x3F97634E763eE88A4d364129264b955c7E0BFB57
2099,0x3F9dc36Db04740af8700AdeC2cC317B9B9EACEF5
2100,0x3FBcCc429807285355Ee0Fa06822a4098359AE45
2101,0x3FE9B3A4180C2e8C876F050Be94C92632392263d
2102,0x3Fa32A63fe19fA99f3015A2daa383614bE6B9027
2103,0x3Fa515Df9E7a82Ff12990ce279C707F95d2fCC7C
2104,0x3Fc3E6514fD4925f55fB3Ae17bbfbca2eb126608
2105,0x3Fd93b87948c8516ea1Ab4535312303deBc2b59B
2106,0x3a08ca9E3A394c7b947b9CA56493E38176F3428c
2107,0x3a5248e267c73FBf6725EF8869e4E3EC76FF06B0
2108,0x3a57B9144D80586bf187fF76BDC3d84E11ce812a
2109,0x3a712C5464CA30e87d417EA1F8562951e6Cb2A71
2110,0x3a7899F91729D20dEEa61036349609e8fc95Aff4
2111,0x3a842630c56Db89ad1c244Ea3D39E887570c0d09
2112,0x3a8ad48170E4c55AbB0363c55c076c445087E8B0
2113,0x3aA92429fa292c3d1a6b1c6EDe90770e66f61177
2114,0x3aE883d95FBA398115C4A6f88fB976BBA10956b2
2115,0x3aF25ed96cd653BABF35CC8aF6E9b4094C7df3ad
2116,0x3aad8deAB16F0fF0f8f9fAbcB28a6Bd7a3e6EaFb
2117,0x3ac680B425234b8D197D5422666e69E2260BA769
2118,0x3b1860f608039Aabf7aB96F78Eb2902F50EE92bb
2119,0x3b22ac2739a20f2511F21f06EE6e013F690FBD0e
2120,0x3b2cB9B2e1Dc038b3AD2c8267e73AD4FAd775E1b
2121,0x3b4557D141a0cB6aC360648dbdC3b38B61406Ed5
2122,0x3b50ae7919823329134e86223B43Ca4341B5487D
2123,0x3b5Ca475aC4D82433AE91F281951Fa1825DeD3E2
2124,0x3b871244e28FdF411Ca25Fd9DF1A97D2157C70C7
2125,0x3b948FC20d092fCC3973a93d2A210F736b58Ab46
2126,0x3b95898AA49a7ae81c5Cf77Ce56BEA43bD1A9A68
2127,0x3b98319E2E520E648F3EbB512DB2424485d2641E
2128,0x3bC2C6B8fC119F41884700F7ABa809A89d6De1AE
2129,0x3bDADb4f37c4a017D22c10685dfbD2E14a5A5B85
2130,0x3ba3321986446684aa227E87F66E79208595D204
2131,0x3bbDFEc8A3788d1A7c22545835Ab9Aa32106A694
2132,0x3bbEc29ab82DB1F0bE3F67261CC902C4e35ab70D
2133,0x3c19C4495EC44F5769b7f93Ec92a7b10Bd7c98Ca
2134,0x3c229864378b3B0adF98aE247Ca33986AED8EC1E
2135,0x3c2C4aE67f5e9FE529Ef1f1AFdA2Cbbf00E1Beea
2136,0x3c3C395dB3979D98A6a184602aeBD933fc81AFDB
2137,0x3c3E4E713E333Bbc44b36f89912b5d8dfeCB725f
2138,0x3c42812b52c6EDBAfE66838dDcc3942AFb07dE85
2139,0x3c5Aac016EF2F178e8699D6208796A2D67557fe2
2140,0x3c8Fe0930D5A67a5b58D8991f3Dd5c5C97333951
2141,0x3cA31c9cfEf27fD3d5Ae59cAaDcc33B9aaF09C22
2142,0x3cA66cF3d42Ed20f5E7048bF5C39fFaD00523D98
2143,0x3cCb15cf0C0247a6a3445E83881D3FA522A47683
2144,0x3cE77e5B6207d95d20A5B9214c072B5E241E6024
2145,0x3ccb1D729E7d9D8cD61420aC8fD3D077118F6C09
2146,0x3cf7fb33dF88C91a5Adfc151d27C077D5CBB3bb6
2147,0x3d1f434Eb1A708d5f1bFa3FC25A7548755CB6014
2148,0x3d27dcC521D0c2CfADBBDcb03AE38dde17BfF772
2149,0x3d3ac4cA86e5e8304acEA9c202FDa747cDEc45bB
2150,0x3d480ED80F588aF27a28A081fBB8086BbFEeA854
2151,0x3d5C00b5a678591a8142466Ff93aFEbC4cB3bcBC
2152,0x3d5e8eb904eCF6f0Cb8c86FbED42F834b11dC315
2153,0x3d6D1Da38CFB42187ef4CCFfAeEB975328372Ef1
2154,0x3d7c25a3F43DEB7b983B69Ad1d36BA0d9a2b27CE
2155,0x3d8cEDC4CdFEB1a5c81Dfb9EB37375B33764D603
2156,0x3dB3A3678E19E928E02f71f3c045D03006C729A4
2157,0x3dD48AD861F0B77D1312F9C95A13e52871Ca95e0
2158,0x3da5B824DD5653071314F2A9F65a13F1404D6663
2159,0x3daAb08100956dbE7c97559b6Be2af7A950B69B8
2160,0x3db4DcbD65E3879Fc3EcE583d0bd216062FF33E5
2161,0x3df93229668C806E888030772eec4b46C66857D1
2162,0x3dfd23A6c5E8BbcFc9581d2E864a68feb6a076d3
2163,0x3e50501171aCE729a8c4Fb3739D73377b34f4bbB
2164,0x3e5E8C0ec0EfAafeD6d0bD0b6fDE01Ba3bB62470
2165,0x3e7b8efE4ad9b7B9cA215630BF4e3980ca1142E4
2166,0x3e8A73EfC2b2d39c8baaC8206934aa943d96EFD5
2167,0x3e91df1A080E16973Ed6537f395AA0914a889966
2168,0x3eF888B04FF1bF86247CF581Ae397530A017c8d9
2169,0x3eab8D48575dAdE2d10351852fEeEE171786776d
2170,0x3eac0198076e64B3d6Be9cc1164bFCffa6747668
2171,0x3ec4C7Dca5c1Aa72d82F93526228F9A04B4bFaE9
2172,0x3f169B8D3b46dE1cA3562A607b23279f1b306Ec5
2173,0x3f206F9b3e9019D255fdf88Ca5b687760C0e54Af
2174,0x3f26fF7B11C1D9Fd63DFe2c997485C55e4306fF5
2175,0x3f30795109d8A97a3535607a791A88E27FdbBB51
2176,0x3f4D7eAFb10DD39FD163F941A457FEaa714A477A
2177,0x3f5F04B5c94D48167dD2FCaf88765Ee2F46EaAa0
2178,0x3f64f1caa5d1D60C833a2228cbC5fcAd0bCae8Ca
2179,0x3f6E4667Fec54733Fb3B15993B9Ce96B69B65cb3
2180,0x3f74e4F71F460A36697D4b0D2Ba47b16e63d5A61
2181,0x3f7e5dD708597d5bA28E56cD1186c76002Fa8176
2182,0x3f87E3F3B2ecc6E33e7eFE229277178Adee8b8Fc
2183,0x3fC925E779F148f2d843cfD63296E5E12C36d632
2184,0x3fD907c39311AC0BabF189688C6a26eBda5a6d85
2185,0x3fDe81Ea90A12A4c5ed9Da881501cdDcE15b694F
2186,0x3fd7f98A19e0342590309Cc2b0594E85693C50E0
2187,0x4012d16C101E6b7cCC39168C4364345B7De3cbd4
2188,0x401641702164a0809538681E96b34996dD2D36Aa
2189,0x401A698eB9087F245572e9ff1E800da5A6bf1B98
2190,0x401CE9048F314a72dB097380b654Ab8C6fEf4900
2191,0x4031709bC37Fa30F82bA8CF47087eAc5cec202fc
2192,0x403564664c8d07AE69E4BCa16ca0214f20B8c7b6
2193,0x403d8b47b88C9a6d99f39b158331044007fee955
2194,0x4043Cf45A63c622e3F384e1d154e231d165e5e2a
2195,0x405Ce9fce564213c9D6D83678B23EE2Fb4D5C943
2196,0x4062b997279dE7213731dbe00485722a26718892
2197,0x4063c9AdA6758eb625d01BAa49c008a8555F989A
2198,0x406472D6643627E4CFcd15e7018caa80Abe37b64
2199,0x4070E40FC3E382437aB7BaC2249205D276Bdd15A
2200,0x407B6a6C06501890fD31dDf94A1C9fCbAC745B1d
2201,0x4080Db7a3254c638c01fb69A2f5DcdEE672Efe42
2202,0x408121FD8Db592403a9369c9026076872F1ea5BD
2203,0x4085e9Fb679dD2f60C2E64afe9533107Fa1c18F2
2204,0x4091243E3fB5E637D06c265C6EAe1Be7fb8460Ce
2205,0x40964219a3917BE52cA96C8A8C8Cb6Afc0b14c8f
2206,0x409ab4CFf393a49F0675DEa7200a1EFF13972E4e
2207,0x409b3F6363B6C35019F68291398413aAEEe96C04
2208,0x40E652fE0EC7329DC80282a6dB8f03253046eFde
2209,0x40F9F2C07F549ba6b2D3F54E8D504423823771cC
2210,0x40FAF0d7238544157eeff53586A7ba7D30A02138
2211,0x40FC2d8851264ef80aBBCbd74B360871f749a060
2212,0x40b9D9498867459E1DF33f5077085413c4a9e815
2213,0x40c94C03eaf228526b685B5A08b630AAb3eE74C0
2214,0x40d0921321C32558c8838f3E1E66C6dE68F735D6
2215,0x40dC34321B28dDBae5d31491ed07491431E0FC3F
2216,0x40ec5B33f54e0E8A33A975908C5BA1c14e5BbbDf
2217,0x40f3cBc8F1A5265bFE7Ee35D05f79E2828fB6120
2218,0x40fF172b97a9c507c232ae41A5006948d1bdE604
2219,0x4100f40B01E5A0611Be77FEf8179c056b9dA8775
2220,0x4105bA31472bd63df2d85C7C0262489eB23dc9c1
2221,0x410a6c7D7E4bDf6b6E8A63614c8ff30BB24fD72D
2222,0x4112bBd39C28313db63b6F510297e63C5897E877
2223,0x411C88b3Df78c91A6cB401dc6e10dE4e55D8E36D
2224,0x4122A2595F9c5Ad9362028C3e027Bf0183b59Da0
2225,0x4125Aa7bEB9cCd553D970C11eC732ccdF785dF6c
2226,0x41284a88D970D3552A26FaE680692ED40B34010C
2227,0x412dd7CFBB93579448BD43325580C2ec988f0535
2228,0x4130BE64f8c3d6f14FDCb2F0fceE6D0feD8dEFEA
2229,0x413A9c69dF59288ef9A7Ebe78a2033DD2F3E1af3
2230,0x4160b7F7eFDD98f812dfaC1c3f172EeBF8dB61eE
2231,0x4162E1F3e51bF375906e3e23145F2Ed8D8aE193F
2232,0x41636A339Cb56EF7f918f731B09AfD19Ad5A8596
2233,0x4167F26312c8fe15Bf4B04c0e7E8958734Eb6931
2234,0x416E9Ed9Ee77d0cA4E813EA6da4Fa9Ab904bb6cF
2235,0x417f972F8a0014e31346ff51261AA8248d93D31E
2236,0x418084665C01DC977B2909515219213a5774B600
2237,0x4183DD2AF1B4a79A40E7c62F75c088676BEcd712
2238,0x4185F74e0a0d5cab877A1db56878036C81b69ee6
2239,0x419683b8595308283f91264E386B2A0d9d74E0DD
2240,0x419E611842ca80d3F31c81175eC36D5Ea5bFf0EB
2241,0x419a0d9598A8219990242FCd5eC321a78ADE9292
2242,0x41B96e9c6758D12A7a1f67952466b2E104532604
2243,0x41E457F2b5747A2577F11e5E46343914DC586E52
2244,0x41F0a36A285C9aBA422E90299257799316cAEa5A
2245,0x41a6ac7f4e4DBfFEB934f95F1Db58B68C76Dc4dF
2246,0x41b3489940dEA9DD1eF90f0d7aeC7C8d3b512062
2247,0x41cA37052D6F6C5Ff804cC037551F1533a6fDc52
2248,0x41cfa3b4d98A035516b83C2392DEf71605Ccf38e
2249,0x41dDe2765f480391eFd728F9b251cc4cB49B0C91
2250,0x41f3359e8852aF201ba0a2D9B7f876bD2D5f5E13
2251,0x4202C5Aa18c934B96Bc4aEDB3DA4593c44076618
2252,0x4202e733eB2D17A92401fD75148d04ac1b28F1c3
2253,0x4210eBbe58Fe49Af1149a76cc18C0A5410D102fB
2254,0x4211caa57420ef03faa65747c3954Dd0F8E9A288
2255,0x4212B81C8898f0114EB5e48Dd711E155A4C13694
2256,0x4216130C5279B2909d688F4Ca250908DC7469c6d
2257,0x421e6269c7bcEE3916a96ce235b0c742F2f78a31
2258,0x42252F7Ee305385BE01A797C276f17A2b7809bB3
2259,0x4231C36e89622c5F9813c4411067094380691e77
2260,0x4233641D57240A7DF89D92e6A464c8eE431f5d26
2261,0x4239dD663D7B64EB86Bc9468D60Ca634726C15B7
2262,0x423D0ac00F69f0CB2eC0199c4714B41a45147315
2263,0x4245577e08Bb7929D89D404904e6307C777b2363
2264,0x42627D3BFf850bcD1208414049374B7788D79E2F
2265,0x426E615a355DC7DFd57E87675A7370C2494475c4
2266,0x42711b8b8E35aB63aD447dB80fBfF28264Da2395
2267,0x4274331A375C629e6cdb475C688dd30C926B3125
2268,0x4279b797DB98E27A9f40f7871cEA817620Ed70e2
2269,0x427E4ef7EC9BdeC63087Fb0c023C115319cB427f
2270,0x427a4B0dAEa3b22a82ef7f108D392522A924Db61
2271,0x4282341588F94c158bFAA40AE2C9F3ABfdAc647f
2272,0x4286609DaD445C5c33170C942F6e0ed6C56784be
2273,0x429673666061Adf314F18e70C8A7BBa5Faaa8e7d
2274,0x4296A29DB7BfaA4B9F06829Ea39113167430bA6a
2275,0x429Bf8EC3330E02401D72bEadE86000d9a2E19EB
2276,0x42Ba538b96691ac198984C34087109f7671897f8
2277,0x42D0D8Bbd84BcE3cEBea8c8C9b4eAee8E8196950
2278,0x42D2936F6fb951b0AA324F5cCd4910Eaf416405A
2279,0x42D5750662F95c382522ad2ffc82275e4d0EfA70
2280,0x42E53a4e46Dc6a1E62570276Dc85f77804C6300D
2281,0x42F34FefA3CF59A349a314C6FAb6E6ba5DA548b3
2282,0x42F56B41fE10656a29D8F2aC0cA08a29958F0577
2283,0x42F5e29CFC7f01BCC169a5d901Aa997Ec6E7eD46
2284,0x42FD445E08c89e264695E3687d3fD3547C75d6B2
2285,0x42FfB76E107eE8584aB0F1Ac0b5A4E07Fba8D668
2286,0x42a3C37512489365Df1c25bc2CE902676a382Cbb
2287,0x42a77Dc1E3B529B2845eB240AeB3B1FD5C5fAf6D
2288,0x42a95133fCf108701F60E0D3119FEadE79BA751f
2289,0x42aed3Bb770D7f028D1A649Dc9689f5E1A638A58
2290,0x42b1ebE61E6d16b35dCb261e81637deA9bF7b346
2291,0x42b9dF65B219B3dD36FF330A4dD8f327A6Ada990
2292,0x42beC8082f3D5A9DB6cDDD781eA873957a3711BF
2293,0x42c7788dD1cEF71Cf04AE4d6bCA37d129c27e001
2294,0x42caDca22AF49195d07781AaD476D7CC0Cf3E4d3
2295,0x42d02f4cd48BDAC116b7E3A4895f586777948FaE
2296,0x42f6b667fBf40bB440974BcA81cD14a2C8699DEB
2297,0x430cEC520b8d3872ace28036d2f0b88b85bD2fCC
2298,0x43189898d712df36D37c41d2897843482f729c65
2299,0x431e81E5dfB5A24541b5Ff8762bDEF3f32F96354
2300,0x4322b3108fA319681806D2CC17eB52E19b4534b2
2301,0x43242B1AD334C90a9C8123F09A7288d37663C038
2302,0x432C2aE9eE0992F8E0D7BCcDCae13aB0Bc514293
2303,0x432E950d3696A3Cd4af75b889Afc9926bE65fD29
2304,0x43358AaE3Da57EEB0357C2C11056D77628b83B08
2305,0x4342ed9Edb5276DC98dceE1e971f15d0Dc9d359F
2306,0x434541E43C6A854D7e42Eb16b7d5d52782a666F3
2307,0x434828ed83413657a9Fc7764D4f4CDae3eff88f9
2308,0x434F5325DdcdbBfcCE64bE2617c72c4Aa33Ec3E7
2309,0x4353197Bf00E81182EdB78e14926EC2D10e6F06a
2310,0x435a294Cbe9c2aBb26ad6331E499204f54a64a08
2311,0x43601Fa8A032974A0f558F5bD3AFE6865Ae13A76
2312,0x4365DF632c4Aa6cea0BB94b8d128270950EA4951
2313,0x436fF0e7E5bdfa465A06d94b71c9635854169B68
2314,0x4372DE44F255a78b3A3B89a923fDca35Ef4157F6
2315,0x4375Bff36a33B72A3147555d9aed464c948381FB
2316,0x437783E2DE239CAaC22cFfcE0569521F67739274
2317,0x437a64063ae8cF36410C9814f17D8B634e161c9D
2318,0x438022730b8Fa19db0877bd172CE4b1D2792615D
2319,0x4385B35E845d2C69d2ed038fe8d4742af66F1Dd7
2320,0x4389c00ec7777965eAB87f00EaC74316cbceC7eB
2321,0x438A15b66e159d98A03377F41f427f2d7c7d90a3
2322,0x438adA4cea038173596Ac35701cB4b0dFac62617
2323,0x4396E02C0a70E0AA26B7F07EB011Cb6C59d7a7eb
2324,0x439990126634f89D83acD63c36d4F7999D48b6D0
2325,0x43AAb7d0724af9EEA453C15616b01381879c1fb4
2326,0x43AaB00A11C02756B154E3605A380Dfd82ff9cb6
2327,0x43B8bd84CF601De3226414bD63CBE71F8ec607ad
2328,0x43Ba224fb92e51d91b16ef3dB69a0F8B2daCA6b1
2329,0x43BbCb6F8d925c30Bd2dA4BC152c4Cf6e399f1BD
2330,0x43Be4D410FA3Ce27254c6376696C476176280FF0
2331,0x43CE646a81824798CdfBB638c51231BA8C1E9558
2332,0x43F486E48f54BCB7545fA497116a6Ce5C5b31271
2333,0x43FD2d0280A6dd6c4a7021b1B6B5281596bab50a
2334,0x43a87532731FeA98B9Bfb5A126a20C85b238c619
2335,0x43cb5d83fAac0590e19c4BE5Af270c08598d7aa9
2336,0x43ce45127B92D08D078d1C7643Cb45F4A21C9ae2
2337,0x43d56d3b1DE1B37E72Fe6dF5EC69673B271C6fd7
2338,0x43db0Ad24aeFbB9bbe244c801a1205A7A2de4b84
2339,0x43e07Ac6a767b49238aF4AbD02Ae01C64be98449
2340,0x43ffABBD291c4CDe1e3cB6b25B914d7ba8C7eE89
2341,0x4411dA4Ee794546B2C7Aea35253a8fE7bc00af13
2342,0x4419f8b07D2D87b57C0361b49DA614B309A09417
2343,0x441Df44D430282a9702B86c955B17227487031e5
2344,0x4422c9b33ac975eA6b36708aA39a4BEC5244273b
2345,0x442603794BDBFcc88f2efA1BcE7A6cAeC3e34aD9
2346,0x444a5E0d2515f322E7278F6EE95CB34d8de98f09
2347,0x444e01DCb3A1eC1b1aa1344505ed7C8690D53281
2348,0x445d58Ddc013F44d817d35EF4846D217F635c258
2349,0x44717ee7405bD4af09a5Ee8D0EbDdb992C92AeC0
2350,0x4474cbf687E2C22E05d6aa8ca76563CC31122111
2351,0x44874041dFFFEF31F0935e27316022d7b2023067
2352,0x448EC8bED0Cbf476B741ce69637944f23A9528f8
2353,0x44908Eb02432Ed27690ef3e000FD0054B23dEf2F
2354,0x449A7E1C10D2a0F68243FE104f9330fE16FeFe1A
2355,0x44A495DEA48454B130129fA2CdAf2cf69f5E686f
2356,0x44B4DdA54b83094f692df4cEAF46A3954D19AAad
2357,0x44Bb0021C10a559c0394650606FBA7d758D60036
2358,0x44BdB19dB1Cd29D546597AF7dc0549e7f6F9E480
2359,0x44CB2226677006253f8Fb57b598EBE4d398f49ab
2360,0x44D1eFe1Ad9e38fCc58e715F2b5fF598D1620C4e
2361,0x44DA00f9edf2D02FA37Fa73Fbe3ee4DB5019f068
2362,0x44E3Daf6bfa2905ea385cc56A4324819755B8FEe
2363,0x44F8e2EA8be0acA517136B38D3474998be6D53A8
2364,0x44aBE8A021973dcF8bde8E333D990E9F91A953fD
2365,0x44da7Dcd75b9E628865cE607a7474f095E6A8d09
2366,0x44fAac7053f124193d0870aD1209557Ded5cBD0D
2367,0x4510DFe6882B11273Ad206F9D533521795393010
2368,0x45157fDF0830fE983EbA4381A51BBD9B83fb2f58
2369,0x4515FD39DBba0361Ff276c98cC545C41F76937C3
2370,0x451aBE3B2d53BF8520692Ad5FC4beeA8E2564059
2371,0x452b8D54FEF2BdD9DCa8755c65F145BaA3b2937F
2372,0x4530B100BF6400268E22fE64d7548fFaafA8dC39
2373,0x45312c391cCa9236cfbe90b91875CEAe625fBBE3
2374,0x45385cA9Be4F592ec2d7ed65fEFBcf72D3cD10Df
2375,0x45487384181405BA3670eee161bb1A77C44d0807
2376,0x454A31b41113c675548b86aad9037E4288B709c8
2377,0x4556D5b70c1e85215C05E1E46Cf88Cf199CAc1bE
2378,0x45571135ADf439Be50019ab997E9F864B91Eb6bc
2379,0x455f0e10662Dd61D213f84bC32dcA362Dd08f531
2380,0x4560F655901E83e764b56183aCCE094427b84495
2381,0x4570d5b4177Cf209944e8E3fB1f2A77021ffD5C5
2382,0x457f2291324852f3963f0A99cF88A51C42A87994
2383,0x4584e67B069A9E93834a675920942Cfd34BC2a66
2384,0x458Bdae2FaC0F3939075206eD1E060Fd1cb93Be4
2385,0x458F8b980cDFC6C75932551603E64faFC028fb19
2386,0x4596DE8341B615A6043359581BBd61E3cab9bb2a
2387,0x459aad507447e9837fc6890903B5b5426C27D6f7
2388,0x45A1089F3601e33bCef7ecC768AF68a65b15C09c
2389,0x45B14b5d5C536C3FAba451A1ba53387dcdDFCf2F
2390,0x45CEe5deCBd2840A5881534b2D07afE7f67c5705
2391,0x45Da207dA99e38854c3FD603e68847f5D1DBcD48
2392,0x45E6CA515E840A4e9E02A3062F99216951825eB2
2393,0x45FC5d7588e280b4b44139d33fe7BC85D991ddD2
2394,0x45a2006B760be8dbC6F582A6babf8bf64bCDAC6a
2395,0x45e2E904AB6A580f8D2ff65E62Ea7101002D1fcE
2396,0x45f3fc38441B1aa7b60f8aAD8954582B17C9503c
2397,0x45f70017E7728E9C49dB8910b39B05123bcFc254
2398,0x45fC7D92833EB3BBD5E3414Dc645FB6f34C5401e
2399,0x4602525fdEee4084aE863c5A81D605b498f4714e
2400,0x460D4cd6a0c0f99447aEa7D3b86cCfA076eD6e1a
2401,0x46203B1EC698D02176519660801Af54BDF14405b
2402,0x46215E0fFE60e765457E337c5E2DBC25e1b45b5F
2403,0x46340b20830761efd32832A74d7169B29FEB9758
2404,0x46387E1e7F51e6a4E2b3C89D7C003DB83Fa0D167
2405,0x463bF32AD29C2D933aC218B909559ad983c4fA88
2406,0x4640fBA5aF033263A575c1Da97e04C9B77C792B4
2407,0x464fd6B8E4DDe4352117940a07d7cc93269a77Bb
2408,0x4659fDA24b3675bb18B2BF645703D0c344c0f665
2409,0x465DdD05D715549f498dEb0d1AAD03d07e7Ef9e6
2410,0x465bA1a17D280888EcD7200bd48547d791C39977
2411,0x46663807aC70c62C44df3aac95f2e9254d31d77E
2412,0x46778900b9F1AE4dDfe27d2d9E1c8235dc1f7b4B
2413,0x4685603BD12DC19cA854d2046D05A155cdfE53f3
2414,0x46A12C32cD80B0d13BF7BD944f3CA167E07E3d2E
2415,0x46C358E720121D81C6962131d0807D3E86688b3b
2416,0x46Cf4309B454564d059E1ec92D132B1b691aF659
2417,0x46Dd96270e7Ae8bccE4139aA6064F98128733c84
2418,0x46E83C336c6C409CC06BD05946bd677C259e4DA4
2419,0x46F6b742135A31e0670905AF32B784F73C4dde46
2420,0x46F7A9B8FFCbe97763A2aaEBBF54A9eaB8d9481B
2421,0x46a0B4Fa58141ABa23185e79f7047A7dFd0FF100
2422,0x46a293bBA3EC000E4caD9D5F09D737DAbbd1C7cA
2423,0x46a91D4d7E666642DF2a78330C274f1CBccb701C
2424,0x46b566E9D2b959E729DdeEfDFCF8b3eC31AE3A82
2425,0x46eEC124bBBB2989FA6c01feA3E5CA8A0Ed185bd
2426,0x46fc8a42B4b643401fF2BCad8c1b943535EBc1bB
2427,0x471c0595aE87BBcB128610edF3D8d46D1976beB9
2428,0x47228E035D91bA0130a32f7F7Ac0530B4B13797D
2429,0x473869D211A9364b13806b97882f741acc444295
2430,0x473E370Fe873C82cab9038B6B8ADa27391782c24
2431,0x4740988434Aab9d22d5E096f0551605bE9F9637D
2432,0x475E54Ed0C098E14eBC74748eAd89fAC8cac58F2
2433,0x475aa6Dae824a7E7304FB4EC5f856660C9344a94
2434,0x4771A4bB87B22d32ca4F9caE8B4Ce32157F73AA0
2435,0x477573f212A7bdD5F7C12889bd1ad0aA44fb82aa
2436,0x477ADf27A761167484aECCbE08b9D30Aaa12863E
2437,0x477Daa7Dcde2bCd88FD6D2bFC76aF6A45D7E1590
2438,0x4780142De3594ebC209c950cFD1Bf0e70E4DD1f6
2439,0x478683278e0f1093baF890f9a53D9cC5B5a55369
2440,0x478e0679EbE1E16244300d3fE257003BeD367375
2441,0x47927b4e81a4a36Dc1C6C340464fd8aA502FDbf2
2442,0x47932Bf3013308a46C1662710Dfe153a4870C6f6
2443,0x479Db4DaC1F196bcEB97d52E99C3f4959d93B18B
2444,0x47A5B6c45561279Ef8F4088031d2C1801BBDC385
2445,0x47B87bddcDbB573860e5Dcf4a182a2f5d32b070f
2446,0x47C0976FA90A612B946ef3186388918a851A5217
2447,0x47C1AeB0c7505d05e09E10c321A09775bE022a38
2448,0x47C2F6f13C97C4a4D36B4E695F26d648Ee053ec4
2449,0x47D0089e428175dA1D88cC800f47c1C7a134c0b4
2450,0x47D6EC9DF712DaA0fFDe287A8D346FB038eF407A
2451,0x47D794e5F534f8442030f4F4C7513c9CE144B4aE
2452,0x47F7EA0dd4418AA1cec00786F5C47623aC37bA42
2453,0x47a7729aD5997D078d8e228a5c2Cc44A80ba0ecE
2454,0x47b37E124Ac685bFE36b0937eB0fB13edB94A12A
2455,0x47b52376712893d1d44d78c34444883A0F66cD8b
2456,0x47ec58D5704082527a90362a6293029d7Ed5fc4E
2457,0x47f79EF32efcC1E056d698Bb264E80C1c630BDd6
2458,0x480C5864BCCd82439a34E8FaEc48e7334a27A153
2459,0x480C896bD09D0bA7d4522F9349D8e10eF36686f8
2460,0x48171B5d7cc16099b9173F690512Aa1fc8CeBb49
2461,0x4829b09CB11c95cdd9Da3c0B3e2Ab06bfe9Cd4B3
2462,0x482CdE2737972FdD9C9a08A3ae5098A758bE8bA2
2463,0x483F470D318A3489BB5cACef640a540272B8C9ec
2464,0x484af705B49c7b99896fAB1Ce9f0a9fe88Cb4039
2465,0x4859141f4327042a4a30A18B25aa2f4F1F043308
2466,0x485d20e8aaC9F7C6a39D05147737487Ff4093Af4
2467,0x485ff92f6821402f6Ef9eA62e93e625751Efb1D1
2468,0x4865D1cd8125eE82eC2E891B53f9f478c56DE551
2469,0x48665078b8bE65aea84eFB9D5C4e8E8EBE49F758
2470,0x486CF80734383894fB180751623853a1ce30DC0A
2471,0x4870F68EBf4b071eA686b9306B80f8AcebD3B396
2472,0x487d0c7553c8d88500085A805d316eD5b18357f8
2473,0x48851125dd2fC3b20dB50E8F9a2F29640E58408c
2474,0x488a84285B2E9452c80F35D347042c8324A24eBA
2475,0x489771Cde4A13Ac7b9497A42B105100d39C9EEcD
2476,0x489Bc4FD420711B3B858DCFcdCf17Ff1DdC68D3b
2477,0x489DEe5055c36fA804AB75d9B28e39bF2a76b793
2478,0x48A62016B409cB9a0989dD1A10a5C4C23B44755B
2479,0x48BF0d8cECB8ea97a6873D3f03B137acac36646a
2480,0x48Dcfcb2f51F5e0783A68F3c3FbF67878a21a1d9
2481,0x48E2A511E5956e5b3f321C43D8dDec68Ef9aE94e
2482,0x48EC384dd77323b9fa2d50e55366C660d841371C
2483,0x48FBA5E6F1bbFC7aE919914BA7eC6C5297D49358
2484,0x48a6da289730be4FEF12FC56Ee2Ae1F1Dc51802e
2485,0x48aBdF3D56B2dFF28704406Eae3cc7E6d97f518b
2486,0x48e68c7Fbeded45C16679E17cDb0454798D5e9B5
2487,0x48e91eA1b2ce7FE7F39b0f606412d63855bfD674
2488,0x48fE62bF092DB800Dd3000E960C75DA5641a36d2
2489,0x4900D62465100Ec25e7480Ca31Da2f3F634BA58d
2490,0x4906E4f95ad546cE865916F65C825e00630bFfa8
2491,0x491A1Abe11f7CE6FCc0d1902DcC899b38e2BC6B0
2492,0x491eA5149efac9327E244a2144beb5B46De953da
2493,0x491fBace93352CB63278218eC57DaE98C0795ad4
2494,0x492d078E168296A781BA317245B646c53a99cB18
2495,0x4935801687Bdbadb8a274F818e4B527eE22D200C
2496,0x494e549348a3405599f41a502C2B5fA8e5d292b5
2497,0x495777d428c15D221daA6fDcB695467954Ab60Ea
2498,0x495C2D5F11D3D695EFB7c960cbF9C6AfaA570135
2499,0x495be76Dc1eEdF5a0F97122a3D184C601F28F10b
2500,0x4960170D73F32F6E28302CD3F356E284034F2880
2501,0x49630fa82668aF88D51cdB2F27Ff7eB87C9E6a24
2502,0x4967C462966D826fa32589747Af722a01E5f9Eb7
2503,0x496846Db1f8dB86d0d83532C8E7feEc23034bd2e
2504,0x4970F7a02c658B44bCb33dE38810989C912af154
2505,0x49736674f4123A1E3eDA35cA17f64871E3a91d50
2506,0x4975dF3aeebf72dc7E460ee0A883B1791Ae9D09a
2507,0x497D1aB3006905090B8F6f408Dbc3BfaF3D7041B
2508,0x497ec7Cc8e13966e3C3b6EA9666BE17017DE0af9
2509,0x498D7dCfd6Ee47e138955339FCD6ffb1fef36bF8
2510,0x499B679Dc1B480b5Beca6cda66d3f4a33ba1A77b
2511,0x499b5C49F5f3a4f96d1f4Be65b5E8B9056a521a3
2512,0x49A6637c3e58FaE43DE6305C08214A8142d9fEF7
2513,0x49AEbaA049cef4c1205e99c6aa4E3FFD5d594EbF
2514,0x49B0F39FF2CD32B9e5F55bA81D06D1030fB54101
2515,0x49B201fe138e112c5156F9504feC2641bbB45BE7
2516,0x49C9B2CF733f356c659DF3976d9Cdc5365346FE0
2517,0x49CEaD96dcD0306dA75B1965E96852b2e8625D25
2518,0x49D11ec08cbb8eF22da431FDa7183F9D3563f0bC
2519,0x49EA8E78C25551cB1DfF61773813829c0a5499c5
2520,0x49F3D4f280dE40667c99116FA1329Ede599FD8FB
2521,0x49ab3967F4694289474077c977943d83CA157809
2522,0x49b6C4856d832a6b58d2f65F117fB50d5DB41c33
2523,0x49b97B1F1be36296a374376fBbad5BBFeF33Ff46
2524,0x49c44f4890600A1f6053781E6d89a20B817F0d27
2525,0x49c83d6c587E443877320b571FFd3268353a76D8
2526,0x49ccA95dD672b7f931428337b1d7437319f38515
2527,0x49d62272371bf192Fc722AeD307c97d00dcC3D30
2528,0x4A0785107152D99869a57b1EA8Dc127C5176c6A8
2529,0x4A1653Ae05202D824aB0a5987cC6ebbFa1ffD357
2530,0x4A22aB5D4165632c546B10F57430D5109CF89648
2531,0x4A297BdaC445E918f0684fD4B25E94DF5d3684C1
2532,0x4A2ea96722B01c1E626Fba0F4806257454c24458
2533,0x4A4359FDaFB583C1ddc90Eb4C2e35E4891cDf051
2534,0x4A4e0969E55CC928Eaf600430CEe43DA23070dc0
2535,0x4A4f1C998b89C0dC000983FFd997420Dad282ca1
2536,0x4A621fEf2bB5d7E07795814a493054b53020F9fd
2537,0x4A63E9843d595dAcdC0c4bd4f9C704F507aFB825
2538,0x4A7ACf35Ee3383a11e00f08108EFfC8A95715FfA
2539,0x4A8C555cd5CE535049f3a0FE4Cf2099fBd5AD87e
2540,0x4A915B337B38f4755b39f2801D4Df2901A1432CD
2541,0x4A941e61f3329a63Efb0597A270BdAcafEE6AAA2
2542,0x4ACDd1EBcb6c9661D9e7886C288A63edA8C9D0A2
2543,0x4AD08Ea50D5F62Fd0385Fe7a44E510F2a6432482
2544,0x4ADD0D68CeF017ea1777E9B13D789479D0F78647
2545,0x4ADF44961a7CBe8EE46B2bf04E7198e879677825
2546,0x4AF234c09B770001E21d7C16373C02703b2f1b8b
2547,0x4AFC6fAFbe1cd2B4c074107b86d2FB95C4c76abF
2548,0x4AaBca94B5a9a9f8860c285Ca6924aED07523411
2549,0x4Ab5E3F0b2d1604dD2002CfEcA6163802D74c6Cb
2550,0x4B09FAe65705466EF0F646E158Ff156C6229c197
2551,0x4B17bc3332C5A64882E0BFa2fbd3e1C024D4D28A
2552,0x4B232AbFf01230ffEa40f85F8a96a4148863716e
2553,0x4B25dB29B06F14bc39463D5347312e732c81391A
2554,0x4B39eaf26ee54a089c668435E92E183b2621c4D3
2555,0x4B560DE737889CA910c0a12C56662Daf2fb3d76e
2556,0x4B67462d332b52d43Cc10b15c32742a320e3558d
2557,0x4B830E91E6D205758055FdB2D56B1422EbE98ceC
2558,0x4B8956753F22075d409B213B38269ca93069d48b
2559,0x4B9CCE0e6c7ABE8a3c26f513c06517F667b3d36a
2560,0x4BB6ECabf68b757B9bAc6BD8A06887aB7fB393AB
2561,0x4BCDF08359Aeae40AaFDd2cC282e7c1FBB2d310a
2562,0x4BD30Da63e580D4D3Db9ea327CdC91c071B2DD97
2563,0x4Ba6f22138cAfA75b23fA511B04F514D93Bc88dd
2564,0x4Bb00500202A54cd352Ff93a56856B3320809002
2565,0x4Bb7fba588B4254536DE4316e8FB346bbe275EcB
2566,0x4Bbce58CB00D75A438141568FE7a15B02d21481b
2567,0x4Bf1fBC233Cd6109c35a4cd9D34540173Af3234c
2568,0x4C2F62d6F34388a8D134907FeA723E7ed902FE22
2569,0x4C31c2236004884c1d819096343c827c6C32A938
2570,0x4C4B91aCE9349bc188679944ec97e3213e0eaD60
2571,0x4C4C79757A0C3e30c881Bf0230cA8CC7c5040Ee7
2572,0x4C6fE86bAea580dc1aEd8314B252221803d5aa14
2573,0x4C7455C46234DaC36DEB975AF47e504CFb2b738E
2574,0x4C8133051B300CCd66b6b35c5a0aF15b6A97012a
2575,0x4C8356309df3494aD80973eCB42A4eD33acb2e0E
2576,0x4C9d452D5F7bcC0FDfB5A6210b9774C7F555e8e9
2577,0x4CD202065e25aE7dEb768D1E85739459e6e1AF68
2578,0x4CF68B78bb2C89dd97A98aBc429351d63826e88C
2579,0x4CFBe544C087E78240d80Ac51FBb00942ED16F24
2580,0x4Ca0383fB52bDB931209aAd7DB5ae1AED286503d
2581,0x4Ca402EC4AD01F0C25037e9D2231c50c597103c5
2582,0x4Cc18CAA850Bf4F4085264EC5DaB978e998b6BDB
2583,0x4D00AF255c2886dA69287c6FADf059AC874E1933
2584,0x4D1cF9a78955bAbbfb0BDa0D6e132d38d12Ec97e
2585,0x4D25b4Aa76d9C7F45bC6128B8096431592409Bef
2586,0x4D26a43CaAc5424d3C2b691C49CEF00A90d4530d
2587,0x4D3A307aEc8eEEA1ac093B1b2F4Dca8E23A064ca
2588,0x4D3fc3ECDf66bF1ba88cdD8509331bd45968aff6
2589,0x4D602037a72e5dB6B5F0156721ebEb3BeDaa3c06
2590,0x4D6DD50CCA68d0b8f4ceC39270e9e113b4A2808f
2591,0x4D730ddb49feF56c2797e25084e9A31b16162013
2592,0x4DF743E42f8435A6C81f6466e296E31b25693FCc
2593,0x4DaA343cC8aD6FDeF356A77a811f2c0C39FC48cd
2594,0x4De862E9872FB221bB3277B1500e506fBDf52447
2595,0x4E069b647A21c7A0b0fFeE09c18a885966745780
2596,0x4E0dd47b090874453D6cc1Ae496BCA1c0BC8DE17
2597,0x4E21147A6FF88d6e75417180bEeD12DCa6bC2D41
2598,0x4E3B25867De0a3B2963De61D8Cf0410a05c84fAe
2599,0x4E420AfA7C700904B3D4711db7ddd5b94FC45567
2600,0x4E604C5a7eBc6cCB5d0bd07Dd5590c042e23eD7c
2601,0x4E61C87e8AbfaEca6743Ee41ad5e915d26b658EC
2602,0x4E6524146d6aC59707eD1d5473AC2Fd2A59131b4
2603,0x4EB5B3eBf7c595Dd2c7Cb4E1cDD94713B2246512
2604,0x4EBCe905d74319bb3389f1fE7FA0f4799C07dB3a
2605,0x4Ea27832FfAAf151412D111d3b2d268Eb286394f
2606,0x4Eb2C56dC750B0eA0e3D7cA5F9B6230bf6dF2D10
2607,0x4Eb66606Ca420D725AF8e2B735cCFc297cAEFD6B
2608,0x4F1B8A45c8197a531CC2BACAc6e066CF27c04A77
2609,0x4F1a63e53E67bE6Ba0f497D91a3259686d41A540
2610,0x4F23aFbd0C001065b935eF5B36Bb4a4862BbC189
2611,0x4F246272CF7f66005C965f8a36E132C2a1Ed34Fd
2612,0x4F30c40Dd5D28908bca691530D31e48F54fDEa94
2613,0x4F321aD6dDC21EBcf9eE7213D2B41895196b6a9B
2614,0x4F3253b0CdAd8F3e76a29Fe699BC288738aB3441
2615,0x4F3fe39a6A2516501EF9d03094f3FD346FE402e1
2616,0x4F448930f7b1bE2601Bc5B5BE5Ee865770752358
2617,0x4F50d47D20380172746527bbeAa274940C38EFAC
2618,0x4F5695d12c30eae448c5f38023B12572e483453c
2619,0x4F57922e149AA49e0EbF9de077D700c3ac74A775
2620,0x4F6F2C9B043fd246E4caE95A5463C9d9FF1bEF05
2621,0x4F7Ce100e7523D3Df9F517FA7F57f724114eC3aC
2622,0x4F9a04Bf67a65A59Ef0beB8dcC83f7f3cC5C5D23
2623,0x4FEd1981a8Cb4823fC0EAA458993146536de3AC8
2624,0x4FF6Ec501a3787E1cbDfC7cfe0dEE0b9eb546742
2625,0x4Fbf0C05E0F6F8653B7Ee7CFfE06b2b9633c74b2
2626,0x4Fe6c0436b9ab764208291E5a5c545105F5c2351
2627,0x4Fe992E566F8a28248acC4cB401b7FfD7dF959B0
2628,0x4FeB5e8b30b355653E27470Ef4a1F3D5cd355762
2629,0x4Ff4E901062B203b8942dDE23E4BBD0A5a7Fb373
2630,0x4FfD288F35241f0C321C92BF17a933DBfeD3f714
2631,0x4a02071b4dB3fb5076f86CA48aD92D838622Bf8d
2632,0x4a15c1D012dca8807025F8EC54168F112f0c35DA
2633,0x4a321acA9355a5c0a8D60a000A5F310A9B963136
2634,0x4a32a2a2640aBAD3d4fE15100afc625355733077
2635,0x4a3e950c35c6d9c2d8f5F0a6CC03aF9942134840
2636,0x4a41d468DF9F5B9303ff5F077059E6332f22A9d7
2637,0x4a4AbC2439620b311e6E044Aa22841126ceb9CF3
2638,0x4a4D944301507a175824De2DAE490e9aECa5c347
2639,0x4a7DC0A1f68EcFfD1588Df798d95C95C8aA7efd9
2640,0x4a850a738031662c4b3ef1214f5C93202d616835
2641,0x4a85aF6f3C64F0cCE8EC0Fe8d676eE855cd132b6
2642,0x4aA03fCA839370dE053078cAee2881F4B4d72F17
2643,0x4aC18BE4aB6B296E345E135dC1BF5C346f1dD75A
2644,0x4aC5dB5CD6C8260E635842FD0995CDeCeA577211
2645,0x4aD38f3f93D6c406dC39439Ac383218f44367f25
2646,0x4aE0C5D59a627d7A56943bC842826ed4ce3Ec759
2647,0x4aE488d14ff5622ca5aB1dF32a8C26E775d4a7D3
2648,0x4acF6D03Fcb6d90bdd200a522Dc0A00590af0cd7
2649,0x4ad0186e1285D2c9883d76Cc96CE021495a23fF1
2650,0x4ad63F1A8140326f66a23c109E38504759d28cBb
2651,0x4ae84046DD7450255579D7103551aE287A93feca
2652,0x4b070C428DdBb49524aBf2d4BE4998C1e3B6F3A5
2653,0x4b08DB83AAd4141F97A29aff0E72656C52fFbaCE
2654,0x4b30796BF2Cc2092aE7341e2999Ad73D7d456013
2655,0x4b3278F510E680CDD74CC875e436aCd63fc96681
2656,0x4b433B20e0A47C6e0fb4f01cEC1095664b398018
2657,0x4b5625cB917EBdD2517e92516BFB4dA412D4FaF6
2658,0x4b6D425FAe5eF632fc6Cea366fF2f7B0d5110374
2659,0x4b839e33728D03C55f7b8b345cDD28A5fE1782eA
2660,0x4b88e3812C1C2d14E31Ea1c214e4942Be871B5c0
2661,0x4b96FDF73Da440ef46B7863a55634fcf51EdC7E3
2662,0x4b97C20378d7EfD6Cd9a36018994894DC5F2B24D
2663,0x4bA0b45DAa3F2D75D2FC6477171795FD20Db2995
2664,0x4bB2cEAf57c0F92d4ccDce816a1c4D2088Aa9649
2665,0x4bFD8854890358811C845afd9f42c03761Efbd17
2666,0x4baa2F4f88f9e175E139E883D726DC4bFEA3E594
2667,0x4bd78324Ba5a88c8b5eC40C44b9AC33edF4BC4e8
2668,0x4bd9A8f4ce645EC217b39996c7bC0304BFA43885
2669,0x4c0E7995fA4BDCcb86103bCe95Aef969000aDc90
2670,0x4c0e3AC09FADB540A612a45BCC56C457dF429c34
2671,0x4c15927Bcab49Aa1E741211804B142672C163416
2672,0x4c1eFe9Cb913fDe7C5E9Cb8DA70bd7fa3100Ec88
2673,0x4c2083DCA8012fFC985005bdeB24E6407CffEA4C
2674,0x4c336E9f1D08b1C640927b68281266211595514f
2675,0x4c39185a078B5666C372538231cB793A0928807b
2676,0x4c39ADA0340c1Eb3CeE343F44819323dD29081A9
2677,0x4c5472116fe8fdc491428899aa7F3b2d8e631896
2678,0x4c5510d9e13089CBD198e44Ac0877fB3BD30A8aC
2679,0x4c7d159766b244C78b5248b176af8c7BB1868501
2680,0x4c8d15996A4e1472caBcf97E3BD5983e89Fb2ceA
2681,0x4c9aE49b2555B22b9d9D45096784E9F1d0445248
2682,0x4cd02F464Ddea99fA5f71FBA239E681c278Cf1cF
2683,0x4ce4fe1B35F11a428DD36A78C56Cb8Cc755f8847
2684,0x4d105327AB77C4F6a9D7149AaB8451aD2B33E7f0
2685,0x4d21F343f8155312eA11148AB3b5CbC8201C55B6
2686,0x4d308C991859D59fA9086ad18cBdD9c4534C9FCd
2687,0x4d30e1D79361824B81405aA7d559E5262b3f9C78
2688,0x4d3218B23D4f383dA54df6dDFf4833a9d36F75c3
2689,0x4d39a1758e3f5008123F81D4c1d2fbAA6Ee27Aae
2690,0x4d3b32B4FDf4Df62849b8B53fA980C8040033b3E
2691,0x4d426080B1a23d104b20Af1B7116564124303626
2692,0x4d65151cD05f43F9aCbEdBe4182b02445A93D7CF
2693,0x4d680C8906Fd236d893a7F1399A09cD2E3d7d1e7
2694,0x4d70b8Ae11D398f62889F26fd471ABbE8322BA40
2695,0x4d7f666B800cf2A622A44B0cAd65b74BD594B0B0
2696,0x4d9Afd3c42aD5a32896BF48246760e936Be2D460
2697,0x4dED706Fb77CFB71DBa5B24c5f2C65ceEc583461
2698,0x4db2b8b236522eAE1C248155CebdD24A19C1F74A
2699,0x4db4cF75DF621BD41A72E982859aA3D2f5fb7617
2700,0x4e1c799087f60fa2A5cFA2429E15F5526c7F149C
2701,0x4e29B63A980C6e76F9f56EF123DA896f9F16ACe8
2702,0x4e33EF90B558d1B09Cc2c95D7A9000A6065ACc7e
2703,0x4e3FcEbdf1c607c69949F72c20D579f2Fe349685
2704,0x4e547D0408AD6d35fdcA30ca63CE9ED8a148940c
2705,0x4e5C07363Aa0E9ADE13eeb4ABE73C674f0F6cc8a
2706,0x4e5f413f5c5415B4E3F4615C3a0AFFa5Ba8c43B7
2707,0x4e6467C6869632CE3399771789f13A49708b82Bf
2708,0x4e6b07aF2BD618145AA746e986d7e1BC5fFBBDCb
2709,0x4e8BddCC87D1B6B10f3dD27DAf2076ED11e29D46
2710,0x4e8D24a90bF0588D5d35d2e179aCA150B72cd149
2711,0x4e96d8Edc7405393268780cB997c12236345d5DA
2712,0x4eCDEcc6a287864EDFbFC949d5eC5Bbe3ac7Fa70
2713,0x4ec5AC80991913B88035D6A0002E76C1418bf356
2714,0x4ee0217B7942B9CA1DC301C4AEBB6d8AF9BCf707
2715,0x4ee50c094cD4e2f984BdE43FB51A4cAe7Bc3A46A
2716,0x4ef2Ab73EF2214EBeba6f087A8DcF89731504301
2717,0x4efd837a4DCC6c748c3e6Ef5fcab88d5A8E63454
2718,0x4f4758914ea2C70D869fFCed0eA5A81Eac1D879b
2719,0x4f5653B99f9Ba247848Cc152a34200ef780EdE3E
2720,0x4f67AB0d06667EE5993d19be8793F4afEdD77995
2721,0x4f6DAFfc546B1460d3359d5C008147Ac5F988A59
2722,0x4f974604F518FD73d92ff493883fEb80CE58552C
2723,0x4f9C100B923c3BdFd03fdBbf027Fa7d31dC69dA3
2724,0x4f9DF4fB0f853F7185337e5C5E63Ea96f05084fB
2725,0x4fAFf24b7A9CfbeFdED71E7e38A4B21e854303B6
2726,0x4fF9288793cE6c98D7dAB429f8ad97691D8a0F5D
2727,0x4faaDcFFAF250B103d068B8562fC0B8c0c3956eF
2728,0x4fbE70945b0bF48d565AEB58996feC1DD60D1b6B
2729,0x4fd896a8Ee55bd593E8D3171fF1E9CF193D0F9C1
2730,0x4feb480F5863cf3eb2dC93c55A82624894DEf5E3
2731,0x4ffcE2b2a325F60219701A57EC5ED379749c4c90
2732,0x5008BcB0D72964ed9712F413628959b793Fc3c99
2733,0x501940f038E9f84923b44b0f47A07b6515AdD2D2
2734,0x5025F7A45163B817692fF4be1BcAFDe1967e88E2
2735,0x5026ED90ed20329e2EED87deec0db0aB85A13Eb6
2736,0x5051bEb48C656f965A3554f9D463719735392446
2737,0x50551Be579C567802A93e1c453C2861701432419
2738,0x5062cdf3D3F3479EF943d6b46455b31e0AC96354
2739,0x506549a8b2616dd2E08cBd78aD95C8A133BcBDE3
2740,0x50664edE715e131F584D3E7EaAbd7818Bb20A068
2741,0x506BC138EaF3ACA93cEA427b0e641C697F874ab8
2742,0x506f3b599432e4F2bc6BeaDdF998Ad04d3741AeD
2743,0x507864986488e41ab2deF1d7720D755861234861
2744,0x50884C20561CbFA098Ad71755506294DB70B6A1E
2745,0x508fb7bC68D4c4d89A597289929fd57dF2b311d0
2746,0x50938632D3690e73CC1065A107ad6DadE1e5a9cB
2747,0x50Ad452DD4434E547c88262a00f08517743B4c02
2748,0x50CA69728b214c36A1dD0bc6DFe3d1E4219cf197
2749,0x50Cd1504eCEC6f8c560DFC7e5Fe9e0C1bb621470
2750,0x50Cf1B844068F7dFE89f078fe6D82A7A4a73b180
2751,0x50FCf44187f5408a593084113b78Ad79Bac611b9
2752,0x50Fa2ab11Eee3b3089861340dbD5b295B085b42c
2753,0x50ce116f8f99B627896BDE49D94F9Fa7E78DF8Da
2754,0x50d04036B0B0c2C8077d5bB7FAB57dE3d7c67DDd
2755,0x50d6A949DF7f65BfC2839965C2b660Ba2F7b363a
2756,0x50daA42E2CC482ca2eb3C7159c1f151aedC35565
2757,0x50e537cf09113F6fD9542fabA009057dB0AECB9f
2758,0x50fC04977EF8A9f31C1F3B18F7290b250de261b6
2759,0x51026fAeb3570a82a2267517E196a867e4e1ADa8
2760,0x511499FC4c7Dc1Ca0AfDde16533Aa9eC6F44Cc8D
2761,0x5116Bfc7187d163fe704f707402febeA087596ff
2762,0x511750599D773d603717066D1FB8ce13894BB451
2763,0x51193Ec85c4CbDEd6D8F702fc5C10a6D96C64D18
2764,0x5123fACbf6Dd239137Ff9Efa6334DA47899Fd7f0
2765,0x512E07A093aAA20Ba288392EaDF03838C7a4e522
2766,0x5132e291c113F33074925a237e74eC861965FC5C
2767,0x513AeDacE44cc9a0724CA276a8CeeeE950903576
2768,0x513c62bc775aDb732BCBb86B894f8823Ae880EeB
2769,0x51478F6917A3E1928b53e3A584cC9684Ad7878Ab
2770,0x5154d3d9Ca95911dBE017fa23A107Aacb953B5C5
2771,0x515DeBdA7fE8cE1F3d7E04b9F95e2e8F3Ac90B89
2772,0x515E095e93AC17fA133B39De2D7807f43a39AF47
2773,0x515f189251c99f70FF1E94C292347343A0327618
2774,0x516a24e7691b34752772a699962e1b632FD083C0
2775,0x5175681057618bb5572f56491b6ee263D2A46696
2776,0x517ca84c6d5065717C0AD1f50eC8a992aB731aC3
2777,0x5181D14EfaBbbccc04DAcfb91a08609F6658BAAb
2778,0x5184bF633d2dB3a4669B3a6F7a4000d1B9edDe70
2779,0x519772Fac1842A5a0d5126183DB0b1C8cCdE7dfF
2780,0x51A23045dB018780dd40C890C62368C187E8d179
2781,0x51C86B804e5C2B50953026889A6b645c4c116716
2782,0x51DFCA1CB4eac9F9207Fb8AB43E96Ff5B99Ff24F
2783,0x51E1dDF728da9A789B53616b7E03AAA1d39c53be
2784,0x51E745B5336DECE46899543EA0081A0C5e1B8569
2785,0x51F0F62C4cF3504e0165E699ACfc2409482D0fDb
2786,0x51aa29EFA9C3761fd9991231E950578589F0E799
2787,0x51b2892ad4ff9dbE7794AB845C888Eb4045B7102
2788,0x51bAFA954b346537533EA14684CD46fAbB6e4E72
2789,0x520569C5Aa83865d03ed7d26A5408Cf20e8e3207
2790,0x520d4cEE24dc34B03Fb7c877dfDAb73BDac44099
2791,0x5218Cc76b0C06a3a32536B049e140F4255FA25BD
2792,0x521946856Bd1cEE6eFCAE30a418810698a0f64A9
2793,0x5224Ed79876c58C378e432BDC2f0711A73E6DdCc
2794,0x5230C5f58fc32aD8995F317E5f2E97f8cB9cb557
2795,0x524802B34cb508BE2062D02a6e1CF577c2E66fBA
2796,0x525B41C72c4Ea3Af9fbD47AC8E9f1ac87364908A
2797,0x5269389A29A28c3173Db02907c8ad0b009da3425
2798,0x5273b818F64Ee5aEcc06085bdcD3825b8416FF40
2799,0x5279E7ca7e4038b4a22d92E923719eE2D793D8Fe
2800,0x52807F77bE84572f1ce26796B03E174AcBE181C0
2801,0x5281b84B958c872456604Ac290eEaEB7de7561E2
2802,0x528A1713FdbCa1B3edF7857EC2C3366F72C166c0
2803,0x529836a899f0d8ED33753eE5045e208d8b58f31e
2804,0x52A11f06A30cBB704aBBd069a93FDf6d853FC3C5
2805,0x52Bb6384651B8d3fd1057CDbECF368CFdb802B87
2806,0x52a0c25471E5756E49948A5aC15055c77301dC64
2807,0x52afEBF8Af3172A4089097D90BDB1A8eEBA6e619
2808,0x52b54cC9FF0555ae19930b0D27a035936357d298
2809,0x52c7e3A333dFdCD5fcaB4B53eF87262Ae60b0467
2810,0x52cf1d5027CFb7C6AB7584bF7Bad83476D3a0404
2811,0x52d5D9e29e9C0A4d2139051dD29b47aeA7257E2E
2812,0x52f0ba11f475Fe9e1d4ffC745FbE8e3214036d29
2813,0x530577568D0EE2d5dA53E27951f1A47FE5a0992d
2814,0x530deFD6c816809F54F6CfA6FE873646F6EcF930
2815,0x531B0FCD23C3308C7a7E77e2a7E4F8D9cC1A73d2
2816,0x531c809ED2276c25F9B5aD209053ecA9D6b56a6e
2817,0x532ab7211B4959478491d1F46519E160282bEE84
2818,0x532e9DF581aC1073e6D74d23d97078c31c04DA3C
2819,0x53314bD547BB74B6BdCa17802917167442743174
2820,0x5336AdD595f223172A68ff1446b05a182DD2CDEe
2821,0x533aFA793377609eC5577F19cb0E2dCD400Dc656
2822,0x53403D86d6393cdE5CBD2D4F2F457931EF58C612
2823,0x53499bcDA5f8A2E4f07cadF96ec509dA98E8440D
2824,0x534d6a8aA787b32950F9093fD1AEE25348E9B0B2
2825,0x535026D766548F5523E29B410ABe932e412196D7
2826,0x5356df73b293BD9c6e8eFD22C99833391EF8821A
2827,0x536C5039Ca97837A2820C2041493d0387bC34609
2828,0x536bbCe5BaA5547535296331Bbc62140F397A784
2829,0x537037C5ae805b9D4CeCAB5Ee07F12a8e59A15B2
2830,0x537238F02eE395f7Cb63BffdeF930740EB274FeB
2831,0x53731084046445CC59Fa5d7a0b9588467eCc9D3F
2832,0x537d4a931f96Ef4bfC1712E5Ccc1284b1B7e94b7
2833,0x53872e00E192E844381B62Cc075Ac4dC8fC13F94
2834,0x538DeD4D0d461206AE8E0c021d5179D3a31D2b12
2835,0x53918AD92553A17fa6ACf47e9f81F5b9dCc583A9
2836,0x539690733d0D86dBd54abD47b199585B18AA7E4F
2837,0x53A9aD43467a028447b6eB2Af3E3B481FE350636
2838,0x53B13Bc88fcda6633Cc2E6638664F425E89db7bc
2839,0x53BB3778858BA6536b5AE11Efdd8D799818602d2
2840,0x53C02039B27DD93943f962bb30479D5510Bfb2ba
2841,0x53DDA0a69992B87E51F0f14B1337281f09A2c8Da
2842,0x53a1Ec31695a29716cD5D88147aBd911daf7987F
2843,0x53a831217ea3048e5F0eA9cCD96095ef323eaa1D
2844,0x53b517968dbD242De0348A2f0d70D55C1BF7BcD3
2845,0x53b5564Dc64B98163dE9Da1bf6aC97cb63919D11
2846,0x53bFd95a3377de588A7F4E07Da85f1eCb71FEE3f
2847,0x53e137378800eFbE68455dE3034E5DAb5f6e9d30
2848,0x53e213da8C28d85dc6663c3b5e35Bb0ffBb05752
2849,0x53e2Daf2BbB1B537e466aF35F6a19c9415c67f88
2850,0x53e404B7693470E62a560c4C0045890757B2dB30
2851,0x53e5b0867a89683055D0219936EdaF8296d39F94
2852,0x53e9Fb289a38E281dE419356C02A4B95A58752E5
2853,0x53f2736FaE551C998D4e72E519F1aCf474264de4
2854,0x53fc7ACdf73AcB805E68c44B53e9e734C61ceea8
2855,0x540374A36EAF09f0516b05f64640Ac954822D0D4
2856,0x5409c71b144B7620c67546025eFE93c894D69a02
2857,0x540d366Ac04Ad81303Bf28F9707294E5d47D374b
2858,0x5425a2d66764576A9c6DCD6d64371D314c6A8A30
2859,0x543657598f7b237ab7289c2CED5D5418551cD057
2860,0x5448e1EAfD0A0d7E88F684a50A09D8F8F77C0630
2861,0x5452001b9D835f145054C9Fd4c35336822860270
2862,0x545C9e0C5F8f3B92FED35F21ec99E5890e1D6771
2863,0x5471A94a7caF2bf5dE080b397d46e4F795cEbb6D
2864,0x547703e1599923dFf22202B78A5a40bE54aBC21d
2865,0x5477449A0454630ec28d9429CF9c5F934D479fE1
2866,0x547f01228743e307F75A7606DD10b94763239040
2867,0x54839d70998aBF4028A7d588180cB9052a89781e
2868,0x549750e6B5b40E627365BDcf7f7780DBfdE113a4
2869,0x5498AB5F4657423d35643895eFa2A8CC0CAAa79e
2870,0x5498f0A139F932Db84554867c9b19b7654746Ac0
2871,0x549a8291F9bDf7adaaF27F8cA6f5Bc9C46424413
2872,0x549e23fEe6d91c725Fe39d754CBB24A4cb70726b
2873,0x54B325783095132A996027a622a5B4Cadc8bE876
2874,0x54Be09baC4FbEB074c726C76041155034F662206
2875,0x54D6E8f883D1858b4080d10aE2A1c6f0Afb5FEb3
2876,0x54E70C9Db3c2cB81148509AfaA591ee049565f2d
2877,0x54E7fA2b5ea84302c2eCC13C738fa9ff8CFEA246
2878,0x54F42620a4Db88caE8407982c30Ce8331CE1097e
2879,0x54F5BA4bF05f26f10Ad1cB1228454297fc0BfC12
2880,0x54a26Bf57a41185d598FE7410976abb08f70fb5a
2881,0x54a8105bd7c2beA51B23502b26b263d2Fc27CCD8
2882,0x54b3DEbc4D90AB737e4Df4A5B40dbF3374befa2C
2883,0x54b9081c78B2ea884f79645e747a648a4078CF9C
2884,0x54c07f7579c29dc913B2C9d84f86eDeF9e429682
2885,0x54dD4659fC34D8763C772Aef0E810d6e7C376229
2886,0x54de761331FD6AD390d821AB0A29202869EEFD0C
2887,0x54e8b0e6ABDa5458013c81DDB2049Cd4A8a153b8
2888,0x54fED1cB52EAe39fFDD9BBD2e5B79a22F8Ae5C80
2889,0x5500E69d58D8f80B236C8A72FD52C538a5D5237f
2890,0x550A28383874C07e337682DA3E608A6720c37d29
2891,0x551364cdaC6F135F4E8D8bEfAc61BC8F998a70dC
2892,0x551CA8AB5eE5610B9f472D3932DD3c0694D8bD2e
2893,0x5522d96247C7f3eD4701EbCCDFb8909671C0a059
2894,0x552C35f51A52fa1bF1CA481A9a57D464474248D2
2895,0x5538793f0eD24fD4EA2Fcd5225A40995A8f5Ac3a
2896,0x5547694f9d1464a5534a97a0bCD51FF17BA80C94
2897,0x554B1Bd47B7d180844175cA4635880da8A3c70B9
2898,0x554CA9d3Efc0a17212f89CC4d3563DcbFBcB06Ed
2899,0x555187752Ef6d73758862B5d364AAB362c996d0e
2900,0x555554Ec54955c31d86Ef07aeC51f8276A7EC359
2901,0x55557a8468fFEEa69093F179Ce64eDf35347FC71
2902,0x556c2c9a1dED9664125a6dCb7fC2D78f8CF2122B
2903,0x5577C0ec479599cc1fe7740D7d32f539C85a3E8E
2904,0x557947f2d6D592F7861e916c12bD3058ACe9Cb81
2905,0x557AAb37cEE8E1E7E6F88C53ea6bf67f3912976A
2906,0x5580Cc0016Fc3DfC20eD7A0345AE6624E3E702e6
2907,0x558374956FBBc97cDf12cc534C05159884046403
2908,0x558EbE47F16641ECe69c23043d5b612f3A339123
2909,0x55956aAAd86B318992e7f6dbd8E41923f6829606
2910,0x559c9380FdE3fb55b945525CdC4c8cf859BAb7DE
2911,0x55A9C5180DCAFC98D99d3f3E4B248E9156B12Ac1
2912,0x55B2511E9A3F1aC8E5946EBb28BECd0f3aDBa4e8
2913,0x55C8cB4cf3D2965bA5dADbE11d9B2E7E636bFE93
2914,0x55Ca54Fa40d3271442925922F20F1Afb63060f2E
2915,0x55E047B48EE6d2C91AE5e42732E4241e294C3566
2916,0x55E8BfE955675aF6Bbb82801653B48b1A872A52C
2917,0x55F1E0668109D961b5895b97a48F0E655b28ECfE
2918,0x55a80BCc1157FF833Bd9BDcaF2AA9F1Ff1d8a9d4
2919,0x55d08017fF0856761861C7B878347aBAAD7e83B7
2920,0x560Dc2DC96D58EF780e8f66A61094C7D9ce92010
2921,0x560c74e81b0eE0e62a8F18034EFb5624CA148fda
2922,0x561810A2b1EDacac32FB33e9C1df72C2ab12C32d
2923,0x561f044912a428F73b230006be17783ba895B7Ee
2924,0x562574AF66836b1d30e69815bDf0740A7BD7C437
2925,0x5627A6c8ad429033e4EafeB9BC6bC500142dFE8e
2926,0x563506EecCFF74D9b22D71de5591AB99569BdE95
2927,0x5636DD8E88983c5a4e39B157bfAb317b4a590232
2928,0x563a9771b9276210D9DE730988121350D24Fe210
2929,0x563b53198db8afE7212e8327628fECDbE6052f92
2930,0x5641f2229B304bC035044C57B48F9BAd231661bD
2931,0x565f46C16b41bB7D58E7db5aFB65E67e808225b4
2932,0x5674c35Fc08993e2CC03178D78f6EB2d5C146645
2933,0x568778ceCF37724dda5f8657979bE22b7917dd41
2934,0x5689b8cbC4BF0d228EE2f2e5038885aA320711e0
2935,0x568d08364c1692AecE53a1710c054F19072692B4
2936,0x569a970d745F31c870ba04B09C31a8c0E53d4440
2937,0x569aa6D2BDbBf19Da1EEEe239b1526A855613981
2938,0x56B38DA74Ba1B0d04b7a7645A9E8f0b484c3581e
2939,0x56C29cC66745a9D2A3c7EDBF3a1fFC5De43C1E4a
2940,0x56D3D8FDCb421670bc67b65AEaF0368420493033
2941,0x56D5d8e984379AAd246C1b09f049c8d524789163
2942,0x56E0150b3Cbb9F191fe360740fcFa2EDBD1b3697
2943,0x56E63d7bd464FF387338F392152336347D825c09
2944,0x56F9ED85104AAFbae30784Cf3e32fE877bFE2dB2
2945,0x56FE37367a03A23F50D3bFDc9dfCfc0930710F9F
2946,0x56b1074aEB9Be0e160F9870C718e7485aB900495
2947,0x56d2C7d6EB7C90B9461Ee920e07AA33fB51073c6
2948,0x56fb87d40A5162E3dE4BdAf07D90Ea9BD2115862
2949,0x570a5b79482976c965b5F13c60cA3F81E853d1Db
2950,0x5719Eed47227a559386fF9bD0DD968076beCF840
2951,0x57259a798832b74903b82C089E4caCF469442D58
2952,0x57269Ec111819473A9eAD10dD8D0f528AbA035c4
2953,0x57304eA3E5F5bC495bA16E8d3EA654021AC657DE
2954,0x57397Bd525750D9ba071AF7c8bCF1cC5a9252BCd
2955,0x5746717C9F38236B6010Cf83dD1aA08Da7CBfefE
2956,0x5748c8EE8F7Fe23D14096E51Ca0fb3Cb63223643
2957,0x574A782a00dd152D98fF85104F723575d870698e
2958,0x57588370DbaefCf0DF23e3b22162741178e373B6
2959,0x575B9a1A38c2f2Aff74Fb5E5B092C7cC800acb26
2960,0x575E12e1D1Ea42828073cE68a08073900e06fDdb
2961,0x5761Fd39865Ff617AbC0C8D663eA411AB49E9861
2962,0x5763542e5De5f524037B6c90623d00E0D6099BdE
2963,0x57710B6e4158737ef8904F84f2A9488CF6B4584a
2964,0x577371349fa1F550eBd626a64904497103e69B1e
2965,0x57757E3D981446D585Af0D9Ae4d7DF6D64647806
2966,0x577c7d338910f8073a0ad84BA5eb31C87B04e6FA
2967,0x57805e5a227937BAc2B0FdaCaA30413ddac6B8E1
2968,0x5783b933441A7544D1D92f2d2A1465c8EabdDE3d
2969,0x5785Fd6a2C4e11a6F3Cce7dAD5700CA9Db63bbdb
2970,0x578CDea91e751Ff843757159A62a69ba19542b46
2971,0x579184265AC0C171628ff411E1051Bdbe953b142
2972,0x57A9758A076B4f2733F1dFC1488756228b9c6452
2973,0x57B264BAf56F5e20E16417cc1f0d52a668e09b24
2974,0x57C458c1354fEE3ABA912794709C91180869f953
2975,0x57D82aD14CA9D2d01A9B4842fD87caE48C2274fc
2976,0x57DCB0A41A6E858FCE5af493b006CDba7C4b2482
2977,0x57a4d54333c887605CB8f05e68293A6EAecA45bD
2978,0x57aC47553767D73e25Ae59C65D15483B3cD1518B
2979,0x57d393DA8404f337576F99ef71c3aa19452630C0
2980,0x57ec6102AF0BF545cbCe5857a096116B7999fFd0
2981,0x57f74Df0235F23e483BACfbD30f6972FFeB02f1e
2982,0x57fB6C359c8Cf9Caf0eC8beaC0c8b944cb63d9b8
2983,0x57fEf346662fCa88aeC5CEf6221Dc4F3dc9BFDFE
2984,0x580150ce0052C40B09d20fFF61E5a71Ba4cfBf4f
2985,0x5802aAf121fb77530d8190cbcbda4ac8451C47aa
2986,0x58235E19B7D6B1852F21649EC185a13aFA183248
2987,0x582C54433Db241412Fc6BDb3B347F0B212430763
2988,0x582FAeB9a8e10f5EfAd9A3faAdd3eC91F6D55551
2989,0x583017Fee9aF9C8c73bB07B5fEa1775BEBC4965c
2990,0x58375A7A1A718d97faFB80C3E142cD64a4C4a8EA
2991,0x5841B888EdE0f9BECbaF88257B917Cd53D4889B6
2992,0x584C7c9B0A8fB3F648c3912316A2c5E873CF39bb
2993,0x585020d9C6b56874B78979F29d84E082D34f0B2a
2994,0x58529Ccf009c9c837cDb259070538A7A6F599831
2995,0x586395F597A19F7476f77b481a0958ac43254C79
2996,0x587e9A5a4FBeD497e06a389d9B63F3770994F71F
2997,0x5882aa5d97391Af0889dd4d16C3194e96A7Abe00
2998,0x5885B93aABeD8FA8BC56E2aB6cC38127EC77e834
2999,0x5889B132333E9c8a33887D89b49aa4e33173699c
3000,0x588bC4EA686A38560f38029B71D05d9124879976
3001,0x5890eFb07d3900FF15f353B72Fddc48759356290
3002,0x589CA0cd6Daa21b8AD7f752f909CB277c42dB957
3003,0x589DC42ECB7b1BeE24efd427D7275a5b0264FCBD
3004,0x589DE678799A03F109514886cA90a2E354e91557
3005,0x58A1869F23f6eC0d7995AD27DB6023B06B7c7954
3006,0x58C0A4B96afE4658A367e62120E5f706C4f7F90E
3007,0x58D0F94716224217fAaAb820e9CdE976fbcC5798
3008,0x58D37827D505b38206dF590ABBd274F542A50293
3009,0x58DC922892Db192612BD8EeBe8f7F43E9cFF269A
3010,0x58E342351Ed1C5BF43AaFa9791A3bEF0add1d2F9
3011,0x58F08d02c92849619cF5341DCe2068034Eb29cc3
3012,0x58F41B41AB4884520769c382D45188f9D5C31b27
3013,0x58F5046b86aF17e337AbEd66098BD3b1d318821E
3014,0x58a34b6dD63405B6613F12EB6b2c268b7b7721a6
3015,0x58ac48d9a9d91742d1E12afFcf3A1f8b3E31A73D
3016,0x58cB58b57DBe6B4E9AB56e0360ce2B6262da2049
3017,0x58cC0e7E4273cEcf4AA8a748bb6277A209322D41
3018,0x58e4058570D132c3c06fF3D149b7180c10EdF232
3019,0x58f2413991651f4f259f8f604EFe65f97AFD30B0
3020,0x5903fe8126F8d57b0Fa07BcAa2b0CF68d65e91aa
3021,0x59092BeA53A1861ec445A611319bCEF03EF3245d
3022,0x5921c191fe58175B1fb8943ED3F17345e615fF02
3023,0x5923bccf23583168cDDA00DdcBa0bd2E274d67b7
3024,0x59297FAc63821f3B781d69aA8b4bBBD83d7F7578
3025,0x5933006d3eC640Ef7b60BA2CE5728F1dde692D9f
3026,0x59358D54662724f409d0765a0D4ff9a2e186c165
3027,0x593B0c00078A741eB440c7B9Dde999bdD40Aa1F9
3028,0x593B97a98a2e6a2B7b5ac04149C28E0FC0918904
3029,0x5944E37E1112e6643cE9A5734382A963f6A75CeE
3030,0x5974F9529f3A839Fd2c9Cc030e4b650d98159A3E
3031,0x597568694FE6eE1b701EC8578bd57102C9A29abd
3032,0x5984b37DC8F98f089F00CA24032c0536Ce4a25CD
3033,0x59895c466f385bF878FC646b5Fced4c39765c775
3034,0x598E08Aef0972fAaBeF9a1416eFf43077FfaD487
3035,0x598c8bf422732103A95ea5041593c6a9644BD33f
3036,0x5996281600A384c9430440d47404fC736f9f1233
3037,0x5999865518C9de250b820762130FF7A7119A4558
3038,0x599B67eb4Ca7eDa16DD1fBC2d6BF4f06db2A381C
3039,0x59A7EF77AB251a318F1d41Aa036641ba66fbd92E
3040,0x59AD32Cc45cA1A1c40a4270421F4D9ee6505EEa0
3041,0x59AdcDAF4353F4F932582698eba64a8fDD7f9eD3
3042,0x59Bd41906A1B883A4cFF9A522dAEcb124e1EB62c
3043,0x59Cb2fa17e55850840feD098d9295183156A6067
3044,0x59a5208B32e627891C389EbafC644145224006E8
3045,0x59c8eF6745024F90EEeD0d0DBcA5ACC576b3b79B
3046,0x59e59354CE7Bb92bB2C4287f6fAfD97dA2Fc7CA5
3047,0x5A03c210cCA2bfF3641dAf585339ded8E810A177
3048,0x5A05EdC7A0C4D0a97B71F41d7F05146D01EB7313
3049,0x5A0f2C1d8E563db79Ee40F979F6bcD0d27f86f80
3050,0x5A2a64F7e9C820069378DF45288E593b6768447a
3051,0x5A39379C04Cf6fe5182597b77CAf67fDa3bb42B9
3052,0x5A482B64135031cbc28e34377f5C0407D366CDfA
3053,0x5A4D185C590C5815A070Ed62c278e665d137a0D9
3054,0x5A4a4B97105E161Ada4b1405E7903503877cB41A
3055,0x5A6c0FF57d4416bD1158D68ce01973A66a35Dd1a
3056,0x5A708C60CF7f9d6fECF44971Bb313Fe01093e73C
3057,0x5A8C3e9C7D6e5552DFaf0C6eE839d6989dBDd234
3058,0x5AA58F757385650d213B6DA878AdaADfd5101635
3059,0x5AEdb674019119349aBc2e44fb6a9624ff9d1757
3060,0x5AEf6dF218bF44D8DEeB5E92074a8Aa38c231Da0
3061,0x5B2199Ec24988Cb49594c3c54430D8764c64aF32
3062,0x5B260B7C6cb9da91b883F7450fc4445e61634ED7
3063,0x5B3067C5e26fEC823d6fBf8F315e43632658D2F6
3064,0x5B475Ec5118c3da019C9954F0D4A0927B6E219bA
3065,0x5B5F59FC0aaeafC186012CA12e6a29efd3559110
3066,0x5B60117255df27FDD885629c0210D9DD975fF975
3067,0x5B62297C09CfdD49f8EC675b9cB2037C0b6e069a
3068,0x5B65FE3e821A97785945109743D7fe4A0013b3e7
3069,0x5B6732f098D27d3F97fd3b8E3cBb194Dd3C9D324
3070,0x5B67891Bd2f9891AA41E6c74807df936A4B0dc6e
3071,0x5B754697ea503471FCfb9b28dDaaCBbf7d2473b1
3072,0x5B86CA8ddbbFE83c0f78643DBbF533158a4BDeDB
3073,0x5B9487C288726bc9bb1652Bd731D5a352edf7D7B
3074,0x5B9B9A0913Ec9095Fa41907fF014B9B073b0Ff61
3075,0x5BC9dBa49E06936Ad82eC9aC96D1c38aD90F39Bf
3076,0x5BDB0ba8BC4a92f4C6A80dbf56e8ad650A21b3B6
3077,0x5BFd83C76641bEA157D670e8E0D42a46aC144298
3078,0x5Bbf8c7999Ff86151a1AfBa267caC223D32C5Da6
3079,0x5Be876Ed0a9655133226BE302ca6f5503E3DA569
3080,0x5C026758D996E732d61130eF62DFD4DDAF678b9E
3081,0x5C0BB66113B7e107ec2ea300619fE441c187F119
3082,0x5C1f05501d1C8596ac58263AE79d66d223F57568
3083,0x5C21655D62672Ec208fe68cFfC4C0ddA78b14CC8
3084,0x5C425e9380e226b0c9f0A9221Fc54a3Da3f23A8A
3085,0x5C4580347c24AC23a32b680d554b2Fcc42152906
3086,0x5C77294b994a94eC94fF10f0E60bCc2cEC2312A7
3087,0x5C90A5bc4CA3A45225b98207886Ea02Db83f26C4
3088,0x5C946017dC386ea05D224ff752C870cBe6196BC4
3089,0x5C9B2D7fD4ab5b3a672099301E825d6a586343Af
3090,0x5CA4CF83c5bB115C7DE5c852Dd1c2c59D0514801
3091,0x5CB373EB5Ca08dac99c067AF6644912c5754Ecc1
3092,0x5CCbb4C11F4ECe1e0F45cC19e5a8B534d2d08DB9
3093,0x5CE66ED33D954dC9790c630440F7a0bf86146B40
3094,0x5CF44d3333369F46DCC9c4aD5f3c737A0225ed41
3095,0x5Cfa6254dc991cA0EFAAfC84Ce92d960E6d4b911
3096,0x5D08FB307193c1f2923C0FD3e4083135D4f12BCf
3097,0x5D0aC389c669D6EFE3BA96B9878d8156f180C539
3098,0x5D2D82aF3E07B5DD17b19541c4A21E51366D1A34
3099,0x5D358fFeF089A0e51253d5a736F4D063B0FEd236
3100,0x5D3b0b912C40CdF150f09995BCDF39A395e3a2D1
3101,0x5D4c18707e8a007ec495079c45cD676A94d8A1f6
3102,0x5D5cC6b3A773d58c524936b96afd64e0f031F0D9
3103,0x5D6B89ab5dBedce292C3f9C916B8466B078102D0
3104,0x5D7a2fDf0654898b0D203bB08cffa8D64248d97A
3105,0x5D847B525c2Bd0DeDe4A37481a1D7d66b49b50Dd
3106,0x5DA52638159269F67F4C866BefBe522c11af1051
3107,0x5DA80AbA9290dc32cE1476eE5D3f322021Dd95e3
3108,0x5DB5286CEC9a28D76feb4eE22E0722e6a6912B22
3109,0x5DCeE5dE8946659307f8617843B1eEF7d083dC81
3110,0x5DD38bcdA5e5050861a09c25B210e7F8a2eb7dAD
3111,0x5DD596C901987A2b28C38A9C1DfBf86fFFc15d77
3112,0x5DD626E0876B8062E97C4796548Ff73612461812
3113,0x5DF41cfCf9d90e1794436b0A12ca7e03CcD69703
3114,0x5DeAC22915ea826d8252DE876CaA8291350D3fcc
3115,0x5E0667095355553D3e0364AF5F6c62849611afa3
3116,0x5E1a81EFa8734A74a20e650074b1E5A7FdDBCcB6
3117,0x5E3312d964c613FCa45E4605D47941Ee972D209a
3118,0x5E47C8E61A9eba5dB669D9b443492b0Ea0d29655
3119,0x5E897d7b2aa00f8C32ED0597D86993632ab90aE3
3120,0x5EE58b00e1722C0e01E86286a16DEf6ea9675F6d
3121,0x5Ec09ec4972Ff5Cf0038e51e95aE237a799491Cf
3122,0x5Ed4939f4CC7aF8f1A3c61EE5A6f4aF2f1c0FB07
3123,0x5F2C9E58cFCa671fA12d1A3978b82D1a62AF7119
3124,0x5F4ce0a3f3099545CB97d43D2c0E10fcC575F6A8
3125,0x5F53f55B569C9b5Ee852d03C9004C1fC4A5f62da
3126,0x5F63273F613C6fAd06eEaED4d440D8205c18092F
3127,0x5F64dFD2DA5AabAd9BDa43E1670c08B43C9299C8
3128,0x5F696426B382608e32bcfB0AfB3b786242cf4F79
3129,0x5F82C97e9b1755237692a946aE814998Bc0e2124
3130,0x5F91584cA40B2994D7d47d5b233993EDA959Af0E
3131,0x5F97DF3e9ab3DA06CbA0107bc023Cc29CB29C14c
3132,0x5FA08119A409b7aE13eEf2DF30aa13746BB13321
3133,0x5FF026A989D73a6E91733197462d54805AEEd60f
3134,0x5FF4dca8698dBCE6D39f729A5A15A66B8B3A11e3
3135,0x5Fb0ede7C7e55AB00F1fB3CC2aF168F47cCAFdC1
3136,0x5Fb153C9b22b530532b4035421499D112170c3Fe
3137,0x5Fbe631f25f303925835b0a7799E30E6b59E5E12
3138,0x5Fe94f76DE00E15F39c1d0c52703982238fF2363
3139,0x5a0903bb098a74690960123A5Bf425099be70d98
3140,0x5a0978f04aB86FfF26CBA84CFeb865299DBf9c34
3141,0x5a1c163122fA9b754B6deDf8d3bD99a4Ab218607
3142,0x5a302F9E15D180b8370538Bb32BA786B58f7C490
3143,0x5a324BaFE792de7C0a3d525997E449e67193fe71
3144,0x5a4FE7459620692b4b2F67E6Eb8828006a5d2dE6
3145,0x5a6f49Be8F58320755538Ae85575C795CB852981
3146,0x5a942DDf763ce3DE5d43b35E90E8E77D63BC6a14
3147,0x5aAA2D6Bf46266F0f7f6F79AB7ef879357e2e598
3148,0x5aAa92C6a3F18410194Bb9593715b06a0e208Dd9
3149,0x5aEa4b1C91e689bD761a6D0fcf01cD12E0F832e4
3150,0x5aa1D34874D18bb77f01193083480a9DE45CeEdd
3151,0x5ac0210e0d6d03CbDf85511474f5f714D25eE183
3152,0x5ac587923EC3e403434c770b844D4A59cA2FF539
3153,0x5ac6e81792c6582241F743f09d158Af68D04E2C1
3154,0x5ad3faDbF09eF861D126DF3f84d6Ede3E72dA8c3
3155,0x5ae7d1C67Bb65751379c895E74ae9A8bdd71d8d2
3156,0x5b367043Ae33DF9fd6CD51EA05eB453dfeB0BFF0
3157,0x5b44393855C6590Ef5dbBa26a40B934542fe5Eb0
3158,0x5b47b64B852354de153ff36C372Ec8EC6550F8D7
3159,0x5b63B4929094C6A68C39F787939B5B318C47272c
3160,0x5b9140A66E95791Fee6933DEB8563377E48B466D
3161,0x5b9b81cddC12140EEe7c5e622639739Ae5ddd48C
3162,0x5b9bE808B9a01F6A28B82f69F47366B0557Bb585
3163,0x5bA61CAB4550706cE0B008E1a92355293492cb0d
3164,0x5bA6624Ed97EAdDC2a2b5778A2771716Eb4Ca96A
3165,0x5bB647BD518D1c304A705dA553DB14416B6a4383
3166,0x5bB8D67BF953F8301441bfbbdf922E78aCfBB7fC
3167,0x5bC46375f4b488712554bdb2FaDC30CD459DE5B8
3168,0x5bC8E98748a3E4Ca44Aa6A9c76EC4581BB6b34b2
3169,0x5bEE938736df6cb720D54Db2dFb1e17786CAa318
3170,0x5bF7580b146eA4508e273d335B1BEbADaB44C3C3
3171,0x5bFaad4A04Ab0Fab6d206c9ea1144da886d31f9a
3172,0x5baA1FdB401b104a6E24D31F3c5DDD99a7c70F07
3173,0x5bb3e01c8dDCE82AF3f6e76f46d8965176A2daEe
3174,0x5bc18120b81dc311B510751F160094945FEbA38a
3175,0x5bc8856262233eb17B06082f41CDD945fF339434
3176,0x5bd3Ea64B16424C09c9Dcd5984C656B1946B15A0
3177,0x5be10f3434bC1aC6C0A34f86Da39Ea0095392f21
3178,0x5be28e441F325D8B005839fD69695884f11da063
3179,0x5be86f76E867A1662EDe7b6fa85F46Ca708ABBce
3180,0x5bfF1A68663ff91b0650327D83D4230Cd00023Ad
3181,0x5bffbc9d7B996Cd2ac4990483e0Bc37AADb571Db
3182,0x5c092Aea0C9A90CEc1a021530C4d9E5f262ECe63
3183,0x5c2E66ad9eE185005a526197E6d40235C4b9B94d
3184,0x5c3402D57741d8017C6D7Ccf1eC7F77D0b9d929E
3185,0x5c341B427d1c316Bd4922e3D19b241852531A75A
3186,0x5c4443705E21542B72B7482d48628A40Bd42C244
3187,0x5c46DeeA1783f1d7e9579B963f2021AC1B5BFE7b
3188,0x5c545D46809b332Fb68aE7c32Ef284F7ae857080
3189,0x5c5D9eED6476fc83e30037AD30Cd9d8FC58E3232
3190,0x5c5ec4855F3B28306aba87b7D3898B25df1CE285
3191,0x5c700d0EdFA92Bd8fD7e9Aab557531a9A15208b3
3192,0x5c81C9F2B75F95A655bFf2fbea871b9D784591Ca
3193,0x5c8494FFCfbA5ab54f9A812c2F3157FB07A974a5
3194,0x5c861F1045C09F887dd151d59D4d14CdEA15De7e
3195,0x5c869BA22c0409dFDf1df11C4151D82aDD4e9f63
3196,0x5c92307B8f4d1D96169139dddEbAcB6CBebB1EAd
3197,0x5c9a3ddf19C7b0a85C8e8c249F635C64367d6894
3198,0x5ca30AAFeA506427696415F8beD80A6F73008b31
3199,0x5cbc8574F2b303AA0405D8F2E82Ff11c3113401c
3200,0x5cdE157b494DBB17A2188Eb975922cb2fbd9d246
3201,0x5ce259AEDcD14038aD2c35Ecaa7B6b2974d339AC
3202,0x5d03F73015d6A85c01f403910Aa71Dde26790A10
3203,0x5d0fee5d5Ee32e428A5877e4CC4375Ed101c80fc
3204,0x5d21625dac651782bc26A246A4c4180466b993e2
3205,0x5d329Af92327286116dB5D1E1B0F1F87E0F25a5c
3206,0x5d3a427B1E7794836aD54C297de172e90377BBC9
3207,0x5d3cD3f3F1f0B99429152b096a1c7Cc7C75a24F8
3208,0x5d47aA241F7c88b1b9B96f824c206de026b8B03f
3209,0x5d47e5D242a8F66a6286b0a2353868875F5d6068
3210,0x5d482a096E2cc27CCb3Cb492D03894461fCd513e
3211,0x5d4A0F9891cf9fF230a7Ba5628C949D9A7a24896
3212,0x5d4aFCc87A23FbC2F30325d4894525CdEA1dBbF3
3213,0x5d57fE8D0E8D2579f89AB6cEd9fdC602F614d877
3214,0x5d5924bff287d725Db20eC718459088DF92A8f77
3215,0x5d5AeCF2712cC4F5528377703dA85338F90086Bf
3216,0x5d5d08393e5bC93078F83a6a0B9077b474B9bAD4
3217,0x5d70b8B9B617f57BdF7f6c3F4b9128e9e5Fb8caf
3218,0x5d713db9Cb2F76244aa6Eb54C57Ac37A5Ebd9C71
3219,0x5d89478d473049D89620ED5B8891887268349572
3220,0x5d8DDF22E2ce0C78C7ceE701c5F36c1003d8f704
3221,0x5d942f6091B71C51Afc9461297097CA4743Cd288
3222,0x5d95C5E862a46034C57DFC0A79582C7C3Fb704cB
3223,0x5d973B2d6513Fa00d4d4D0e345a846e5eEB23d99
3224,0x5d9D4466b7F4a02b01fe39F02C16e3AF0b95c947
3225,0x5dDd8aF99C059c436667cBBea2347F43d18Ee8Df
3226,0x5db1CEEbbD03d85b1439400853144eaFc459632B
3227,0x5db557e68A04cA2EC1AA95FDf63FCA02ef47e791
3228,0x5e0339A432322cDB89692B7FE2173383a6fCaF62
3229,0x5e0aE905BFBA5277F2cc150EA3aF9f2966625621
3230,0x5e12D7c94D3D3F21C1D1bB31a8043e877e5b5A2d
3231,0x5e1419faC2980495be28924117f5a968527F0843
3232,0x5e191eE72B4D42ca2BD471A76aD73D19B36652A7
3233,0x5e1DDd11CcfA137A7b91c103F36C88a3E43F4AB1
3234,0x5e3Aac4554b9Efe4Ab09a5cdfc6c807Fcb9ecA21
3235,0x5e6759d814AA0bf3bA8d18d0815365023E546F74
3236,0x5e7B645d5Bf86750CB1913122ba8A8545e2A9FD1
3237,0x5e85F8241C19315dacdad842966eFFC399253E62
3238,0x5e8Fc6D59B9780F4F281378dC7230e8F8C939a36
3239,0x5eA11757F4b261Bde1f8409fB3D4814374DF2658
3240,0x5eC225FCa8446938e4Cb045B8a0B1394761E3456
3241,0x5eD439B0Cdfdc43480CF35e720E70081413087a5
3242,0x5eD5bF5a4528EDeE3AFa21D97DBC9b3C38eAB8D8
3243,0x5eDb1fec5155Ba0444403Bd1fAdC648Ff548c690
3244,0x5ea7ea516720a8F59C9d245E2E98bCA0B6DF7441
3245,0x5eaB8396E31a17E4a1fC054cdD39108E75bE24db
3246,0x5eb616316Fb0942F58ac9673DF972ae3ABb29ae9
3247,0x5f10d805Fc0dcBFa59a97a44E02A47956E3fB6e1
3248,0x5f12AB23D48345cEccF2397886610c199416BcE1
3249,0x5f303E3d5c220a49FBa3f53E502Eb4abd0Be607A
3250,0x5f31ff17b84F30A1039962c61762cC71b584d1d0
3251,0x5f350bF5feE8e254D6077f8661E9C7B83a30364e
3252,0x5f4f120D8435ea38F0F4635A910fEe03801BE88d
3253,0x5f56e5ade609d0869351BD43b768568Bc690c6F9
3254,0x5f65f7b609678448494De4C87521CdF6cEf1e932
3255,0x5f6788AFD38c4ae1B61875D30f1135b353dBD8f5
3256,0x5f7a009664B771E889751f4FD721aDc439033ECD
3257,0x5f8120EE37Cd927344934a5d8809DE946e8Da974
3258,0x5f8dB6A165b34d3c7C4Eef1e690eF98FaA503870
3259,0x5fA674aE5Aae54c9C71F8da6384cdE659Ce2B764
3260,0x5fB940CaF6aaf538e1b41bf089CFB22D15F8A4cA
3261,0x5fb4AdFa7f605fC54FD289a7531efDccD8Fc93f5
3262,0x5fd9290d3B81c0e82554FbE4C1FCF6bBc1190747
3263,0x6006029288A2907415D2B81edDFfE72e67c32308
3264,0x60067eB00296B6e26E98Bb9cADC7B653974A08b4
3265,0x6010Fe1E4Aeda74111F600a471d7016fD923BACe
3266,0x6025D96932D378BE7D0A46343b437678A126eCCa
3267,0x602B2d2278465eA5823898000140ceF95f2B8D56
3268,0x602d04c0988da6a2Daa128ef91eb0B731b2Be5e1
3269,0x60384D1c810B209e3D33D589a3350825cbFd6fCb
3270,0x603d61861C2E380ae2D67F6E299785AC84FCAcBd
3271,0x60455251c1FdbdcE31251Ab7d3bdD2B32a4DA11a
3272,0x605959Ed62f5C80b9F9D964f835827dB6adb15DA
3273,0x605E3a8CAea11A4d200E2eF8840eAF320eDcB206
3274,0x605F2D8E2881c4B6c5e469B9007D39CDbdEc27B8
3275,0x60626db611a9957C1ae4Ac5b7eDE69e24A3B76c5
3276,0x606A25f2EF84F72BcCcE430f66812c77F5d40534
3277,0x606A9c41BCDD7EA4eA2aEeE92F2ACd1bF8f222e4
3278,0x606c097473C577156C3b32861284E4D59aF675a9
3279,0x607300706d86795d532D87333a700E82464797f6
3280,0x607f7153E585fD3C215Be30E41fc9Ab1d545B864
3281,0x6091978cE727BA295396a0c4D8b9A3A308A4a5Ec
3282,0x609234535A2a29eEE0f1775164dA88D609DCd6cf
3283,0x6095735830055555213c2dC6034cC9E98eDf4BeF
3284,0x6096e96fe578870fdd43795726a72fd51029348a
3285,0x60A05852Eb224318218056417902399a6e177392
3286,0x60A299bc654Ec399373Fa377B482321A90220051
3287,0x60A4d5b581E1473Aca5F815938E631AD644AC832
3288,0x60B95f78384DF7fc04D03Cb72544417F52db595b
3289,0x60CE9fCFA68311Dd36b75B8Cd171bE883f54111A
3290,0x60Cdcd48e5b8108ee9777aEE5abc3DEC4E51Cd4D
3291,0x60DE5A32B391171aEE087eCfc9d433C1021DD091
3292,0x60a1DFa8f60530231f0404195a1821a6dd49FF43
3293,0x60b43c2E5694dDFb73fBEa9e81a73ac26Bde5bDc
3294,0x60d3e8788C3b09d12E86E7FF7889576971C14D4B
3295,0x60dC1C42f604a380f7465f23Ce49c84A992CA8dE
3296,0x60fd7371E01C8E30cfeFD4112bee38CD0Bf729E5
3297,0x610461765E7ee2F69636E0cf2AEb637f2465a247
3298,0x6109A403AC95113619d6d43154Ee38aE9C9289C2
3299,0x6111Ae5D3b65F355790c59bE0bFcFDb61C1dB97a
3300,0x61125f52cee83Ed5D7A6Cd14598D34974B11865e
3301,0x611Fd9Faa13fA4405d445b5e04cA0E518B795ddd
3302,0x612D809DA2773F5F2f3656283350653F06F881c4
3303,0x613a73d7E1B86733B8CcFaF44a481b7B4c62Ed8D
3304,0x613ceeBD0dACe0A0c1DC4BA0350A2fd41e7C1a75
3305,0x614CdceA97B31297CA4149496BBA5BC21941292A
3306,0x617c53c539D1871Bf62f2B14f8db36CBf3263F56
3307,0x6181893d833bA182f91b10E58Cc24Cb403a32f47
3308,0x618422214D7E90fb8D3e9E3DfbEA29ED5091a128
3309,0x618D64611aF0a80F77472051077F488f12004daa
3310,0x6191AdBf7f5a822aFD562e21A8151420477ecDd2
3311,0x619C809de1E977B4dab870ac37C5BaD18fe1a3fF
3312,0x619cBd4A9a2bDc8E86fb95A0608079fAd01527D2
3313,0x61C4a38D7e9ea4095FA7D507CF72Bf61eb5e1556
3314,0x61C7D98bdf2C6bd5A87185a9F1C61f2a14519E6d
3315,0x61D7317133F7C8666021A8eB2813EE96D8Df0C33
3316,0x61DF672817F155D41b5FFe387D75bFED0A61d174
3317,0x61b408373B2d9FE160DeB68b734eb3556CbA6715
3318,0x61c6E8222264542ecFAEdA6CFa12a8F60c50aA48
3319,0x620667CcaaF824464AB7CD691e2acbDAFA0A781F
3320,0x6206E425BC584AC757E28BCc5555a44Ace4bCfa0
3321,0x6210a939BE99494aB62386cA5a11792e1B62a1aD
3322,0x6223B014eBe343b386a57b83202A70a5B364bcD1
3323,0x6226CF08ee76910699EBC8aC282AE430c837736e
3324,0x623B70300f074D2d9F3C9B21483C014D87C9d1E7
3325,0x6242cAc11AC497B0BdeE4EcF35fEF5c2F3E39604
3326,0x6247dE650d49697cA9d81a3755e24A36aE598cA4
3327,0x62493319A25d9985cEa2Ee39bF3728F3c1249066
3328,0x624Ca867cA198c0fD518a7580387A58303513353
3329,0x625f2606fDae63308Cf7B067f570A2cC93D9c0D4
3330,0x6268EcaD5Cf3ebf94d69cFEc46a27e1b6F60D14d
3331,0x626A7976D5256D12b4E503C053b043ECcc674Ddf
3332,0x626Ea6D1e5Ea3fbaba22F5d4005D98E7039d0C99
3333,0x6273518652Ae06e138D36D79cf42cA04775d8d71
3334,0x627Ad966Fd6bA19F039f60BB98ae9995D1d4f91c
3335,0x627d7d4A86aaf36eb0Ae1e8ea1906DbD148A112b
3336,0x6283511fC53C60C0a0A1848aC88ff46b5D2496EA
3337,0x628Dfa957656Fa5BC59cf1bDF1704fC52C67FCc8
3338,0x6297BD627636ac22dBE26AECB4a8FAd96f19fc93
3339,0x629835AFd9B95f02b2bc76743f94db2be54b1840
3340,0x629ff638a1C253bbc506ae36295dF894234A47DE
3341,0x62BE49d17065B3ECc0AB6763BB6a5Cfa2A0D0e7A
3342,0x62C739355acB578CAaF7481aB6E35f2895EcC5E7
3343,0x62FD10069C882D85CD56AA61EB0664068574D80B
3344,0x62b4c733fE41C8e07206DAb10Cf791cd766179Ed
3345,0x62beE234b4066af4709DeE5FD3FFCed6782f5C0D
3346,0x62e13F0736277308403F6C06864816127C8D6d9C
3347,0x6307B22a93557917c4b6E5C37e6F241CcCD97247
3348,0x63101058556D9674b1Bd55D408A3Dc4113bc65aC
3349,0x631b89057dfAe7f8b3E672dD02FEd04084232a01
3350,0x6330a16d534B620831c1a26C551dBC5F896a692E
3351,0x633e7e9Af365C8a87b77cCe0981813e4B782d318
3352,0x63438E8c81A69a6Caef29d6f761ff913Ac0C15E8
3353,0x636a1ddA5AE24e1bb6cb472b7f3C98f458feC738
3354,0x636cCdD38DfBFDf18eFA63C72ecCC5dA300c46E4
3355,0x636dF4BD62E1Eb3477c0dBAFc8cD8C5Dd8B3A972
3356,0x63718d41dD41960A2fC138A63AE7abBAe60E36D5
3357,0x6372895632F5465916C7a26F3a15A4D6eAFC62aC
3358,0x6372a25cdC62FF6ebE35B4c231b01D3d5d53AeEa
3359,0x6376B05030B5DE91B5AA1719bdD5e5f9466722e2
3360,0x6376E21FeF600c53ea6e10CdC473e584c8382521
3361,0x639BA04919BC403FD7d95BDA50adC1ef383AB9C5
3362,0x63C07b9F2E185dE4E4E9dEE114a4735dB0956225
3363,0x63C68D3D8D1Ac9fDEE259EC5e7a039aa0c63E186
3364,0x63DaE0946A44eeeAD00C8B30ec206Fda63F7DFE1
3365,0x63E3175C0804977A5cc11dE1AB0Ad561AC5A4C8f
3366,0x63FFe4Ee5d46A39768067166138C184bC7E283D5
3367,0x63a2CF3E90468CCf772d1209A5fecA5f99e0481F
3368,0x63b6206f53954E123f5dB5284Be4bf416Ed56137
3369,0x63c17908e90f7E86168B5Fb2109B679331B9524E
3370,0x63c410A066d5d12217b713cCac5F600A06ba45e6
3371,0x63c5b54350340d511A3Ae64ef36cA9C769be301a
3372,0x63c6e86b479FDc9E358923aB5c3B2Cafc3Cf8DE6
3373,0x63d612Aa37942803ba62e03C2F6FDE6B061f6A6f
3374,0x63eAf0c0544c99d9DBDF550659Ef32d3664Aa567
3375,0x63f24eCC185437D3E3d94eaF85Bb99fc0A8c8af6
3376,0x640236965bEcF920a70A5dcD44b5c9c18f283095
3377,0x64040f009126e4F02Be03AC50664f98B5032f276
3378,0x640E0118b2C5a3C0Ea29B94A62d9108ce2c6ced7
3379,0x640eC63446180EF8FA77dCaEB5D6B347Dfc61E62
3380,0x641c24bB1d321F3C5fE057DE580c95b3Acc18325
3381,0x6425574108415B8258D0C2d05A5E42124D6070D7
3382,0x642CF912c8d52Fdfd8Ad52578b300F2333946ad9
3383,0x642bb3C223a27d0799133c426ec69e3972f4C9c5
3384,0x642d9efCe0bcF8549e557f2d8328e34f2A2Db002
3385,0x64339371E11F529549D98c800eC536e7c9a8465f
3386,0x6439543a2fF1d78d25ABDc8DAa75bb004e210183
3387,0x643e1004dCb9B37d00442438f69D306473fDf58D
3388,0x6440453F0b3605df9712052f6717f85295C68F3B
3389,0x645100c663595d6881A32177748279925A469001
3390,0x6453A526DafA5788ad09cAc4a5ec9044D3684DE0
3391,0x645942f145Ce0332C6Bf1A1aeC92f2D5bacc0002
3392,0x645c51033b118Cb1Be000FAcB09A0468b70d01c8
3393,0x646784C95fc84e3C0B2203a97E9b427636A3c795
3394,0x646985c36ad7bf4F3a91283F3eA6eDa2aF79fAc6
3395,0x6475848a1c8ed9f21Ad666d05B3ce11901B0F7C1
3396,0x6477241A2Aa2742e2bd19A4374D9Cbd6d78A3d31
3397,0x647B41B745cf5E32E244e432902468C4Bd89643C
3398,0x647ED26cd033B52898d6Df1ccfa1E7875BeD2756
3399,0x64807bD97455e64A16D5d58EfdAc89462112f856
3400,0x648AD6f58367B42Ba3EfAb45B220528E4F180437
3401,0x648E9002D994191B577B093646d02B89D56eef01
3402,0x648e539D56402e1Ac7deb39999A400575f4E667D
3403,0x6496B57Cd93c607527b418EF584a6b293b80a718
3404,0x6498Ede082770D655a9dAe0CF2Dd2b491074BeA1
3405,0x649B0416921351Ca6be822eac927DdFf00bD38a5
3406,0x649d6d28e2133c8c3CFf2B3E2eeFa345dDd8b13e
3407,0x64AcEF3297972c9BfEd88af18926FFb639cE0Ab3
3408,0x64B5627695DaD86CC339cd1655ba49cC67957552
3409,0x64C1Bec25c8db5506AbA8C94d59bE1E64CA6D563
3410,0x64CC6EDA6AC1ab03C3076a7bde75dDED615cbFE6
3411,0x64D2ED8Cfb02f592Cc4a7C7359E9c8C104d2a3B7
3412,0x64DcbEaD3B25B94c1C07158c8a6aD6517B95513E
3413,0x64FE7e84f92DC7aE9502978285399f1eA6bCFBEA
3414,0x64b879035dC375Df59E2C023F0E835F5cA3A9E50
3415,0x64d60BFd0010208dD94266f1F0601332E70fef3C
3416,0x64eD2d13DDbE6AE01cf80F32EE6f71Ebdb663B6e
3417,0x65119dD6c04b682623FF8587Fa9cD49BbBFe20a4
3418,0x65151A6343b16c38286f31fcC93e20246629cF8c
3419,0x6517C7975f40Ca7f68E618029Ff0aa91f8fd021A
3420,0x651927d0753C926293c32Fd46D3355D125a30E17
3421,0x6533C38F3Baf184AF3c6D194874929452075bDc5
3422,0x653609Ae7EB3A6f5Ba30a0546f0593CF8EC0A85B
3423,0x65360E8180F90d64e45737f8CA7F9bA741CEA384
3424,0x6537f7A905fA203135Ee367a757e4f85A3c14be1
3425,0x653d4bb1f376B511d8245bf14593A5c540A746ef
3426,0x6540ceb1D66dE8f994685F0c180C505b3bA3eDa4
3427,0x65617E1508c313f1086c26aE52913CD01318f5f5
3428,0x657152A111278eF50fe828AF790B958CF759172B
3429,0x65815494356C4EcD4b14B2D7263e258687D8611a
3430,0x658844C077E5072b01fC5d0CEeF14C4B3f06C634
3431,0x658FeBca9Cb416e31D755de27626a0edAeBfDe8f
3432,0x6592e74B93A51212779BCFEc376A7Ee3CEa77202
3433,0x6593508A1613353f9e2f7C93a8D609ddD992D075
3434,0x6595732468A241312bc307F327bA0D64F02b3c20
3435,0x659902FcBD6617005b2CB68dB3E7A3f1Cc259835
3436,0x65B435425E7928C594997f38681B542234Be91d3
3437,0x65BF2144701A8D6c496E4915329921cFb9C27d68
3438,0x65C7aCCE0719B1eD68Bf30899C2f84C3c0a5D187
3439,0x65Deb91454617008EBd9bE734D22F9B478E3D4E5
3440,0x65EE472fa8a76555A1CB72510E3d1dA5F1662214
3441,0x65F5cB909f1BCC3Ff21AB88D9eF8e2fF848C03E4
3442,0x65a2B79c3782421C39C591974261eFe494491B68
3443,0x65a6c998175AFAD3DD179a535cf5f76f4bb374f5
3444,0x65b6bfFA5D12CA2BAd6EeE2243315967247005Db
3445,0x65f26954F3014f4356876CB1806a56258F6965E8
3446,0x66241833Fb6C625F3aC0734ea85d551f56e09C33
3447,0x662C7c0C0a2BE6a7d3D6c40dE7E91056E8B0bb06
3448,0x662Cf2712F33Aa78BC1a354009F3a010bd1f8E44
3449,0x6632f58b392830898024DB1D668ec677E56D68E4
3450,0x6633eBEE5d1D2d6F5D613c4eb77615B7D5b53b4B
3451,0x66390744C04D9CE7402062AAdd3925e9420f83D9
3452,0x664753558f2B2F3BE634FbB584e657e20819164B
3453,0x665D9Ad0B597538edC19573225176201A6Bbb9f6
3454,0x66666600E43c6d9e1a249D29d58639DEdFcD9adE
3455,0x666a34b6a1A179f5a9c9EA87b2FFa03BFBC514aD
3456,0x66740DB3ee28781d53A7cab15C1435CC1C29De13
3457,0x6674B13ee5756e8C672e21c6680D33E7041A6674
3458,0x667ecE285938Bb31cE5D706D1B1748aD56741075
3459,0x667f44f1BaE872105af3297d9954bb0165156cEA
3460,0x668130CB38131b70207e629953ed971b3B9943C3
3461,0x668975EE6D17773b51B4a40F13b3f6C8E7929DCE
3462,0x668e20d4d3dC229c4a864d4F002B1ecc7a5a745f
3463,0x66907951ffF37d4E1e4B5f35DcFC5598265B2cbD
3464,0x6696487A0A041A9D7e148a971b2bd18F2Eb4BBfC
3465,0x669AfA676b680320f8806fe7C2C21184958B13c5
3466,0x66A254F4265BA279B282E7E44A7256e370d8b950
3467,0x66C12cc019B358137FC3F8527425328c39919716
3468,0x66D45D010dc89f376b6D2E74fC6aa84616B8D282
3469,0x66D45a58CF49f054938c0a288793c420Fe98bB04
3470,0x66abA14e680b3eBD6aa7B656d6acA0f53FB67f58
3471,0x66b56ff50e8ddB63552DE93Ae8cDa5cF327AeA91
3472,0x66c19B39fF08BB0c7C68BF65355904AFD1c9bce0
3473,0x66c93DBa5340A9CB612aA9B27046e5f298A91c16
3474,0x66d45A4eA62D3f1335632C0c254004d05E9701f6
3475,0x66dC482cc78c855D51B125407022d8736916D07C
3476,0x66dc36A6167dAC922BaB8A203728A002822B2601
3477,0x6700E4fef54C4a642d9Cc429dEE77980E00333F7
3478,0x6702358ce1364fe9Ab37e1D7553f3Fbda80Cd193
3479,0x67058a2ab6202Cd4219bb89d8C3D855288CF6403
3480,0x6706477207C4A396097C56276A3E9F2C55bd5B03
3481,0x670bAC0db5BA9a67c8e4D44d0c353269A76Ea091
3482,0x671161261791d21852D5988f8096Dd81D3667683
3483,0x671C40ABd4550a4EFd35d20Fd0D94252dE7c7Ea7
3484,0x671ca8DcB16Eeb5D81E33d75bE7e7423B3EF4E00
3485,0x6722C3e03A7f9430524EBa9737E16201CC464DB5
3486,0x674b78B4C264723d0F947FBB295B5D9330e84EBa
3487,0x675789F131d97BACa12A53177317b408E187FCdE
3488,0x6757CDAB3DED42db274fd7c865016281250bb868
3489,0x675938d86a6A4651b6dbba7529117fb0b557cCf2
3490,0x677133cbF3784C8E58A7e2c3649d8E0BFB42848E
3491,0x67799Bff9554bbA1b73bD4fe7730bFf362eA0a83
3492,0x677D3Ced14DBFc6d657D155B9dBA4F9e2A2e8b19
3493,0x678CA2ccCF708D8F968CC994691fA7659C0a80E0
3494,0x678F8327FCc438075392279481c575788B25C0db
3495,0x679Be8C8377912652ae720c9E514A63cdb72Ec9c
3496,0x679E568317B36A5014c68405A04bEd4F3dF57074
3497,0x679a78Bb897070Aba1F88345466525B3d7f9e4aB
3498,0x67A8E577b36Bec57f46758598b0BF0d5EBB3c357
3499,0x67A96975b65C2140526e66567427D87E27033605
3500,0x67C621E7c77e8eD4b3EdC29cAfE9d8ecE67102C8
3501,0x67C7530B9dbFBb29986D0f21147335Ade917b1C2
3502,0x67C7ba32e8d5BA44825e153310F04CA623f3bF4D
3503,0x67D9057494e2E1B7361251043843Db3c2ABF8177
3504,0x67F4AfE75828a4aAdF43e56C1C9c1FFaD4a864f5
3505,0x67F771146efa4171Ad7a77F320934de0516B15a2
3506,0x67a033da811339C37382b501A5c34D8329aaA23F
3507,0x67a9359D03CD0334FF1AAbd35cD93Ebc01535B55
3508,0x67bbC67C1d463c67F8293D07B98852CFeC3f467F
3509,0x67c86e5F32329E88de0c2e6c650b14f7a73f4DD5
3510,0x67cc0b20264c71A01D6569ADf3AdD0ABd75360D7
3511,0x67d6F36eBdAEcFDe62a75Ab6f912C90E328dA5E8
3512,0x67d9edaA24a95dc78731f72e4a966689C9478135
3513,0x67e5ab5b573F01030a1076dDA7A79Ef0f31A1bFa
3514,0x6805e260dB96cB44AE9154A541E60525cddcBE98
3515,0x680F7bF08F1ba3F6017E076b76cfC5e83AC8fd6c
3516,0x681099977c323282BB30BE500139B0D9a4F8d9cB
3517,0x681303578Dcad210ac0B456c7Ca8E85bAbeCE1AE
3518,0x6814D1a7312f83ac620959F48C9a25781Ae17Ec4
3519,0x682355FCc5Fc7afBc0A6c6f30C61A0C41C9cA2aC
3520,0x6831c4Ec2D891f9B319E43D08929801083bF0dcD
3521,0x6833686468b4dAEd4f648573E4Dc92b6d6E94ECf
3522,0x683a42E5B414Ae5cF79ece7e369cA5937fdcDC11
3523,0x68508Eb48ea6e06B5B169e597C83354bE2CA4113
3524,0x68521E4F93F30E8440e4752deFAD13279e43bA7B
3525,0x68575571E75D2CfA4222e0F8E7053F056EB91d6C
3526,0x686092BE4cE927b5918733DFD2DabB48309cee45
3527,0x68618C0D2AB70C00caF670E43Dea417eF3E2CaFb
3528,0x6867c382041844cCf41fEAED0968aa9841c4b94D
3529,0x6869af0fB3157B822fb61E2f8e168af7e2BcE910
3530,0x686cA89a8131253E06A26EcCeAf02880Ab344A69
3531,0x686dBE171d2EdafE7C8DE9dB45D36e41669C7A67
3532,0x6884041a053aBC8596aa653d94FC5a0915029299
3533,0x68897Af2327C97b42F9c106Bcd984D59472b996f
3534,0x689C56AEf474Df92D44A1B70850f808488F9769C
3535,0x68A37C730C9940518e1936d5EC73F0ebF27b2DEC
3536,0x68A9DF153499EA9EAE162BE94790C6e7dA9503d0
3537,0x68AF4Ef9D4e20b6794247F90ea687cbe4B11e442
3538,0x68BA6a34698ba0afeD3DF1B606401fC553A6Ca8C
3539,0x68BdC4EDb28365e9EC95576775f470eEafF3a7D8
3540,0x68F593572402632C724bc2d2fCa05e91541269F3
3541,0x68FBabD02724d8164b3625bc3e6F9A45A5252969
3542,0x68Fe80Fc98491Fc8d9F62abD549CbE65A8ceF610
3543,0x68aF70143172a109f414d5E935bFb8900FF7ff46
3544,0x68d2DDdd783cbb05E72729526D1A08135C49e4Af
3545,0x68d3E2a5Ce076B3E0Bb550cC780eD4d3f4B22477
3546,0x68e41f435a7b5E64deb5eb2992dAd631d2778516
3547,0x69033dd61f4D64d783b970d195F0c36d97ebb07e
3548,0x690Eb09378CAC699B0ab2B09C6e6032C43d31D34
3549,0x690d46E12D2A5b45D7ff070367605591E9139D0b
3550,0x691bbEDb9551d75dB6ff140Adf68b130D0c5088a
3551,0x69238896Aa5790305067D92Dc03954c9385D10DB
3552,0x6936f8E74Dd507EB4A74FC8CFA91bd0F76d312CA
3553,0x693a7aEF4d39d2B23229589b275Ad1f9E3C60Be5
3554,0x694100343a5436520D0F877BaF3575F50c3340E3
3555,0x694473bD81945cBb700524a40e306D934C861B74
3556,0x694a943AC4A1D7Edca0162a7Ebb24cb08c9C6Dd7
3557,0x694dE1258Bf96d4B9DD86EcD745fCEB1bBA2A85A
3558,0x69517Df8546F0cba1c5FF1F3a378da2Cb21e1374
3559,0x69699945dB27E4013994E0b2D80065E96E36f443
3560,0x6977Ff726eA90e13A1Ba194fAd437763DeFc6956
3561,0x697999EcFC86F0bfa43235BCf324cC7f186E3D54
3562,0x6981378E696B0dd0e585D4D519C98B8A2c5bC020
3563,0x69914Cc4B87781632fde9e3878650Ed77e35e192
3564,0x69956C5630236845832ED2dB86F491F6eF38602B
3565,0x699D4721085Ba4d69d79Df2c61A196aDF5e5E459
3566,0x69AbB9395D3E2adbaC6f2f96968AB5d07df8fc22
3567,0x69CbE8f168122a4499f1c7Eb63ec43457c1170e5
3568,0x69D3a6D147d905023618ed5181Be2f8B2cD5DFBE
3569,0x69Da4052d3EdE446C83786145C8621652F18d43b
3570,0x69F8fD833D3944B8DC41A2132a302fd759E7cb42
3571,0x69a9EC2eC9c0f85Cf7631C2E64FFd320E2847762
3572,0x69b56E0917393Bc82f744FD7a99Fd1a04eedAE1b
3573,0x69b9ea255EF3EF754862C443c38cF3680A5C394C
3574,0x69bc5B4721B42eD5f80419FB36c15af5058d2d2B
3575,0x69eCC396747D292B26DdF6e00b733EE69c2eB778
3576,0x6A04941De896E4215Eeb8e6eb1b72AD2904D2402
3577,0x6A1b6DFEf6f24F094F426A1b75DD2605d8e2a556
3578,0x6A21378F80572E7358b6Ef1F6e9Da2B0937a4767
3579,0x6A35646d459672fF57F0c0e06FD417Ef9AdcF79d
3580,0x6A3A02246c3203Ec2bd056c4bE8c7c43C778DCfc
3581,0x6A491c894a97303e598cBa28A64BB2DbB94AFF86
3582,0x6A531585Fe0058f5537aFa402a83C31d16153ff4
3583,0x6A5faF3c67D2D08d6890124cB23ca71524c1CF5A
3584,0x6A7bAaA4D088cD2764397583F8027C780723ecE9
3585,0x6A88c527A065F4CCC4aF4AB79D852712F3216EC5
3586,0x6A8e3246127eBF21819e2cCE7655d60927abAa90
3587,0x6A9D63cBb02B6A7D5d09ce11D0a4b981Bb1A221d
3588,0x6AEDda33ea76c4F9E3aab46601A4eBA508a3F07B
3589,0x6AF07Dcf77bAec04c557fF5DB200d2868966270E
3590,0x6Aa952de5A5f4fF8E54cb249fC01A50cB2fd96A0
3591,0x6Ac12cEd5C6a797300f9b85c03dbDfB119CCA01a
3592,0x6Ae754dfAeB3950ff5f011c3a47982593632074C
3593,0x6Af4916cF34a202Fb11DB55A0Ce560EB570b409F
3594,0x6B0479A56728b9dB8ca15914b5024E746682B1e8
3595,0x6B0973a6e4476144c67973F7D6EAB41b4FE8D4A9
3596,0x6B0B5260bd86e1f9CeB91C428496A2BF352ee087
3597,0x6B170Bde94EEbB0F8dc9FC306327530a55CE5454
3598,0x6B2966204885f05f950e20b6162773496adc9c7b
3599,0x6B41fcC015e5B59296B493C730666f0bB7203c5f
3600,0x6B49B8A09Fb0fC429D065e46440d3C4c9626E689
3601,0x6B5106D3bEDF08c94E7bC20F69de19C039f58C8C
3602,0x6B5e3557d0E06815cb2FDcC62888df896d2eF2f1
3603,0x6B6aca951a1400B9Cf92F4Dd9e6b3A14827F532b
3604,0x6B72B3A6D285abDBfD83055638b445AAE3cEc786
3605,0x6B77316d14dD8B7cC15e2f380E02d2c9317eB7F1
3606,0x6B7CF8D60765d8a50df57F8228BE215c202A3149
3607,0x6B7DA51869785987EfB679d36E7Dad1E406F397a
3608,0x6B7e08BF80F627bCCde43087Ca6D434245b2b5cd
3609,0x6B82857AB565D1Ff7c3005E798f44B5Bd7aF1E0E
3610,0x6B95499085b1Fe2E3b98a4C27359eAFC66ABF7E8
3611,0x6BC03D43a138B295541739EbBf89b8bfdC2D00a5
3612,0x6BDeF4133dF04ed44d5990Cb927c2bF60AdC4f40
3613,0x6Ba080E1534c41f5D44615813a7d1B2b57c95039
3614,0x6Bb813898731f9c016cB8453baf9bfb301a3b650
3615,0x6BcC8a952fbC6Dd37626250487808924Db2E8b24
3616,0x6Bd3b3855614B98395DF371b653231cE92b3dA8C
3617,0x6Bdc9dFABbDA9792AF5443d21d4e837946f82764
3618,0x6Be4a7bbb812Bfa6A63126EE7b76C8A13529BDB8
3619,0x6Bf3FbADAD843c45691C23F46caFC5Aa7Ef0Fe8a
3620,0x6C01F8BA5BE7c370a24D191aA345DeDABAF683b7
3621,0x6C044d6e8DbBA9B40dF3228e82761909317fdF60
3622,0x6C0559395B738C4c5A63931539f98927d3F398B3
3623,0x6C0D0E50056c91969b3A8c3e033F31f28F2B2724
3624,0x6C0F75eb3D69B9Ea2fB88dbC37fc086a12bBC93F
3625,0x6C1d5711Ea5EcDa878a92276a34688DabC158a3e
3626,0x6C272D134aB69Ce9d9Fb7f6aC770FE815a3112Ee
3627,0x6C341e077367e42363dFE71f05A71349CB05B620
3628,0x6C3799E878648598b2fe01CA5334f633EBa19643
3629,0x6C3AD0aEC8E8b9aa3A58c839E0f5F0AcE1Fff981
3630,0x6C432978708D2606287D9a042bC0F3C4a1b15c01
3631,0x6C5e1DF7351356D60B7bA512817B9958949131ac
3632,0x6C8E4D6f376336871821Dbe369BFE444fDd1fc99
3633,0x6C8a58A76681b2F356cBEcECb153605b246EDe7E
3634,0x6C9258895FFBE2178b3EdEfE09AF304a1e99bF2F
3635,0x6C9AEF8E044Cb44778a86AC13D72248838Fc7b9F
3636,0x6CD2612540c4d5a8C13b652CEA1Fd7260D48B467
3637,0x6D1FBCE4E73D3786d56e8eC495EAaD3E897EE369
3638,0x6D32782FA03D7182D43dB3636170170c9FD5E6b0
3639,0x6D329a93c0749A479b1cDDF81e46a46d19a2B467
3640,0x6D563083718ec8cA23937DEd5356a96D3c6B4CA3
3641,0x6D59D6DcaD8DB566eDe8C2F01a335d641dc8090c
3642,0x6D6C53147D937614a7c81B3716eebD372fA0e190
3643,0x6D7221c5533a7800A07F8F17c6bF8E13Bd84597c
3644,0x6D7D78d8F74eDEe3668D39396c69729F6bFE5CF7
3645,0x6D860A245E543E14649e0b8b8E3065FDC0f747b0
3646,0x6D8Fde26655a2714Beb15f992AA271c0ADf06D20
3647,0x6DA7c4e4EDdB78Ae3804f98cBa700923252394BB
3648,0x6DAF4cf7943101F4471dD5B84A8F1209C8cA7946
3649,0x6DB00a49ab9baEa4A7fb1F0771EFB3cFc8dF9B8C
3650,0x6DB4879dEC883c8670B033cB791ec83CF098c426
3651,0x6E143394Af5F4f5701Bcf4298074D5C28EeA1c99
3652,0x6E1E790aD304bFa0Eef4f19EF4B48a7497b71dFd
3653,0x6E228c1875c10d3fa2F6B4c9089e889Aefc30083
3654,0x6E29d51d5c03Eb27a036F55Ac08faD8aC5a7Fa9A
3655,0x6E482ac8076269f096bA1DB25667b8335E6AE8A9
3656,0x6E509a68ca0D27Ef1a39C0F6Ab9a26ED42B765ca
3657,0x6E5280Df086A0df20bAeae59Ba6d2F56A6d00959
3658,0x6E58bDEe94a421f967Ad93a0C937681E9C75Aafc
3659,0x6E6886884f99682388D8dEFb9607Da421072E21A
3660,0x6E6c281D595a0d352E65a411904971E2fCDC77f9
3661,0x6E79D53b645EBc0F63fb6dc0170043e0B72Af271
3662,0x6E887FFB139C67D96A8A64b29f45D861fCCcaA0A
3663,0x6E90aE41AF1deA6F0006Aa7752D9Db2CF5e6A49f
3664,0x6E93Ebc8302890fF1D1BeFd779D1DB131eF30D4d
3665,0x6E9c9AaF73a776cA153A3381989a9D785c3461a0
3666,0x6EA48eC7B5E1Ae7aFc9aE55408ccc5c86Cb9b704
3667,0x6EC202003166b82FcD780de88989fDcDE3A8996a
3668,0x6EE87502c1746D29C5073bcEFF02C24512bD15a3
3669,0x6EF691664736372445A6893454b718823B2C7cC8
3670,0x6Efa50DA5Ab0ce171fb1d5b26eC13CE19156Dc8a
3671,0x6F0a2d8E1eD918D92946cE5d660f9c6C32075198
3672,0x6F1F533F97978A78CFa89b6be0F4Cb95f50FDa4f
3673,0x6F2A8Ee9452ba7d336b3fba03caC27f7818AeAD6
3674,0x6F32d27525f4fA93011afC56F2D689731B283aEb
3675,0x6F32d2fB863b0A7DEC69DC088d576a88E36E1635
3676,0x6F4BEe8dE79af1FC6Ea61D289de22f875C8782f8
3677,0x6F4D85874B01E84b42349Bd73AF8F24EA4928DA8
3678,0x6F4f766a12793C3409cbAc7a3a9d064eCEe4226A
3679,0x6F6330bd290727c9323AAf8148b6CFf78697A008
3680,0x6F6B109Ae803F4b6F6092d0002818Eb177114f9A
3681,0x6F6a62725c967dF4C16e228943796da8C2f57354
3682,0x6F7c4B3673095e504201D5Ba8baE6ac3ACc7Bc52
3683,0x6F8b82D2838790270B45D46657f0D75d6AEcE59d
3684,0x6Fc8C697B56330a3D970Cfe1Dde57812A5030853
3685,0x6Fef554079Ec15F75cDF71D5CB2da0950ae6EBf2
3686,0x6a14c51120F2D265D157828C6A027e13CF776459
3687,0x6a39F2Ff79C4E2824fCf30C0CCa9cC7e0E3b3E9C
3688,0x6a5Af7947A60fDFc40A3893564a899c3948dF611
3689,0x6a68AB915566F3a2e1C7c47FC356D971fFc9419d
3690,0x6a7dC166975E25098fE30C26242517d9Dba1F771
3691,0x6a848e9EF5A7d5CbbAE4E8008D5abCB48616E3B5
3692,0x6a8539b8bE831edA4AF243B314f397F0801c78d1
3693,0x6a93946254899A34FdcB7fBf92dfd2e4eC1399e7
3694,0x6a93Eb38b385eFa87c7687109604B4ADc7c8F73e
3695,0x6aA015ac897a18c3EBEBd46712F83eF09788FB9E
3696,0x6aA1930284124217EBC6D75a1964CDD22bcB403b
3697,0x6aE603B3c270f1cDdB42375da288eAdC4CC2f261
3698,0x6aED9D8F8f6A26FeAe067538343D5d61Da41E82a
3699,0x6ab615CF8deCFc488186E54066Fc10589C9293A3
3700,0x6ab791754298D6D6d7C182DC1572126B4eD24897
3701,0x6acEA458ae461aD81c3C58E12655F16E65D7535a
3702,0x6adaC1378B9782d20c78115688AfcA1ba49230C8
3703,0x6af29f96F3EA713091D552cfa615Fb2f52C41285
3704,0x6b051431A98A61429A1f6B6703E04593eCae51B0
3705,0x6b0Db47D32039B1993bA4a14D28Eaf26CC02B147
3706,0x6b15cE8eE1209c570DFB12131e262e832dbB57Fd
3707,0x6b49208dD9B2Db82be3fE245a7A0624EE9628937
3708,0x6b516943eaf398A6dd630a13bf85320e6433C938
3709,0x6b5B846040fA505b2728eE7131DCf7B89a6C0d41
3710,0x6b910A5a4314adC4B38CD9ba411aB56721BCdC2a
3711,0x6bA10db3869196C07d95FA88a41386bFb368907B
3712,0x6bC22662a9fc6423a86b628F58EE83C0838B204d
3713,0x6bCAA539AB97dB627967C4bCFfe83572895F6638
3714,0x6bDcF9857A0bdce00Cf3Ed9BaAd433F8c9DE0404
3715,0x6bE4f5f9387A088737FF53fFAC346Aa2C17108ab
3716,0x6bE6C401398F5578E5F3c494008C44dB7DFdD29E
3717,0x6bF1b49Cd9e7D415aA6C63e334AD9A6686Dd2A7B
3718,0x6ba81546f25d6c89cB9C2FAE2D2a159792B1Cbfc
3719,0x6bcb32Ef1f41CAB29f9EE37C4a48775424016e4E
3720,0x6bcf4e59F078e8e0AD05b961442e1bbf89499951
3721,0x6bdFBBF12D0c2d3A21742DA422D0D33fc381F358
3722,0x6be89802619bC5063B09E7280034d0189bfC763f
3723,0x6c171781B33425AaFe2822b0e498B913aA8388F3
3724,0x6c2693F5a936f37eD03CfA8465bF2D8BEFf19A0f
3725,0x6c2F168ACEEfCB5F15155368bACF9845035fd5c4
3726,0x6c33dB136eec5d011Dc3316AAb764ec611B512fb
3727,0x6c471DEb9Af02466F2b6B23Ad70890c94F199f80
3728,0x6c485B9CDe7C723B42E0432b972bC2DAcD8D812C
3729,0x6c5C60E97A9215D02071562d0e1691981Ff17cF2
3730,0x6c5fE0c4F7443691397E744806684486040c00a4
3731,0x6c68B7CB55fFCB3c27051107CAf3fdDe5d9dF239
3732,0x6c897dB3E012De0f6b5b3cE9Bb2706745D525817
3733,0x6c961fFF8a1F49e0a01A36eeE5169ceD8A6163C5
3734,0x6c9693cC96c59A19457df14104E77E01830019ED
3735,0x6cAa50fbC54f23B623b0CBD02e9964c1F31DF304
3736,0x6cC5F688a315f3dC28A7781717a9A798a59fDA7b
3737,0x6cCf6865353a75B5ccd1EF6C8577C4Ba2546ca88
3738,0x6caD363521aEC7C9956Daa7Af7a55d78a72CA4a0
3739,0x6cb550A2b724029aD9353a05500a77e83B0eb1be
3740,0x6cc79441053276bD53e255894Ab2105E778103e9
3741,0x6cc8dCbCA746a6E4Fdefb98E1d0DF903b107fd21
3742,0x6cc944C7Ac0b9307Ff56E0a42317BA8591B2d97b
3743,0x6cfAc3Cf77A359D7ce28C14F2D53de48981e0F04
3744,0x6d0BBe84eBa47434a0004fc65797B87eF1C913b7
3745,0x6d10c4c364b76075Cc268A01b4EA1BfFFe121f40
3746,0x6d36ACDbc49Fb09AE65B82aa060232d1EE905718
3747,0x6d4549c1Af3f3d6E80838840f4fcec8A5af661D0
3748,0x6d598839313b6BD9E894ab050ed19FDABa6f60e2
3749,0x6d59CF780d70927f022E3B827F31D6A6235A8D20
3750,0x6d67d0Dbd6dE3F052416b80B9F2E0c8F8b6356e5
3751,0x6d6DF099a8854859d4C2A9d6d168D5797c3dBA62
3752,0x6d746f9514ec5709Cbf5611c7B2DFcF2Fcb5Cc99
3753,0x6d8f646F08fcAE5Cd55f648759dfA93548b02493
3754,0x6dA3502cC422Bcd0Cd7c231EDf299CB6B8B08E3c
3755,0x6dAe1b52E4aB59CaB8Ef4BdA884E24aA473d15ca
3756,0x6dD830200c6Efa281b51a48459f86e5add5F0c5d
3757,0x6de19c612287ABe8DD3374e74A33352164345D17
3758,0x6de3e5f6B1D6B2077Fb21b7aBE7D646322a66ed9
3759,0x6dfd9Fd670eC629fD73061A124af1109e75D4824
3760,0x6e04df2681aeFD39a4429B1B246d4a8073B87C27
3761,0x6e0B4D882148270D0912B94f9e6f61d47d13B9f7
3762,0x6e0FC44CcE1B49323185138217649B5E8996A159
3763,0x6e36382e032DB705C7456F4D71612F5C6532076b
3764,0x6e3BC09f5fDc2aA32faedc1952F0BD0d3Fe5aADB
3765,0x6e403a0F29a324c79ec25828388fe3b8ACA8cbBd
3766,0x6e71aC7083Dca52eA4C9c04695A1b3a6239374E1
3767,0x6e7b9B06dE2b063031BdA9d4997E6eE82b22d7e2
3768,0x6e960F08eF967b2154f7137f6F46d614B21272f2
3769,0x6e996A835370d8C97FB32094023EE96eec33b569
3770,0x6eB1b52506Af7364bC6F7a389f8E9DA35e22C01A
3771,0x6ea24f3cDDDF5B88F90B73A2d7df7ad9C0f9BEC4
3772,0x6eb13Bf70eDaADE22B0C5a7F0De7138Ce96d53DB
3773,0x6eb8bFb198e039057EB53bdE8702ab99Df7cAb95
3774,0x6ed0dD5494B84619E47bc8138E4AcB9ed424D173
3775,0x6edD0714a1e44b38adA471A18A63b9d04A8D606A
3776,0x6ee52c85ca5E2A54b94cAd8775dD4E7726bcBe10
3777,0x6f0A3Cff9514Bae0B86Ac300E72a1B9986074B35
3778,0x6f1dae300062ED6294324B95482FF6Eb9d6F4359
3779,0x6f31D347457962c9811ff953742870EF5a755dE3
3780,0x6f3c612C2220e27980E0CCcF56Ea3C43B06B763D
3781,0x6f41e14d9064c075Efef6E1e0BDAcE002a29e658
3782,0x6f4EB1165a0c3014750CD9B16C8a4a0bD69806b7
3783,0x6f5F5033a5E9Db8d6B90325fBf06eCfd20b0eA87
3784,0x6f65D11A3ce2dCA3b9AEb72e2aE8607b6F4e43f4
3785,0x6f68E6C02065f34f0aA4c61bd2b7B4249375137D
3786,0x6f9290Fcb121BCf16859eB573C309b4E1AAEa9d7
3787,0x6f9BB7e454f5B3eb2310343f0E99269dC2BB8A1d
3788,0x6fa364269c09466235A589C7893057fE6A8c66A5
3789,0x6fa38e4e778ce8D05D813B742965894719d2Edd5
3790,0x6fb651CDD003A7EBA1998E9c77d9EE0eca102e86
3791,0x6fbc14C89F0b53457C522083EE914C5220B1781F
3792,0x6ffC40E41897421F381abf343301FdD01cccEC34
3793,0x70105cA6DAbB7f93455Fd0313E8067c6C5b28BB7
3794,0x702188AaB6Bd5412eB0104b2f92d6dE23f4DCf1f
3795,0x702AB485B17EB0a6BF79Bca5ab002461e80D7B70
3796,0x702D4960C5042E605a1DAE7B005784A9CB0F0137
3797,0x702Ee58e770f706ff6618A6929a5e083C4d10902
3798,0x704F1818b51dA56f30135ff91136A36AEa2A43D4
3799,0x70609793a89993C4a29f751914492C4b695eF352
3800,0x706197F0622E483a64AbCa1A42A628296094Fad2
3801,0x7065175E2CFf5cd6D769551d00e15FF87c11cA05
3802,0x70672844fc89782C4F8f7e3B8eeBF8862e2F9B49
3803,0x7067d917Cb947c6ac70d9AE13986a3f7A6A5099d
3804,0x706A39f86f174d26c0b5285721fbC48BEAa192A0
3805,0x706e30b4bc702792740aEe962D190d4Baf5D08E2
3806,0x706fe50dDe0a08A933aD4d4e4699A4767861020A
3807,0x70717BF7593403DdaACD5b492Fe7bd64B9330Cf6
3808,0x7077418e9d3302A18645581709fd7a1DdeC15F1b
3809,0x707E3cb80A2C79914E441752bd6DebdCEEb8cbb0
3810,0x7088C5611dAE159A640d940cde0a3221a4af8896
3811,0x708E5804D0e930Fac266d8B3F3e13EdbA35ac86E
3812,0x709A15c1a2e1191f5057153cc4D44E02f95Bc8E0
3813,0x70A61Db3F8161043929a92b9782c69e161e12e8A
3814,0x70Af8612D3157f1eD987a1e6D949e2B935a87054
3815,0x70BD8E15b930922d91D81d7BeCbdfB44c91098C1
3816,0x70D2515078d07D6765B3da1EBc353307339Ebe1D
3817,0x70a357dEb970E87e5eEB1D4A34842D9b5D6009E9
3818,0x70e7A6621F4cB3c3E073D0539899F49fC88424C0
3819,0x70fa95784622BDBdA7e4C20C2D4eF8E93AefA7f0
3820,0x71039d40ad2123b23FDFfe56453E903a515E5ac5
3821,0x7111d697C4f51cb287d757040ef85ABFb28363a8
3822,0x711A71e1873988F8Da861e57B01a7838b8068B93
3823,0x712b6cC785A840e7d8188DFCBE299AAb9FEc2978
3824,0x71336C665aecFD1E1350c36052040cb119946a14
3825,0x71390af47B0DFe1E5894BD565fd6cd0Fe2610177
3826,0x713f187c12CC2cF4F9DE3BC4f4168ae0803635Ee
3827,0x714120654B56fA5A3Ed9239EBF7A8c0a577eBb5c
3828,0x714212D354208fe8FeB4868407Aee09247C00aB4
3829,0x714Aa57965C03f1FeDBCC0d23F1d6b4ff415Ae76
3830,0x714D2cc2Ea3a92cF95d68A48Db1D3E001CfF4970
3831,0x7151808DF94315A6C6Bb58e0D3770f0170ecEd41
3832,0x715f087b0402b9f538d62403cc86F77219050492
3833,0x7161891B77B2F2663028669C0c9D769c945b15c0
3834,0x71742CC139223c3AD78a5f63D518F3C792A3f4C6
3835,0x71785c5680fC11040baed9514b8f80eF06Faf7BF
3836,0x7179a13430cd4bd9Dd95D29A13a527CE60805bB0
3837,0x717E61157ce63C7cd901dCb2F169f019D16c5aC9
3838,0x717d3Ac4c1cC5641850c2d9b72Dab7032Dd6290B
3839,0x7186C8abEbF761Fce97bA1fa8D72DA58CCF22f49
3840,0x7187d88e4920ACf3bDFAEf38A1411bfd321a097F
3841,0x7189AeF11204362979e71E5aC7b45d6F45a3A1e7
3842,0x71973DDa394adC3345184827df2DFaD5e16E8B0f
3843,0x719D7b33c63B8Ae0984F1dc869d644bB931De83C
3844,0x719d46Bf5e6Fa7bB63025e40D802DA2e3a133426
3845,0x719e2ba5590Be6e049dA21Ab946F48dcE187c386
3846,0x71A3fb73878b2aeAaF535dE46345beC92d1291F7
3847,0x71C6A227B92d8FB424c27dC9cC8AE823235A0c88
3848,0x71Cc25E270560aB31D5d2e15E5BF896eBfC4a640
3849,0x71F12a5b0E60d2Ff8A87FD34E7dcff3c10c914b0
3850,0x71F7EEC14C85CAD1fB4dc7Be53E2f900c40fEBFB
3851,0x71F9CCd68bf1f5F9b571f509E0765A04ca4fFad2
3852,0x71a698422d3f86EE688c9BaFB503E76bf0c20742
3853,0x71e791dC3E725E0c0735166BaA426Cefd528F76e
3854,0x71e9aeb7445aAFA3966e63D85DB8d1E0A6237b52
3855,0x7217e921AE6B84d410A30005A566CB39fA31871f
3856,0x722a3Dcf716d1f18d7A76CDee8B30606fC2fAd8D
3857,0x722d97398ED670be033E3a435D590e82BA50A72C
3858,0x7235996a0272977ea3da99850838B60f6733E2Ab
3859,0x723AAdF9329A770c8A77F205EaACc879b6E83F55
3860,0x72515452db16e9cDC1e6f1841fC6e07FAb81c195
3861,0x725dF1aF90adD9224bA518bF6e5421A0260F4370
3862,0x7267fcc8683fF7253Ed0d28718874cD0c9a802D5
3863,0x7269CaD927f2D98aBfD06b0Eb1dA318525c6C304
3864,0x726B937FA320F0f616fca6A480dBe6E3a29463A6
3865,0x726EA1FBf2973D61b359D2A7c9b625DA6B43C263
3866,0x727d9d8DC825D3e058533B0e3717a91332276216
3867,0x728ff47Ef9F5C107e6964D0499f3968DafCa4E0A
3868,0x72903b5C3bf812bb5257325f05722752304D0493
3869,0x72976F4bDA7cf05b265dAF23150D278b20E2b04C
3870,0x72B2ed3166d254297E728C98B5ddBf02251484e0
3871,0x72B4b1eDFD2d19a610F12dB431829f0024507a26
3872,0x72C9e93B286E3014A1ea4FFC9063878F642F1D02
3873,0x72D1B3cE604953dF9968B78F9082D2c375dCfd11
3874,0x72DA6175c30E50DFb8dC60C5B209B0374c76198a
3875,0x72Dc267B1fdFB85e6425839e89Cfb384da7F0a13
3876,0x72E5263FF33D2494692D7F94A758aA9F82062F73
3877,0x72a81966C1d3Fa371831a3EEEFFfF0940eDeB84d
3878,0x72c2c890625F7e2eC82A49a5B0D6438C36FC1bB5
3879,0x72ca8701D6ca0C04CEc917b11eBa2c6B76620966
3880,0x731a24414EAC025a1fa22ee10193BBA2E40bdC62
3881,0x731be2092fdB93A6bA50be5FF2eAB0b3b25AA945
3882,0x73282A63F0e3D7e9604575420F777361ecA3C86A
3883,0x7330E0087Bd1E32c900C279F0831B7122050A61B
3884,0x733608d814Bf115E481f1d02A7c0a31d9eAF7416
3885,0x73372fd360663A0688C7Db7017331495A192F28A
3886,0x7338afb07db145220849B04A45243956f20B14d9
3887,0x733cdA6dd2E2Fe13F702b5968eb5400B22590a6e
3888,0x734237e7D1F7Be09D300B652ECCe85D59b3Dc64d
3889,0x7350c6D00D63AB5988250aea347f277c19BEA785
3890,0x7355cA5613e3c943F6df3652E7fc4e4A8b800976
3891,0x735992Aa46fF70bD1875E45D078257D6075b7568
3892,0x73602d2905701aFcE736DbBFF561Ef5b46A8d775
3893,0x736DdE3E0F5c588dDC53ad7f0F65667C0Cca2801
3894,0x736a3e6250b95E8d4e9F8B8c6EE4cD056448D3A6
3895,0x7370D40D9b1b2B9c69c098133608e95781496D54
3896,0x737190D9A838ACDcbED85D885A97e2777c317350
3897,0x7374bB48A5FDc16C9b216F3fCc60b105c73D1806
3898,0x7376aF1BfBeA6eACf4D8D48A05cC84de3ABBB8bE
3899,0x738726961dabef11514eC9b75E0665eE0050EbC4
3900,0x738C33092Fee4Dab379EC954B436B23b03Bf6F2D
3901,0x73913CC0481a59706d1F6183a8A66EfD930eE2Da
3902,0x73C28f0571ee437171E421c80a55Bdcc6c07cc5C
3903,0x73DC63EEAd1b0cc44c40b7E5306dEE4Fb82A303e
3904,0x73Da40edBa728ec51F07424408d9E308FEaF7252
3905,0x73E8B743a559AB31a5114d323103EF659a1a2cf3
3906,0x73EBA152Bc104340d76617bc86dc5292e33f9Af1
3907,0x73b085ed81Cb4f15b16E47D56e4d04091FaB0af0
3908,0x73bba6A6a92EA3Dd577723D15F766Af4d591E0eb
3909,0x73c0AE50756c7921d1f32aDA71B8E50C5DE7ff9c
3910,0x73c8375e84dDc45141847FEf7fd31a6DFDEA8C6C
3911,0x73d25d9F5E5D0F566f5C05b8dfFe7987D0a13789
3912,0x73d38D824fb2a24d1D888DA0E582A850CB34343b
3913,0x7404BEcAd09351583443720f8f520f689E93359e
3914,0x74068a3dA8d24930297B5a4a91492A6166Ce6380
3915,0x740935D1d2815f6FDc3a700e26333aa430a2153e
3916,0x740E7DAD9F7F5E3E7daCefb13675F574ee918ddb
3917,0x740dF0820484d8902a05879F3C3e089a1E953505
3918,0x7414Df7948E17c37e588E5ac8e43195cbb2aF801
3919,0x7415343587320466372ce045aCB83Fca5D0e8F1A
3920,0x7417e5dCab770640DA9A88865c1aBcbd32FA76D6
3921,0x74189FE7aed36Fb8480708Dd825F5DAD3759c9B9
3922,0x741B61deA1765E49B8fD4dF39047719975771C5E
3923,0x7420fA58bA44E1141d5E9ADB6903BE549f7cE0b5
3924,0x742569fd5266486fd2a50171dbdc88B8Ee893ee9
3925,0x742F991D2880F1ac6A127d804bFc8A3364157aB1
3926,0x742b6DE8Cb16327B68c83e1d6433174dB89FD2E0
3927,0x742dAc07395a6f3a94bD4f0248e248879000dB3e
3928,0x7439da5b78D363F1280306267433DdE2E13092C2
3929,0x74440798F652542127A7E02F534f2E5f147b6B4A
3930,0x7445E7C1Bcb776C279d0f80FDc9953d1f7deDE5f
3931,0x7450c4a686fA95691417494D1cEb15106301b7Ed
3932,0x745bf6b6Bd948f92b124Ec9b13210564a81f21f3
3933,0x7461bE1a08d1930b6A1b6c948DB016C1F39D673A
3934,0x7461cad3415796469b6F10A06243d4D21E46b3CF
3935,0x7461f3b3d064138f1CB963F0D1322C6568C3C091
3936,0x74630370197b4c4795bFEeF6645ee14F8cf8997D
3937,0x7468a66640840Dd3B44559395ca3788c17cB6495
3938,0x746c7757501193aF295797d4F338121Cf22A4aCd
3939,0x747276019e3340104C96397bF6537aD01F93D7df
3940,0x74740060b6260A7Ee5E56246911821cd1Bb6c593
3941,0x7484f67E1735A8F3395bfe6b80f8489C830c0A07
3942,0x74878E309DA0767f9F602E4256eB9bAe33c373Fe
3943,0x74903A800aA3CD3Aa1b7dAf0D62252CebFdFEe7f
3944,0x74B9148Dc3801409943B78e63Ea013e0D8E61F3D
3945,0x74BFb4d8B08F98B4D3D1Ae7e1692f40111fF2C16
3946,0x74Ddc05f7fc4aaAbE981156ef672328c6869c58C
3947,0x74FB9510DafD52648735859f11bE1145dc0f9528
3948,0x74b0b7cEa336fBb34Bc23EB58F48AC5e4C04159E
3949,0x74b30c4d02d7B1247640F747b3e17269fb25e4c1
3950,0x74b6987d3e5055611F7a7873D5ABf3F23e7D97dC
3951,0x74e2F4FeB3CB4dF030c5ba1B3B12c6E2EF4bB225
3952,0x74e77056e172bc83BE3e67248Af9bD64ae1289F3
3953,0x74f174a57dE7875de855eF5197ee0c3952F613E3
3954,0x75045595C568Ac9678D7be0ef8A59722E80Cdf32
3955,0x750951D42010A71458400d1B2B0c69B0BbC65De4
3956,0x752F6F0E9804f047CB798E54CDEd8CCd202Eda00
3957,0x752e9A1A300875C7b430BF9398b1265702F5dA75
3958,0x753Ef03D0466A3B70cd84d4253000eBd5e9C7CC8
3959,0x753ba2b3e481D8eD532c1ED8dbe8f0230cfbE8cA
3960,0x7540Ea4078FBdDF5d95e04159F07e8702061e283
3961,0x7544b652647AB463ecbc39a30213CA9A52a80A1e
3962,0x7556241FBb6944026eB70bF911E882a99d3514d8
3963,0x75657de564597305FA0B7f5aEed7E1CA1835c15E
3964,0x756777D1e036aF5dcBd2dE9EFa26B4F62e7bb270
3965,0x75691d0099e97e04476Aaa8A9042f96B19cC245f
3966,0x757576611b78ED513D97c1fEB7479AAF0C977596
3967,0x758597A5671231211ed2DD13075c2f66cFaf4A9F
3968,0x75895DEE1c1A5bB7E91c18af2625d343B52E9235
3969,0x759DeD9baCDa27a58c3E450b79F2C49c2a6B765C
3970,0x75A35F615Cb1bc590E83fbBBc1fe10AA7b58FdC1
3971,0x75AEb063740CaEe4adeac44Eefe055D1A4FEf515
3972,0x75D228291f2670546549563569d25AB1840fa897
3973,0x75bE752E013eB5D106B1686EFde05c43c6ade9C7
3974,0x75d045168Fc8C621095Ae9643ceF43034C0EE21F
3975,0x75d3D795dB784005644284CB5C77960de9bA7f81
3976,0x75e89d5979E4f6Fba9F97c104c2F0AFB3F1dcB88
3977,0x7607aEDB36183DEb0474037B8783f31d2026a36f
3978,0x760A3B0f719603b86D4c3CFC25374292153dCce4
3979,0x76149d87A6bA9eA3c864d0643210e71393dD7777
3980,0x7618c9D1Bd965aBB416e4A40e9c4945A1C8A7CCd
3981,0x761edc5aDCFF62c9fF11D2c57cdC3E48932AB954
3982,0x76271B4cbc8C461e070c2c50578e031527e9a240
3983,0x762777B68928F04550e536668359bD3d1800025d
3984,0x763442C5da5ff56a1aC8D7422E646a5805006212
3985,0x764711337b0e393aB79a0A48335D62C3cdB0033e
3986,0x76479953A3012743c3C760432711Ab73224614C8
3987,0x764CC30478EB6aBe1A735bFA18E5A932E7903C32
3988,0x765295d843507EDAE42216D0B6095347A7D98039
3989,0x76577d91fb3c4781D80eF0d8725c015FC44E4CE2
3990,0x7657aaF0148E8909cB3ef2F34453A8dA88E61E2C
3991,0x76582967a60682d344F4689E7aEeE7dDc6a0FDA9
3992,0x765BDabd4Cbf408FFE41FbF41962b2017EDC0557
3993,0x765F5D2c05cE18f3B77c91f796A1B42e5679935A
3994,0x765c9f356795654601B0860e245EBBe943986081
3995,0x7667Ff16da05084A2feA0D4dDeBc50a34Bb8311C
3996,0x766bFC9B5742cf318425b041bC3f92FAc9128CEF
3997,0x76918841298C0EecF0Fe9409CDAD3000320666ED
3998,0x76928118F179A18EdF270D4a8D55c47a3429D7F8
3999,0x7696665aD545E3E98bC61b4DEB99eC08014e3316
4000,0x76B7fE2a5101a591c7C49DF0266c025373fFCdf9
4001,0x76Da9F88e63a85Ba8BFA19F3821D5A271753D3dc
4002,0x76EBb1616b7de2E16784ee58d85E67bbB04cb89D
4003,0x76b20a1e1e35c50DC5cB83b03fa4c3ad8824c1dE
4004,0x76b64Db3CD2d0C0a7f32eA7BAa6c7cae09Af103a
4005,0x76d2DDCe6b781e66c4B184C82Fbf4F94346Cfb0D
4006,0x7700F677ddd087ca83ECd12F38442bdAE9a54fA9
4007,0x7716480f30dfFE020E29C6b734ADC39D893d54f4
4008,0x77202EF5897d2De4C5B39A59274c76488d6a8261
4009,0x772E8b7331ee3974153153b40108455680AE0624
4010,0x773fdAEF22cc5dA1e9586594515A223Dc491995A
4011,0x7745a9808335BcEB52e68Ce81D9FdAf50495c091
4012,0x774eDb521e6AA29f746B6f2174B55F2318dE4947
4013,0x775837F916017235F284ebDB7A80A456565a6230
4014,0x7760CB6D54A8Af3a02dC34481b7d79082d8e73a7
4015,0x77632755B61015C6e1C7617cBD005C941F86740b
4016,0x7768C8443fDD6fA0b487b326C86EfEEc7C6e0bc4
4017,0x776b928b97f5D03D1D7a990B7163e1496f26f748
4018,0x77782cb99086962725C934f7A8C7818D159E4f71
4019,0x7780E86699e941254c8f4D9b7eB08FF7e96BBE10
4020,0x779a0e68b91C598C3eD4Eea7F12F1D66cFB2b01B
4021,0x779a903384637B2130F252515cCb247a277836c7
4022,0x77B03b2Ee582C929Cb96a3E50E4Ac9a71014670A
4023,0x77D4f175aC7828Ff8F0985101E1643259f15D163
4024,0x77DEfa94A8512509b8420bd768fCF16D870E0659
4025,0x77E395cCB0f042083F389404f3459DAD40B6D552
4026,0x77F1894552a6336bd0Fb2F0e904D30858f67Cfa4
4027,0x77F226E8a8E0115d409860d7bFF2E973d675aB1d
4028,0x77b64Af9a5b28372442A9E0607BF46f8521179e0
4029,0x77c2Da8140693996BE6bc72776cb1F04A77A4E68
4030,0x77e04B8c9684286C50D7F616b7D0006ae43E9A0E
4031,0x77eAB40ECe6A8b96Ec9b78860CB0e34d9011Bf09
4032,0x77f9F40A74B984c4dB84641A7cDBF58E8c3D41c9
4033,0x77fB0deBA36c1ae0057B8A07174Ed3C87F53F11E
4034,0x780437e5C5ffD44D96aeACd5A585Da2CeDDBEFa4
4035,0x780737124207f40dbb2bCAd58594FeAd6ae12DB9
4036,0x780a58ED25E10171FB47f1d60df285AA04F67a93
4037,0x7811c7c0b36Bd193B732EB7bc7B18f969e32BE12
4038,0x7813d97B4e708962C8a1fa87602f5Ecbc4780DEe
4039,0x7814C1aa8ED09c693EBcd5DFf6451d6440a7A0ef
4040,0x781b7177c43589ccD00B78cDA8d851BacD18dB74
4041,0x7822159ee394D14745Cde63a706F965fB73c7Ac8
4042,0x782629C9578889a9b8464f051f23843734f72599
4043,0x7826EA5e012B511Bc5Bb89d70BA92Dcd07332351
4044,0x782fEed0Fa2E56A3BD719f38C164E3cf914417A4
4045,0x7863Ea315DaDb0296412AfC86813eBC1EC91aa8b
4046,0x7866AcB98FE68aAb6919AE3273937cb862e77812
4047,0x786C99e8747F88EFBd18cC68272D9DEd8102CbcF
4048,0x786d516035C2E4b657cae43595044e9726D09709
4049,0x78775b983F4202157119E1Aa80e884c0303F073A
4050,0x787986DF2715DDFb604C6330443E1E3C4C41Ee51
4051,0x787D8D82f60fc18C6e2009CD19BBE076B24bC7B4
4052,0x78839dbB80cbE78e245AB9908fDc709A820E32e9
4053,0x7888D5934bb79D05e8A67aAA41Bc6d455796b2df
4054,0x78B3367B0F547Cd16Bac453F788956AfcE92447B
4055,0x78B89b81BfB345E0ED57Dc33730EFe85d49aCC45
4056,0x78Bc49be7bae5e0eeC08780c86F0e8278B8B035b
4057,0x78Bf8b271510E949ae4479bEd90c0c9a17cf020b
4058,0x78C1597f1dA23881d0A8d23d8Bbd5129ddE67498
4059,0x78E414cE75319CC1743A6A5229214A6253F573dd
4060,0x78F225869c08d478c34e5f645d07A87d3fe8eb78
4061,0x78b037B39704e88a82DD23CFBE1f57f6AeF8EBC5
4062,0x78b629C7527d04d7EFcA323c360796c66A084583
4063,0x78d37240F21Dabe01cF47E208B6d4F47e13D9135
4064,0x78ebD236c741CEa7aBeD39fcB10D1bCe90bc3127
4065,0x78f353A726194A0Aec468586Db90c04015471B1B
4066,0x7903fd7c4a4985b733952B5783ab03048892CA8F
4067,0x79116c7ceE3295e2f0008D075637c6ac2BC06865
4068,0x7911Fa8d5bfCe62ef68B714D5b51A65A5732B101
4069,0x791aEA1e71da424A903339Cb22B38Cbac265f4A6
4070,0x792110D7bAB2273b0c084D4E5A6fddb9f8cD6673
4071,0x79317fC0fB17bC0CE213a2B50F343e4D4C277704
4072,0x79356c34A33B71a64cA3b99892A7a88fAE2096C7
4073,0x7937145f5481e11c04984BDA550Df4274d907Ee3
4074,0x79462d0B746789EccE72e61da91D32D5DC4c95e6
4075,0x795841fd580988F28BF6a681101920E074fd6Ebb
4076,0x7968B046cc0175392a191F4D963fAAC71d45A589
4077,0x796A716E8Ce3b4F4c2F286674185d6e92B48407a
4078,0x796F3AB11545c29AAdC05d0a6278D442D3890741
4079,0x79773eAA0508Ec7262C72c2104b31de1661104f8
4080,0x798523aa621667148B12adF2c309131c9671654c
4081,0x79852a2B8386587DaaD501d90674996Dd19d88c9
4082,0x799560D1D999e27B23cAcb7eB5A31cf76b1c6ebe
4083,0x79A0027b349EFbf4DBD2803d48d32c937BE62A5c
4084,0x79Bf165CCDd8C4192509aa7FdA9e2689Ca492f1a
4085,0x79C3042c23dF1CD9837BE3d58E4758Fc98ABd90c
4086,0x79D6b28d324C503E0aC4d187eD10ab3d572fD5B7
4087,0x79D733f75dc353527bA76C0e2aC16a784b92e8E7
4088,0x79D7348Dea02B6Ad19B88fBD45d9b4333277BAdD
4089,0x79aCBF17da6520D923673a285955BBBC468dD609
4090,0x79b640dF03d3f9eD5198A5fF8D0ae3D6D748ca6b
4091,0x79b92357bB57a449394A877bA673BdC00194E274
4092,0x79bCb22706a3Fe3E9287E375181b43c59B4f311b
4093,0x79bd7b68621963288869b2943907B1CbD7eD98b7
4094,0x79d094ec6c7d4987652e3f5551D22D9eF5A49678
4095,0x79deC28947e028338951fC85508170Cee9459635
4096,0x79e287df154bB213617b49D42e80dB34585CC75E
4097,0x79ec517d82ff1e7F151E188d439E6FA7cf75eE6A
4098,0x7A02eDAD19e55258F0f8ef370D029C5720A3755f
4099,0x7A06C598dA950ae3B5EbB98076415D604b9fd43C
4100,0x7A2B10ec59B0b323323480Acc95DF4b64677F319
4101,0x7A375405B44ee24C2020eee3BdB37686177318D7
4102,0x7A39608107DC014d4bBd7A5F01d3FbA5Dff6D042
4103,0x7A5509e03B1a9d75A4106900F5A014888833dc91
4104,0x7A5D66b1Bb167F69ac4Db0BEEDDa87213a5B95B8
4105,0x7A5Dc8262Fac5fd2a12801E486cf4AE9F10dcD05
4106,0x7A6cFc031A00BA0e4FE0Ed9fEca7069883d6b3E4
4107,0x7A7311580bB9783a54f4e3E7585080e327AeC3dc
4108,0x7A8EDc710dDEAdDDB0B539DE83F3a306A621E823
4109,0x7AB7a75d2CE3Dfa9F05dD198Bc9568fD896914FF
4110,0x7AD7ab9506a43fD058E283C60EcCccbe3FF1298c
4111,0x7AE94E6913d062A9EC3469d1D37e6583A4Dc6DF6
4112,0x7AF952c37506A488D9E279574eFB43cbc7148c2a
4113,0x7Aa3318Aa8b33504eee3663CcA0b73Ac9Ce89E70
4114,0x7Aa769d5992e22B7433D0D3503021Af2e28f3CE6
4115,0x7Aa9d09A6d283F5b5ec724D7dd8fa70673553183
4116,0x7B0d0cA5ff6aD040655F1a37D9B0a6347cc0b917
4117,0x7B12655A5aada0b3c053C7ff5aa444Bd666A0163
4118,0x7B1f1Dc076E06461a6c0C454bfB5CDa482B118C8
4119,0x7B3C91aFBE20d8a14e4e2366901A24E7560BEa87
4120,0x7B5Cac337d6261E8BFb8ACeD8b9EbFA0741e882D
4121,0x7B64B472dcE205560FcA40eBAC619c977665FA61
4122,0x7B6F3f97f6aBBE029AB1e54b843c4e8a8F946A01
4123,0x7B76ADF47b09F09e1107A1235E513724168d95f0
4124,0x7B8135DB002d27f745EF7f9f284fE9F641e6B217
4125,0x7B84c58Ab7C766c95DC795E289aFED2A9D44386C
4126,0x7B8F03c4178e0e0CBa208e62E563Fffa295C7CAd
4127,0x7BB78C214d69C95dfCe44528b48683C00AB716B9
4128,0x7BD141bd5384C42a9c929711CE5DBA0a74DbaC99
4129,0x7BE6a8892eD62ceC3aD63679bCA236C05140AB09
4130,0x7BF60a54B4e53c3f52CBBc87CDc4b41bcAE9056f
4131,0x7BF71903223842997113A0f367f9C234B39a8C33
4132,0x7BFEe91193d9Df2Ac0bFe90191D40F23c773C060
4133,0x7BbCe3Cce4c0E48785Fc28E42df2b41277487918
4134,0x7Bba80E55FeD1812974Ea0dB50E58D3f82348c1b
4135,0x7Be4D5A99c903C437EC77A20CB6d0688cBB73c7f
4136,0x7C022A1B89050Ce82d2EdA14Cb06de02bA1C7f5A
4137,0x7C2CF8825cdB8a3894A0DbC2937aDA79b43944C2
4138,0x7C396a38A9e6733DA4224c6975D1A5A30df26576
4139,0x7C422F4436eD5e4A6Da805C1Ba51d08809a0D05e
4140,0x7C4DAC65622EbFD96bb0012d69c5c1fa6124e969
4141,0x7C5b226f7365b064EDb2eB5CA54998f65a4C5DB2
4142,0x7C65Bd70E57F88524DB760f2C6654b6672558a25
4143,0x7C66550C9c730B6fdd4C03bc2e73c5462c5F7ACC
4144,0x7C6cC584B8DcD7435D33d29cd467062Ef4B3e043
4145,0x7C8dB97F875361Fd603bc14E11b4A66b762A488D
4146,0x7CA5BbD7B7098DEe1C92b98955efafEEc9563b52
4147,0x7CBaE5A7aBdc39f2180caCC8EBF33f5dCEA0D144
4148,0x7CDE2f02B94aB66ab8240e5d9c4285FE1475f65C
4149,0x7Cd8b00200fFF8851076fa829A1f03Ce95C1C827
4150,0x7Cd9d18f78764124fae962a6f623B7a49C9D3Ed6
4151,0x7CeBF303d8c69a6649f1de5f0014A1f733606Ee8
4152,0x7Cf195F74B8474a1A86138ABB70a3922A1D13A57
4153,0x7Cf3F9407bc9e7E509Fab00532B4E54967aF8CB9
4154,0x7Cfed2A2d4a98680daC6aA55120f5AF2EC562EbD
4155,0x7D148e74A81F876d106cE9A78e25CE284299f112
4156,0x7D1B10577DA49D490685f8105bEE3fA7A82ceD53
4157,0x7D22f275A9EE79BAF478E8c6164C498c379D625b
4158,0x7D3bF2cb39f5cEEeca91eCc8201Dc01616AD089f
4159,0x7D3fA0647911d7D967e0aC0C53E3E28cf9C7aFA7
4160,0x7D411873898aB53EE8260273eE9232213524ad62
4161,0x7D43c95649f341E6D3470f53eC3A6eFF1cd0567e
4162,0x7D5BeC15DE5378E31040B9fDeD942C3f18066586
4163,0x7D68def47e4F393FC4FE17b21d1C94D105512DE3
4164,0x7D69534274bdd484F29C02959cd033665d2D513D
4165,0x7D714a30B7f7f688Dfa81F4f1D8Bf605CCD083a7
4166,0x7D7C5f2cDA6E69FEE8ff6fE80c75C627154bC4b0
4167,0x7D7eFbD5575d68c146610b3916b793a0325e0DF6
4168,0x7D81b9A40Db532577E1B1A44EE94b3EEb3a5e6de
4169,0x7D86454b1Ed0E4CF78e8CbfAfb744397df6053b4
4170,0x7D8932887B772Cdf0dbA2E668fC1cE096E479b4E
4171,0x7D8aa7f5E574054FCf06A9854C8D9d385C786D8b
4172,0x7D925E4C18F1ddC1B6cc164721b19d46D752569B
4173,0x7D9F9EAeB48E994eda2fA151b8581154cF0719F7
4174,0x7DCb3D684308bfE73a4b6558eC8d842e6d0956a6
4175,0x7DE3E8802a017A2746749c56985bF6b4DB3E1094
4176,0x7Dc445E2B251e82bd45A4401e72Cf60b6B4a13aB
4177,0x7DcAbb715E988BE62444917806ee5cF51330F984
4178,0x7DdB30cB473F411Ad3574414De845a8bdC3A4529
4179,0x7De27209440CAC3707AC0114337ffb2E0b87B4eE
4180,0x7Df60Dac06e1D22921e1A9fc0522062c5390AfD6
4181,0x7E1217218D43C8EC1B5421878e477a57a0019DE6
4182,0x7E3147eDf3955dC6025dCD721bc355e8C89984A2
4183,0x7E32127be989c7D3646DB2efA827e4bAD4b68604
4184,0x7E8A731A765087423d8A7bca79396168BDaF5F97
4185,0x7E960c15341D14C6C5ebeC46f0A3AD387a0b760e
4186,0x7EB9d67f9DaeA510399A1eE978b36E66626058d3
4187,0x7EC9831E4B3d15a0B27Ceb9d6EAe947e847fA5b3
4188,0x7EDe018f3bb0b535c8D77dF4d384B0FCAFd4685B
4189,0x7EFAc8A02650396CDC162A8D989FA2eDd87b2a13
4190,0x7Ed49900A72a075DC673D95e243cb928a3bC1709
4191,0x7F11e6BD8eC7886B91280559bC18A2616B4fd0DE
4192,0x7F248e4301F5A16B2a8289989584A509f7157845
4193,0x7F2bd3E24C3f82Cc8290a151B3fAb1804DDc6719
4194,0x7F6399d03a0dD9d95d75dC44182f232061F4532E
4195,0x7F73A78308d58877eEd5d185A1961815eb139Ed1
4196,0x7F7835Dfe1f050f48597380551d5d2eF792d50Bf
4197,0x7F940aDF27aa26508575A1A6588c6ADe158016A8
4198,0x7F957B7Fe99dd0D515A2283420b6D8702Be2ff18
4199,0x7FBb9C8070989eB217C83Ff2e035518154361C46
4200,0x7FC595165119A56d790408C8e713618FaD517cA2
4201,0x7FF83a03265caAbA481218A77fF256392474f0c8
4202,0x7Fa862a55Ee5F59d829f091e75FB97C69f05b160
4203,0x7Ff1811286821e7519f9DC40C0faefb14E2b362d
4204,0x7a2611B4b14D14c6d57C39daC5B02cb15Ef5Eef6
4205,0x7a447C0A0cA7a786224BC2D27347b257e246eB1d
4206,0x7a4633fb1C75d412e709441Ab6097C8925ff9084
4207,0x7a4dC3555347024dE00C4D9837C083E0975d6519
4208,0x7a69Bd5A31f3388ED2EB2a7464AA462C658D1929
4209,0x7aB551a6B600620860A37AEa5ABe938adb47D6fA
4210,0x7aBdF455390a678614dAB6F42d1a0c3BcA71A7dF
4211,0x7aC159f266bE93E67c24f91cAf18a42bE711ED12
4212,0x7aCDF734f15E0aD5DB2fA48B8f47fED03F724f02
4213,0x7ab0aD80923040F1D392bd8C234ea582F2824b95
4214,0x7ac34681F6aAeb691E150c43ee494177C0e2c183
4215,0x7ad3C0a28601B43306d9c03b5890dae524F6206A
4216,0x7ad7100117eE2554605f500007bAdA9d936a6052
4217,0x7af452Cb06F353018D1b9447c45B7c5A17b63E4d
4218,0x7b033f3BbCcD6589d89Ca90Fc49815aa92F77993
4219,0x7b14F838CC764e3dB7C64a913892cE65AE91B0FF
4220,0x7b22Ff2ec672965bC311af146EE4Ce7EC74Ffd2d
4221,0x7b2366996A64effE1aF089fA64e9cf4361FddC6e
4222,0x7b319FA1B1A27c2f2A08C2c3965A131c8F654339
4223,0x7b4778d265F5280f600a2917C6Aaf59B44fb2429
4224,0x7b4a325B35ccb830934d14a52Ca04E4601d86153
4225,0x7b658Cf5CD03c8898266C9c0E06190C913E3a875
4226,0x7b6c50558F9204056c484074879A8E60CBEB9829
4227,0x7b73cd1e51cea643BC201c0c3599B596Fc8cc736
4228,0x7b80f8F77a37534dE8085B56A9eda3E4412BFeFf
4229,0x7b87336Dbf10e362DcA78af7a4a4949c20FbA46c
4230,0x7bA7F7BA93ED40D18b7783419081B6101E47ff0f
4231,0x7bD0A35Ff30b820cC2be248a2dfb4aaB353E245C
4232,0x7bD3b02a45CA09f4C81a0C45FeB2fcFE38DA692D
4233,0x7bDdd76eb6f5b3F172C9294C1c856056D1A8C9dF
4234,0x7bcFf2B7c86003ecdCD1c6cf4F7b2376704Cc8e0
4235,0x7bcadC4eF8e7Ff2cb8e5227106BE55036841188e
4236,0x7bd2B1c17638C44933ffD0d65734136a1b2ED67A
4237,0x7be2E2F376539B50c57A9cC8d4EE3A47C143338A
4238,0x7bf95038241fFc4399dB57c907A193E7f3738dcF
4239,0x7c12195e7db819A54DEAA0416716A31aE9b4Fa37
4240,0x7c4eef71Fb17F50D2d8E17bC465B247584431b76
4241,0x7c689eBA61bDcf5358E92956De5E01966D4e3C31
4242,0x7c80C52E26d5ab3e8EFE4BAF74aBeCBbBCc5ae36
4243,0x7c8bC95EBE9C66853A539fDb896f12f555A8CA20
4244,0x7c95D0cD038e06C4152a37325d48aED406006fE3
4245,0x7c9932eEd5Aa0604FF417B2372B0AA76C5971bD3
4246,0x7cA460F6FE913FDe9EAB1d8e5F0D98b819347C89
4247,0x7cAaeFc724eF665B975933687C8250D420eff0B0
4248,0x7cBB2864da19A852f142B333443f35438e95Ad86
4249,0x7cBB8E9080606E6c37d6d8bdfd9B852922c18cdD
4250,0x7cD10244438EA78c48A81380189d4fd2367151B9
4251,0x7ccaD45FCbbaeCd43f960c5af4E82ed2a0021d7C
4252,0x7cdA773Fc37B31D0F5FB309B5e078a43FD71C4D8
4253,0x7d25891B2d83f60878304952c08A261a86dc2519
4254,0x7d5c889EB449490ACAc274b339eCA1fC29e2Fb9d
4255,0x7d698A7e10e463815E8783637f5E24fCBCDB4150
4256,0x7d924A8b7D82eA7B3b25De0cfC5Fa2f95e552981
4257,0x7dBe814301448a4ECa8072aBe7610317B557bbcb
4258,0x7dC35D221ef45f6122f52D0BC5BC836862e128Fd
4259,0x7dE0ad9a841876Ce2698CD836EAD5a44919466Fc
4260,0x7dE1349d21e79D1a2559367b8497616386bddA5a
4261,0x7dE620ccE9dbcfa35F2f36d2Bbf84735de685521
4262,0x7daa9B870bb4E2b4B04DF30Ae35cA5491A2954bD
4263,0x7db0Db8Ae944833F71D0B61D53b30Bfe445237a2
4264,0x7dca13b99A59e1Eb2a4586efDFE71a1840111930
4265,0x7df9E752F406e48a4dfdfb280F05111A02A3454D
4266,0x7dfE9b16822c21eF2C464016c1BcabF204304352
4267,0x7e004B428dA45F7fFf23718FE81F26913d09c578
4268,0x7e01E84998cbca2C950A431a50f0977d32F71300
4269,0x7e05389332c929778C8807DDb3b896190DA36d7E
4270,0x7e2AE811d8Dd76eC6503C6e5e430b52b12940478
4271,0x7e333aD826395D09230e0E6463F986a1f90c6a7F
4272,0x7e422a1Dff6AD123CA32E1721CE4bf53Cf5DEF93
4273,0x7e461d582a6286Ec922B5863453D8C19c2aAFE8e
4274,0x7e477F659dC5A127f07507E642c3ec24c6A0eC07
4275,0x7e4dAEACfbC6A0c51305288D3ea424230Eca3107
4276,0x7e5DCA041b0E91Af20142aE96081EEc9D73d2af9
4277,0x7e5Fd7f08a2E2310502874e26eBAC35e141800d9
4278,0x7e6599af0FA868de3b3eb56B1463C3b90Adf8d57
4279,0x7eA280325e165565cCeD912aC8EA4d2A309Fac39
4280,0x7eB6E54bfAFac422ab90128E2dF935aFdF495930
4281,0x7eC047756A1847DD8e8FdBEc5363ea2e31010331
4282,0x7ec3AC809984F54aeaaba3Bce2C3a76Cdae3B064
4283,0x7ee1a2684eD7D57ddf9a534cd8118e82899AD0B2
4284,0x7ee7Ca6E75dE79e618e88bDf80d0B1DB136b22D0
4285,0x7ee8AB2a8d890c000acC87Bf6e22E2AD383E23CE
4286,0x7f1D18E37e8FbdE9534D5856f90D21a05B094539
4287,0x7f2BC8d90BaEBbEf53A781cB7b71A3E916077cd2
4288,0x7f38bB6021F13973D4425A19CA377dd0a9eC296c
4289,0x7f58dB70E96698F6bdDA881B7051D15bC8578071
4290,0x7f67349140A9ef262f9d7945C0b0B45Ff406D6DA
4291,0x7f7a5c480b194eF295902B37ee10Bb66ab0F0e7C
4292,0x7f88684FF6992DDd19f04E40B11249c6eB25e3Db
4293,0x7f95F608A95883F266ce7c63735F66Fc3601a3AE
4294,0x7fBE42D57bA2502b9Bc1ea4Ec883eFE1277B06Cd
4295,0x7fBaF24Be5Fb8eaefA5aDd9AF3F7052d3fF52E40
4296,0x7fDF77E88CbE0815fe6c8F32Cc2C24D81678BD07
4297,0x7fF1a0b84d26fbD4C9B850c3Ee95348ae1e230E5
4298,0x7fbc0FC22f8D798c784e099218E73acd3222c25d
4299,0x7fdb79bc0112Aa7371593E97C95D455626Df59Fb
4300,0x7ffF1B29eF36c82Ed62C4DaF7A242950d920C83a
4301,0x8003030f5506AF9f97F26Eac00C0df24C09D9592
4302,0x8003CBaeF39430623f9f8DC879782B8Dc4e37FDA
4303,0x80082261DC623BEC0fAC11f4F49Fe59b4024D8fb
4304,0x800C49b4A5bAC2aC16f045037F8fbAC255b62eC9
4305,0x8018280076d7fA2cAa1147e441352E8a89e1DDbe
4306,0x80210f9143a5e5A09Ca4dbb0621e5A7C4c77a6FF
4307,0x8030cEe25ee195022D6A92fe4524D6C9e201eE18
4308,0x8033f850f22391f1d286658Bfa60A5d9D5dD3064
4309,0x80365c5b44bce8d583907B6e090f77c622286c95
4310,0x803d698E6107334deE239EBaa9cCBcf8d2972f7e
4311,0x8042d9d476cfD2CC1BcdB4326D5cA3F30a994379
4312,0x805A6bDA5528010281751c6Fec1AD408d00EcE81
4313,0x805D3624b2C04c279d61Cf50972a1ABd6f0f86a7
4314,0x806388E04b7583a0148451A8ECd29A748b8fd584
4315,0x80658E3657882cFa73fff0eb20c92Aa5E948230C
4316,0x80708eB59EF689D1f94dcDcB1Ea6AC748aB657aC
4317,0x8070C7754F115316308E7e043c59674B6aF1A8Ce
4318,0x808212655D2f3886218e1A116883F026Ab2EA5EA
4319,0x8083aF0825Df89a4488baD352CD8aa9e3256d57F
4320,0x808C3c1f342845603801302eeCd78f991aBFbc01
4321,0x808af82545A721C06D1FcCEbea915a6F5128BeF9
4322,0x808bf44576394a2F3C1b12D9a331a45F7b268962
4323,0x8097c23A574EEAC3eB442A86593395a7EA04cc09
4324,0x80A643911ef589dAEE22c1034ea6Ed60afCeb7c5
4325,0x80CbA5Ba9259C08851d94d6bf45e248541fB3e86
4326,0x80D0d54050C15971b21e877D95441800f5AA9ee8
4327,0x80D1cA0e958C592D747bf9a4f24C67C508E4a1cF
4328,0x80D7724ec4Fd105F308E001630EC7f97c95759b7
4329,0x80Dfa089F4f08D1EDe6A1c4101D46Dc142D4889b
4330,0x80E209Bdb5109bd05288409302a5cb01642C5Ec1
4331,0x80F6f338CA1a7Cb1C611AE91384000348A18f0e0
4332,0x80F8C43B220400a4Dca80FDBAc89Ed58bB9F49a1
4333,0x80FF59d3518ca8954c5c2A642fC3d553486a9bbD
4334,0x80a9b3b11DB0469046B17A5283C6ffB2cDC0ABa6
4335,0x80c4a4783EBB96Dc16F83717bcE5968d514E1cbB
4336,0x80d50AD51fa01044adA9BEA7e3caD20Af839CB3C
4337,0x80e60ee31486FB09D6ce15ed793B692f4C5FA374
4338,0x80e8D031a3Bbd4EB04Cd19fd02cF4038344a42C5
4339,0x80fd52C87c2b83184cEC2A771eaA0ebA8dd06c93
4340,0x8105e062D6b94c951E93739aee33018Bd6A6d1c7
4341,0x810777ce8Af7c0687939b85D16b913aC20479992
4342,0x8108C25309e2A1a63f8907eD314b4B5882Ac7A43
4343,0x810A0679456F17B81d362b65Fa1b53409b98f510
4344,0x810E7E7290e6dd3aF6E35e2fEDd82b25e36326D4
4345,0x810dd48d1024d646307Eb28B376C1dDB854Fa4f8
4346,0x8115653A736e1071180b479f46C5F973adC555d9
4347,0x812A7785eBA06386965d1Bd3b7F5D7e5f21Bf767
4348,0x812E079B3eaB6c1a0701F0aF1E9C92725Dc394e0
4349,0x812d192B6aB214ec98DEE3441609eA81ee9A79D8
4350,0x8134587A1e9d18fDB6c2FC604F479FC29286f1d0
4351,0x8135908BbcB583D65978acCFe3Da6cA927185Eb1
4352,0x81359965fcBCec95d61B01beF8F84469DBAe123f
4353,0x8135ea3726B079848A404EC4CF4502004D48bd03
4354,0x813f7B067dEECDCD7F1386063685F7CEa4Cc7411
4355,0x81477c375E1e90fDdfe8b291A01f60760727E53b
4356,0x8148F4d9fd12bdAa9ba92623b0717667d2978f0D
4357,0x8149f0E4417536DFee02013bb6812A90C5109956
4358,0x814dc08048890359fB91341341B7E42e685FB446
4359,0x81564c39Da31612b8FD1B17cF452e91fE596ed67
4360,0x8164c658fdF67eF8c1f1a9438C3a89Eb544bf759
4361,0x816768943F71c3e099Fe910C99D53154e08b689C
4362,0x816E9099A6Fb9F7a1197480bD299b7b85bEd5395
4363,0x81744a39f45C8dC876Bc8c0af900e90d4A708AfC
4364,0x8184B8c1d9dd199f83655f344eb9426015B591B9
4365,0x8185eD7cf10452d7356978A1e9bbe1b1Baf64a05
4366,0x818854b363b90791a9eBc29e2f9c7f1055ee5A4D
4367,0x818B2dD5c9D9a0a241977bf084d20E74E9030C60
4368,0x818a86f6db284A7E45ed98Cc1Ba88D534d07C74D
4369,0x81Ab56fa455Eb6C5C15B9b8D82BC94Da7582Bd88
4370,0x81BE746978ffab18C97e4fd361f035a794f847e6
4371,0x81C0b6dc85B2F16C94176D78F67289156A8cB4AD
4372,0x81D98c8fdA0410ee3e9D7586cB949cD19FA4cf38
4373,0x81E0c0Bf077A43a0A1e8b06b16b814f35cb37C6e
4374,0x81E1B5163cFaD14662DFb133554F3F4bE8e60b5c
4375,0x81E63a86CFD99b624631641c479674CD71a77290
4376,0x81Ea11db46ffE5cCc9AC81D115fA09Ba92DC0397
4377,0x81a0594D33b83D294CbC1C62A05968b7a30E8eb0
4378,0x81a4e4E6B5ceBa1FE01B57C534814a791D32D697
4379,0x81b1Cb00947D909BfA3940bce561980ffb8DD38D
4380,0x81b6a3832E6D0174DcB07790364289d16cACd133
4381,0x81bbDcd28E657c1459ABF53DcF5974CBf6e4Ad5e
4382,0x81bfe01a9DF204eef41c03507D6644508103175D
4383,0x81df54BD9F9449153927e20d10046D59BD3AcA95
4384,0x81e0C22126e4ee0d32c14a75101f4620b4c55dA7
4385,0x8207252BEBe198049d13092aa748DdC0846B18c8
4386,0x820803ba68e40B3d770496fC9EF2F1d33C7d2EE3
4387,0x820A2943762236e27A3a2C6ea1024117518895a5
4388,0x820C7fB2F8011FB40AC6A4B09788EE22C262E60e
4389,0x82156c79A3C84c51F0f3eD0D269183543C35824C
4390,0x82209aAa7aF528ad53ccC5dd47271C7DEc9a1571
4391,0x82261f9C88c576FBbFE2A5708acF5fFFE3b4d46c
4392,0x82326871898a262450B637F278b62AD8F900FAf0
4393,0x823A33a1BA1576cCc4Ea18a7E2699Df7A7e90f49
4394,0x82446a6Ca6Ae4Cd6a1cC02BF7FE11C7e2dafB9b5
4395,0x824553E603fd6Bf8a4AF2a39516Bb5cb8F239Fce
4396,0x8249Aba5AB0B4090feb475d841d93d8a162c7429
4397,0x824f9a9455bd3567c76F3B8A93f36f4dCF2ac7AF
4398,0x82565FE670CB58b8AD98B884334445FcDBc1900F
4399,0x825Ae3e938aa66DE8c1435B5A2A76C4fB89c52A5
4400,0x8262eC80A33276F5482AC101BDD62f9550C32780
4401,0x826Be0f079a18c7f318efbead5F90Df70A7b2E29
4402,0x8270Ae5F4e61CA5DeE606CCc970aAde546719C70
4403,0x828370BeD1A9E70b6e87Cc13e375DF3ec06C7ec4
4404,0x82879c060F65fAb54935AE726C51D82Dc74b17Bd
4405,0x82Aa4D6C3c37D235FE1c83D93A40d10E1bCadd0F
4406,0x82D3AcDfc4Ba2c5Ef682B8825C9A98B97654715E
4407,0x82D9125d91b90a94B251A1eC9dd5Af43A9Bb6e4a
4408,0x82E8936b187d83FD6eb2B7Dab5B19556e9DEFF1C
4409,0x82F0372e536aFf1Ff425fe763534F52A1173ed18
4410,0x82F9eA8D814A6eb335cFe17500CdcbB69c7EBbFE
4411,0x82a73fC92e89fe6baBfDbe9E785749b9F263cc0f
4412,0x82aB3520bEA12749D33611Fe5CD4565c0B7016d1
4413,0x82c8f1A241cC12709098F1294073A6e88c678444
4414,0x82d1c0D70DB625d1A8E53bc885cC4eB47c941caA
4415,0x82d483A70061D3f39755f00D317a4EE7Fc5Da219
4416,0x82e6C877213A1D4Ce809De779e7387f3bfc034EA
4417,0x82eDC2467b3c02654945eb5F363a13679951A32d
4418,0x82eaB62c00161baCA05C6bd20c9292d7f1752cE2
4419,0x830F4c15480AA516a0Cc4826902443936f9596cF
4420,0x8318990Fba5Fd78d7c963924Fc4F4EAaDe5c3DF9
4421,0x8324FA247756a9D2Be9D16884f620e65a142E514
4422,0x832CcD3D6fd1c29bc2C0f05500BedDEf25c8938B
4423,0x8333331B3FE016653FF0ADB7b37E52f81A6E7382
4424,0x8334FF7DfEC28b805d963beEA0afD10E1Bc99242
4425,0x834bc57eE60AbD149473D455991013C83889B049
4426,0x834bfD5Ed688A1D26198bd231F1DFD74dCC21A7e
4427,0x834e3C330dbBe25614F1c915541be31495Aa4526
4428,0x8353B3C1609c8524E4b8FC74bAbd276959355911
4429,0x83580Ff7308486fAb4545633EeeE476dCC0F8A73
4430,0x835AD203958d01E5f2B0f3a6c3b0bd76ab14cA34
4431,0x8362f1771B178e5e62efaCf792084773520fDd0F
4432,0x8366782726afAC41B1B38761094F2d93CbB8E2d4
4433,0x8368FdBf80fDe3772790e57317AfAb59960060b3
4434,0x836B1393Ae429AEaDe1d1f99B69d2Fb8F3d3Cb77
4435,0x836c55E247eA77312a07798970Df714303F674f9
4436,0x83857601C1cFA057F2576b343c563BDB9A4C9975
4437,0x8386bCA442da377A629AD7D0a89B019bf783F499
4438,0x83889C4c382b4D2ACF88d23d770Ca24472B1F0f4
4439,0x83908123f971AdE12FF05261726097E485c1D2B8
4440,0x83A24B21931E92c8c75A1715A14c27439955b7e1
4441,0x83B2a0C36b56993Cac1fF164a47Ed0Ce40C37f42
4442,0x83C8DfaCeF598E20Fc14C902Aa8c0e6C90029AF1
4443,0x83C9440dc34DA00c47A0d4dC2b598d7BDB1b53F7
4444,0x83D2486b9646cF6F7A4EA8F0CfA8dfb961F9d6BB
4445,0x83D45bB0C4374DC60DEAfaf3f6ee69d730e4bf55
4446,0x83E0964763B838e0C977c3b0CC7A9B6fac821d8a
4447,0x83E66A81f3158535c46316794ab465892E506a0d
4448,0x83E7895Fad293cbEb56DC6a0C19A11Dcd3989fD4
4449,0x83Eeb766F8D5b914F1c9048C4116E4Bd3FBEd185
4450,0x83c9768461868d96379BB9a6E820bAeB04247De2
4451,0x83e2917a629C89DCEe5e14d227732Eb6B393d61A
4452,0x83eC4F273b4cF6BC24eac23CF2C16Aedb5acE939
4453,0x83fDC9259e6346bBF1acdc22c253178500951A63
4454,0x83fEcC1074aeD5443Fc3a9E084C78b95abf09D0a
4455,0x8403f6776660B98A37be311D08Da18513b2EA5F8
4456,0x8409DaF0D03Ea176823B3c7240Dc28Ce371B1F8D
4457,0x840c901031Ff38f76E0238b6AFC148F4251F1110
4458,0x8410C3A991f8034b68d9f4C405fb73bD80D01D0C
4459,0x841294da345cE764c4628FAca2009a96C373f9eE
4460,0x8423C254285201442d1B8168f2A57a84f7972882
4461,0x842655DeF30d10D1BC5Cf9a8c08cba133B9F14D0
4462,0x843a535d38FA0B65dDeC8471207f33E4125dC767
4463,0x843d81eAF23c0073426581dE5a3735B060888f1b
4464,0x843f2C19bc6df9E32B482E2F9ad6C078001088b1
4465,0x8441F889a817c739e07AB58d65094098C534ad57
4466,0x844765F7984395bAF443FE2299bA4D9784db847e
4467,0x84494a015cb211Eb940B2875f6869C9e020cEDDA
4468,0x844fBB7615DFF6389f6fa234817d0f438cd84066
4469,0x8453F4DB828cfF0f4c94a027108951016d385646
4470,0x845D13AeD19b8541d336d94a9ce2c499e55C6D1e
4471,0x845fD889A54EB3a8193155f2e31BceDd0F3833c3
4472,0x84600Fa42449B235b3aE14aE59Fd87Bd2DD5E8d5
4473,0x84646F736795a8bC22Ab34E05c8982CD058328C7
4474,0x8474c43970481015019819936793DDc210a0050e
4475,0x847Ee7d10758Ec47bFc4E321D326dba327ba4bA5
4476,0x84816f78b7d0b4C73166F9C148DE522aa026E71E
4477,0x8482a0F31050416AD4344C98bcdb938e9cD3DEa2
4478,0x84A4c55297f8C4d6a91cFf1147F9A13B44928a5b
4479,0x84AcEe946118AbacC23d7dcFA3B4dC5F6bd17a81
4480,0x84B08271809BD9A2b50650e9b040607587bb679E
4481,0x84B5B389326eb747Db709Ff5bdd3C8Ec8029D701
4482,0x84C697eAF77deB3b8ba24b8056a1bF27838C5CB5
4483,0x84CA82A3C672Ed0e1f532e3abCf7197a9Df3FAac
4484,0x84Dcb96590B0A90268ec72DC1F426CE70445476e
4485,0x84E6f42B435732a6f3dFbD0D518019f469a24dbE
4486,0x84F2a327d7A69Dd84b12B36DD9894B7C4Fc924b2
4487,0x84F38158cba7A42ddB447615f1542171Ae446388
4488,0x84FEf9aEb6eb357B30710d06ebae0c1cFaeeA60b
4489,0x84a0E3f4856738fE479aA4e44a81c1fb2367E2f2
4490,0x84a7ED045153FD2EA1d3A22d62F47b44F2d088B6
4491,0x84ad6319CE7cBB4D5520744e1bC56780023a5d45
4492,0x84dccD899Cac82bFa70999c1951952b1Ba6b689E
4493,0x84e5EAe168d7a40A87BDE22DF2C264B38Ca038A8
4494,0x84ea7e4f6a0f289afC604850b9E4a0317eaAB3c4
4495,0x8502BF9d386cDfCE50adf79690F801d27f03a553
4496,0x85162b355EEE83eD8d29c3caDA25B80cA86e80d1
4497,0x851Af2731E1Fb915E95f0b84d472FaF44BD3583b
4498,0x851b773b9a02bd874dBa7739a1A952DCf970B195
4499,0x85225ea8165627FE841C716c454D50390A1DfEf1
4500,0x8522885d735F75b3FAEEa5CD39ab3d1291dA2C77
4501,0x8532C9692653eE793E1485d77A84aBB88d7bb5c0
4502,0x8544d397652D1564a44CbF3D99aABF3Abc31bDD1
4503,0x85526a19bdB90142cd2B43BC820777678b2c76a6
4504,0x85538b8D5D17aeAAE9f22cfDE324362a2CEF06AF
4505,0x8556D75ed3a756A750537df93F463A30C7F9EF19
4506,0x855DbFD3Baf91CbC6256044BaE7a65bE34FA850B
4507,0x8562e4199743671322652dd7955920D7bB0FD372
4508,0x8575A352685c01faB8EDCb03e2e99DB1591cF5D5
4509,0x8576D3bE2F0Af2bB1fA4EE402Ff99AEaD03D1915
4510,0x857C6Fa3584d58E7Ab6d647E0B69d6c2b1267A13
4511,0x8580736243DaDC52878663DEfE15fd0ee1415a31
4512,0x858DBCDAdDAc24A3F6AebbFAC7df8B4f641CaF96
4513,0x858aFEE1b2ddD3BA622d74F3e97BDD86Fee1d34B
4514,0x859FEbd8E5f8CD8F64AB348271ad6a44D51813c3
4515,0x85BedCF17d042908078970a15420aAf07e3601b6
4516,0x85Bf176b902C50E0875dF3B6a26D6C0E85f0102A
4517,0x85Bff09A2E319D38a58127FcD2b51E54d830d99F
4518,0x85C10a8d6e154ed51Ab0a20f9aE02996C40A3266
4519,0x85D41d907468E638B1a5925A53fCD74b2880d268
4520,0x85D45C53177c97859AC7274d4C50e7E2bCFaD4EC
4521,0x85E26616d172Ac38b469b2Bc30d3ee1aFf1a93D5
4522,0x85E326054ee2569338016eB9dBf6F29979628112
4523,0x85E78B9C7128C95869d691E40Ac6106F3190d9fD
4524,0x85EcD18097BDe42CF4456d58F830ddA9480Aa762
4525,0x85a2851A92A269B2e28a015eA64A71b35578636B
4526,0x85a6440bcCD763f20C67B8f1b78706cDCAc62E86
4527,0x85d14B5B709573c275B1cA9C1686Cc120E9E715F
4528,0x860bd2dba9Cd475A61E6d1b45e16c365F6D78F66
4529,0x8610eD8F8E3bC8D3e6B548d73ABB6d922B6e22ec
4530,0x8613b7748af1126a07D522869Cb48A9d0485FE31
4531,0x86190db2769260A5A52Db25300f50B3b79Fa9503
4532,0x861c648568ba4C1183CF1Bf100148CEeDB42447c
4533,0x8626cB2422fFf2742B6ce74730E40c958f7cfcCC
4534,0x862eFBFF8E2a634Dbda85b461f4d1c41A557c46B
4535,0x862f088F9d0794EF021C03Fc5ebe198308da9b51
4536,0x8635AC6d6b964cCdc9E81417a2D44CBfbA28f47b
4537,0x86486EdcB3eBC8f79DB2D799B47Cb833662740e8
4538,0x865579b528C05F598D625E74D7FaC9dede47876c
4539,0x8656a6D1735CEeE95CE396be2Ac530B0C59e4859
4540,0x86575E8371BB8270173670D0e045e64f073936D8
4541,0x86596d52676172D64aCbDc5345E145eB6D2230cd
4542,0x866e92128a9f1f22CeBfb715836DDD9AbfEac5c9
4543,0x8684Cfec578ee0B4c95C2C34e5612f1Bbb8e5EC4
4544,0x868c6c28b166BCEe1379966d94217EAC5Afb04Cd
4545,0x8694106b1B932e5Ca2BE194979Fbcdf2648B6d26
4546,0x869b04bd784bbDfeb7B04CF6B4e693B02aa39aE1
4547,0x86A788Cd2F9048B4896c679d7d36b6d4277473D8
4548,0x86AdC7A944356512c62DfE17356bBf65c43922BB
4549,0x86B941182c390cf12daf1f4c3EBa25511eEA916F
4550,0x86C077092018077Df34FF44D5D7d3f9A2DF03bEf
4551,0x86C157a7F2C7538545828152248613d9922DeeB5
4552,0x86Ea21696E72028b08b202D610EBa9b90D64D75F
4553,0x86F032cD94D4A681bf4B8328b0D958Fd2EA77A4D
4554,0x86bd88451efE6d64B702eAf2597Ad2719b766A65
4555,0x86c4C4Df233fa4271AB3C135588153D78a602b88
4556,0x86d827d018185a56B7BfC2Dd3A5b624EA7525E10
4557,0x86e245c139b541c0076E3d179A6a225075873FdB
4558,0x86fdD791205EcAB74751075778A7fC67962e159a
4559,0x8700B87C2A053BDE8Cdc84d5078B4AE47c127FeB
4560,0x8703a1aC3a2474eE68A1154B7538172f9865192c
4561,0x8705CcFd8A6dF3785217C307cbEbf9b793310B94
4562,0x870727673AF0B5c68D1b940DEa139752d96bBC60
4563,0x8709E1547fcDdAb7030E64C0eA8Dd35b7F6E20F6
4564,0x8710dD213cDcbF92bF0EB3670Ac2f91D2f9c4610
4565,0x8715367529929E12674429F690F32F26881Efe46
4566,0x87197647557879EC8892A2f535a0f26C8f18c7E6
4567,0x8719D04AC64Fd6B792638b92254Ac4bc519657C2
4568,0x871A0990B67B2C470ee35B10Cda0c0B5B85e6548
4569,0x8729D3247c9cda8E8e521af840065dD9A9Df5A08
4570,0x872F6a5242A3e3aA2364C47455942D94f84832E5
4571,0x87354d6A16a824B8Bfe052Bce76e8C7210866dB1
4572,0x87375b2F7587314B56bDC93ABC7Ac6b264deB162
4573,0x8744fc1AfD162D5483cAb560AEF991536Fca8e82
4574,0x874753a791B969ECA00128eC231C1b7aBF17666b
4575,0x874a2F05916EA4Bbd0DebEB8b270c9d219D1a99D
4576,0x874b7cf014f325441C0B255eFFFC264fE0000054
4577,0x874dB1cF725cbaa462a81E768aae3eBC33E1463B
4578,0x8754827E7207f3b1bfC6909B28d83EAb9A128ccf
4579,0x875951A79dB6f6e536d38edcB30A9817A75831D4
4580,0x875A89c827b2c62688d6D4009c7C537799fd7Fa2
4581,0x876988439891c4e0FFE59Ff15E1AB90e3402686e
4582,0x877B37D3E5467B4aAE7687Dd3480A46C8D3e16Be
4583,0x878571298d28B5C8638b71D8346A2665376A7bEA
4584,0x87917fC838dB13F97A84184966B0E090f1B55AF1
4585,0x87950fc6642084A0EF079F62f9CB9A78CC496D5c
4586,0x87956D4Af6a2dD02B0789d3AfA10cE27E93872c1
4587,0x8797385d3b72c34d6d3C4CDdDd149FccD357A7DE
4588,0x87A3C0D9923d8c9dB4CBA7B128d012A65a144465
4589,0x87B6CF755f10c80130F410b31e9F24906411d6E3
4590,0x87C0c0A2d4B9e39A1b6b525A2832a3e080ed6640
4591,0x87C1eFE2714ea1B107b47B12A5CdA7EB9AC4516A
4592,0x87C6db57d7f93c381B4D41ff547b85eB83efcF2B
4593,0x87D966ec9Bf429D2Ed9dCBf4191F6EC720D7B8fA
4594,0x87Dd56068Af560B0D8472C4EF41CB902FCbF5ebE
4595,0x87a4316F929Da31c4a35e3eCF1a4AAf2DF99A715
4596,0x87a994B04d911eC9e8902eEDd3B22Cd10A001A4b
4597,0x87b61eB6a4b862702188eC1beA455860D8eB9653
4598,0x87c1dD79107f8f3Df27212115eF5cD55C6D29E6c
4599,0x87cA268a323003e53F8beC8bc9335A13591c5dC3
4600,0x87dEe90eb2FD3ACBD414B4169768B587B627d15f
4601,0x87ef413575870d4A93458c18c292334F8b6BbAEc
4602,0x880772af311d7F3Bb2cf10A789Fa1264815f14e8
4603,0x88090d877fBc5f668CdB060E3F0a269cbE2818d7
4604,0x880b4adC022F8bf625193B6e8A1808c2F94a92cC
4605,0x8816146D40893B9E404305f7De9121c09Cb32BdD
4606,0x882403eef96D8c20d8cBcF64FB159D008b897F42
4607,0x8827cc2F66B5C6f51e3dE3900B46795125D7BC8d
4608,0x882A84f953fA2574052C91b9A08da046775434E2
4609,0x882B68575EC9954B67e34CBE7d8e654047589Fd6
4610,0x883A40F5775aC2dC1f04db8409a7231eeBf48a92
4611,0x884807E374ee4544c5745412046a9053a109441b
4612,0x8860f2dD5CAB736a6Cc4D2612aa214548194D1Cd
4613,0x8865f918EAB6CBF138B706DE82f332b83bbcf65d
4614,0x8871d7A235B7eCe6570bc5D3F3577B6bb9aa5634
4615,0x88747e96c045E71B357cE0b75597492BEAA1fB8f
4616,0x8878d2A969CD617cEe9e0549D7EBaf5288464546
4617,0x8885Fa39782969C3EeE54c6cA189556C2f66E1FC
4618,0x8885e16aEfDBBD7b82D6C7e5B3233b8763579549
4619,0x888e22B40f66aCF70Ae338d549E513851a04CbDa
4620,0x88944C9862940f34E181b5F7f1253960C65f2d48
4621,0x889511b1F470d4d22881d95549142d4Ecbb2a0A6
4622,0x889acBD71680502eD7BAfBFd881DD525f7F48F93
4623,0x889b126f294110708b44dBfA41703D15C9690559
4624,0x88AF599690e3e914A215Bd70B26D35702552CFb5
4625,0x88B6CaCe7C485db4a33f4dA78d10abCe5820467F
4626,0x88BA6e6B86d1748B8b3CD05D8e96f67f6CB31Aa5
4627,0x88Efd347be1c37E67574A6F6464E54749A3D5Ea5
4628,0x88F91bDa415526c675E8f33B73469dccB3F782f0
4629,0x88a9950A7e2660913ecda175A7d5d7F5F8ec3392
4630,0x88aAF4a728e14748cea5e9A3cA1306Ac567ba472
4631,0x88ad09518695c6c3712AC10a214bE5109a655671
4632,0x88e0a61798A3cED52f7654a5D79A90737f346631
4633,0x89039E9fE8905Ff0A0E83cD36A21f49a6FEabfdd
4634,0x89040592e14c548a33ab0fC1Cd872C8742940b39
4635,0x890d6DfB224d08aCF89A741C4be75457c962a604
4636,0x89175d55048214b581Fb69c9637c2fc82d909ff6
4637,0x892c367CCa12dbEe2E635b0Eb676086161101560
4638,0x893D2b6394d5e710272D05A0E5CB12Bfcd406f1c
4639,0x893b80832F751999BF008E4Cd5976D918d2a92cd
4640,0x896196f02dA7c0a864860f63713CD59463FA93c3
4641,0x89621B037cdAF3629aB9aA6079Fc0Bd77DAB46fE
4642,0x89639dcc6Ed98B9f1545547D054E0e7Dd4a23Acf
4643,0x896cdaEAD55e4f596A607F3D0a8e84cF978a6ED1
4644,0x896e27aF0e16272cBa77B44dBa5d785e9B33dCaf
4645,0x897513A25035F0327B291a2c2FbD031da9243A36
4646,0x897e2cAB6cc7dc64d39379E0a3b8cC0bD3568875
4647,0x8987c96d5e9437C64C1b56D1C44A6085dFf995d3
4648,0x898A98D5939E2884AB1f11F05aF3CD5afbFB8e13
4649,0x898E7BA5997Edf98aC95E19a2D8dc417Fbe80621
4650,0x899293Bb3c021CC95D29AcD060DA74DBE54D14BB
4651,0x89931c69d7872EF828755494cD8c7362BbAfe69c
4652,0x899c0365Ee2E9B2F73E1f58C9510fC70e7bcE8f8
4653,0x89A359b8847852c2b6aCaD36d328a8E237daaCc4
4654,0x89BA27E73c929ebef87C9FF4B43052012EA838D9
4655,0x89a0Fd76A948B14F546BbF771a4fFcfa5FFfd533
4656,0x89ac1501D9A174Da8b5A993205cD62d48eaca6b7
4657,0x89b7F3c7B61Ca77CDf515095Ff194dF82636F2F5
4658,0x89dE9638e0149F64F6362634ACDdA6DA2f7Bc0Ba
4659,0x89df2dF851a8d97afEd88A492c1496cfC534A172
4660,0x89ec219f2cc1f93A610326883D94a968b4c6dB79
4661,0x89fd303afdb974e0a52c2A9a26d1C97dCa32CF47
4662,0x8A249d31750D727E6A3a7B534255BADd575Aa26f
4663,0x8A53492700BFdF3D84BD6af104244f25e5480283
4664,0x8A5B30A476c9B615d629676582012cdd0c4945a2
4665,0x8A6090a2e478d7A3230093A62D005282F3Cf65F6
4666,0x8A687e81fBB4123c2214750D736fEE30974F3f28
4667,0x8A69Eb175C9Fe820e83aCd4ADA98DA1d2228Ea38
4668,0x8A7841e717b351BF14905f0f9889Ebf9630572bF
4669,0x8A7d5a904caf2215Fab1eDEAc82eA50A46655fdE
4670,0x8A8C879D39A74fCE0593714956bB7Ed048A5c1BF
4671,0x8A9ed8ae92AeEc4b1291E6a270F8015a050b7131
4672,0x8ABB25eeFa45Ca6Ed7b9E5148Ce59169d4CACd22
4673,0x8AD07D727015Ef68e0bD90DcF2d9157031d8d6b5
4674,0x8AEe5E549AB9852Ab70ef4cfedE0857f5CC4cDe1
4675,0x8AF131762C9abBbAb5b55F9c564CaBD04A132Af3
4676,0x8Aa4e298AaeA6C8e5ccca0804E9cD517Aa7BA28a
4677,0x8Ad70e4031c4EA8058267923F4dB7BAf8fe34250
4678,0x8B030e85F86a7665A55922AC688AC112cD18f906
4679,0x8B1C8Fc76f6bD4f74204cBe6F0974303C8e3057B
4680,0x8B2856fBD13D98B30c7bd47114284Dffb7d223c9
4681,0x8B2f81b2004e37EFD13f3324623dDaDE49B71c82
4682,0x8B3c55B642199c86ade70F10F29585F878ACA30A
4683,0x8B524C82750998617F950c85f132f39ADd57aCfF
4684,0x8B65f0E9C922aC27FE07F2f874d1CD8C452136d0
4685,0x8B674cd3D60f2C225D8144373D0D8BE957d60C5f
4686,0x8B68314eaDA9D4ba43C6E585f52a39AdEfc57839
4687,0x8B782C481fA25590fB2e4eAE174933e5d4f2f429
4688,0x8BA4644045093DE17bF3AD90f9759bcDF1626760
4689,0x8BC110Db7029197C3621bEA8092aB1996D5DD7BE
4690,0x8BD26185dAEBAd0224cB32C60F17a66187E5404D
4691,0x8BE47929974DD39410c08eb04FA32acb2035dF92
4692,0x8C17D8cB570389dc03a58775084a148CE85F15C9
4693,0x8C1b8009827C65Cdbb6354a0c0643867E979EE55
4694,0x8C2ec87CFF0c087D8D80995eda437B0307E37688
4695,0x8C31FF1F7822838711DFeF8c4a88731072d6965A
4696,0x8C4D6b7754857868944e8F7f804106A19B845Db3
4697,0x8C57427497F1990FDCa807b4852d363378024D9C
4698,0x8C5AdAd301ECB97850A83f53a18D13A1Ed58bD44
4699,0x8C5fE5E94c146E30c06A5a913CB5DD40Feb14354
4700,0x8C612B03b3358C1E535706695c635C360034B968
4701,0x8C71991bC0451e28Cb6c3DF6F1d23d7B7b0D0914
4702,0x8C90ea7080fe0e3bFDf2f0faE7F675bd0fC4065C
4703,0x8C95638Ce53C630F600667B5c21FbA12885Ba042
4704,0x8C99623cee8fA0bF6e7632c8f170c6467aa54dAF
4705,0x8C9A1431DaC49a2C0A8778eDdC334eDDA44dC8De
4706,0x8CAB637d06a0c02E87Af5eb8901Bc1c140C1c668
4707,0x8CB5F3D031eaBc9cAd38B0B484ba1A278f80dD92
4708,0x8CBE7e9b2e4Db1299C7E789Ca84CF29Dd44e090e
4709,0x8CC8aa763123800B509115f7c1a927A3c5ce0915
4710,0x8CDA3eFDC4c0e6e7E3aE476728ce63b14B1ce013
4711,0x8CE3a846885B04e582Eb6Ad587874228bC54751F
4712,0x8CF60b496790ACb4583Cf9788356c518194B881c
4713,0x8CFcb9e17D5f38D8Bb2d022c59CFf6a87Be2007A
4714,0x8CFd183553dc0cAf91a68af0C14E19a9ed549961
4715,0x8Cb262E1caE0A1aAb3e0b7B7098CE2351171ffD9
4716,0x8CbF9234aC4cB50E2ed47E4b220b6aa7f26D2416
4717,0x8Cbbf49e13bbDcD75Dbccf86f26E6139d9a58c4c
4718,0x8Ccf108e208d9eeD8D349f24f06E7390E156398C
4719,0x8Cf5fF5C0Ea28e64157c3ba426FD1e011f14FB29
4720,0x8D00b28a05E8B83ed2E83dcf8C76377E738aDB64
4721,0x8D04f6CAb4b1bfA0D30d3B6Eea1c76a0b2dbAd91
4722,0x8D173678dd394aE471cC264675953D453E108C35
4723,0x8D23e949Af249e063D8fE31C867E5Ba0a50e183c
4724,0x8D2b7ce5A13F47E36B3802BE41b01CE4bdCb3f57
4725,0x8D5238eaCB01cEbCd06F4FCD7Bd321D00124ebf2
4726,0x8D53aE28bE399899D0A5A7617Cff1Dce5d656b06
4727,0x8D61aB7571b117644A52240456DF66EF846cd999
4728,0x8D67922e56FA24051AedB440F8c2fdD4C8e70c13
4729,0x8D70d2724E6Ed30f1EbA7892fCDb888AB3D0d831
4730,0x8D8e7c54C9e5fD7432369c5678D0b309e3d8342e
4731,0x8DB0c93B8508DEf6764B52AB7306C09e18c8d7b3
4732,0x8DB46fb92592782fb13E712696dA6e1362A9D107
4733,0x8DBFd6c2dc6dd59B22742d54E0fE9e633b67B621
4734,0x8DD86b8Ee505c8Adf192F3e8Ff53f8eB8A9932E7
4735,0x8DE43579d2775c061510e699BEC44f26147C7b7A
4736,0x8Dc5DD7af1DC1c7E9f3AB5db76A46141A54f1FA0
4737,0x8De967E097f6278E4095dbfe447B9d9eC4133587
4738,0x8E2F6e4f053fAEc1B373b4ceDb63079C20e35103
4739,0x8E32206E4804062815028D2CC4CffA60128B3711
4740,0x8E32736429d2F0a39179214C826DeeF5B8A37861
4741,0x8E5e7109123bffB990B9A8280B309Ca06b37A80f
4742,0x8E64688cCBd1480d670BfCAe7c93e0b09BCB82D5
4743,0x8E7b82b8aC675C9449655B6c3ECA91402AF6bed4
4744,0x8E976F8FDAC54648119110e54336B0abA61C8d40
4745,0x8E9A57Bbcbf2Df7D58130A55A697c4385AF1044a
4746,0x8EF1BE32F81F6b6E4cfbD1a44D570c8E26C9B40e
4747,0x8EeAA9069FdE5a7DAcf4154C4A00e046e05f36D6
4748,0x8F05b6b05e45Cfd13Da7f7f88B1F099feC2255cd
4749,0x8F1aa25822F4DE42089970c55E6Ab1111e134012
4750,0x8F1dae320c0548F0E651fC190bEe8Bd29441c487
4751,0x8F29937de3173F380a6eD255BeA8c678301715ef
4752,0x8F30f2438903c45e91bfa82c94277df58df8ce3A
4753,0x8F688a91695F7D2a1E93e57cedcbf5c5202f617b
4754,0x8F70F795CA5ca5cF8fFc2E9d1B8B621c2420DF8d
4755,0x8F8482a18E81DC0c20EE2C9E47D9be0Cc4683029
4756,0x8F901531C8876D46065A3a0bcf486F7d58Cfc449
4757,0x8F90A9699eeD371356f18eC81f171fc73b5669df
4758,0x8FA20fEbe1c5b272DFCFF29aF164C0f85ed9C526
4759,0x8FAa19302C4a9942BDb201a677C7E5753236fFFc
4760,0x8FE9aa966b726895A95353B56b4f3D2B34046b80
4761,0x8FF9a341f13a6F8480D442a21ccC9a3D93392d1c
4762,0x8FdD0CF22012a5FEcDbF77eF30d9e9834DC1bf0A
4763,0x8Ffd11026F8c74848b0C3c61c8bd3EFf4DF1fe5c
4764,0x8a0A3B6aCdB914e203529dff1eCE534fCCcb0E93
4765,0x8a2Ff4f48a2Aef354D96339946B03fD740293BcE
4766,0x8a2b4aeA6073E056d94949F0bAd36FbE15AED954
4767,0x8a333a18B924554D6e83EF9E9944DE6260f61D3B
4768,0x8a4716B2654970D691A22B56D9A7d302A2c02AF0
4769,0x8a48F546A376E51b98D378d366ca65868fD7d061
4770,0x8a4F0327984F556a00221E293F336B9F99281Be6
4771,0x8a4e7Cb2209F7E52C2CDfD34A5388BCeA242c4F4
4772,0x8a57fF8be393c3e7Fe3b5f021A7712AA64237a54
4773,0x8a72c47F190f2118227A83Da784A2Ce45C54f484
4774,0x8a83716acd66D9e1fb18c9b79540B72E04f80aC0
4775,0x8a8a1a4897024194C372e08B383157a9ea38ABF2
4776,0x8a9BcDc68D19e111663D6c986caf1dA1edA1c304
4777,0x8aCCd0b0CBBbfB6d5248CF50D7F47F6416DD2A13
4778,0x8aD2AFC820Cc2A98e12c22Ab728D85D117Cf0617
4779,0x8aD4243bDbDDe8F39FB5dEC33aB3f43151f46D1f
4780,0x8aE188E99A662511ddc8F3d76B4F5c316cA2C254
4781,0x8aF0afFFF3C4e4e52B2021cC9c4544229E0f323B
4782,0x8aa4c5D931cA5590FDb4d87489C53A13d00c646c
4783,0x8ab86546FD3a0143EeabF4320693006f354201c4
4784,0x8acAa526D7C56e768705dCB0f92787fa5f895488
4785,0x8af60671d09C5dA131C0Af2Ff55dccd3018A46B7
4786,0x8b01d375e274213c860eF6ac013DBDd5286CD816
4787,0x8b048DEaB7fc2897696cF38F213D0f92feF8d84c
4788,0x8b10175cA9Af1e2c1077C3b7B80861Fbc8D2e069
4789,0x8b1A37Ef54F130019B92B8428B115B0bA97F9d81
4790,0x8b2956248Bf68502b8a54DC01e573C16096b94d6
4791,0x8b5aFAA440Cce71971575c283df35f05F050d4d8
4792,0x8b83180d22E83873C22227fd9A19B6AE4567c040
4793,0x8b970D541C0c1AE35CFF4AabCD1e9FDF9F2e3DD1
4794,0x8b97bb1FbA5CE37090ce367B5188434A506C3f52
4795,0x8bcE1a12be3f615b1D4d07BCD990c71dab94f6eE
4796,0x8bce622B72547D3934D53b4182d87B0d77B950c7
4797,0x8bdf0Ce4097fB637Cab07d35d77D2CC297534D92
4798,0x8be89482CAc006DA8e742Ed2fd38a7A29AdF4254
4799,0x8c18F8F6337747C5dFfD3d76FfD48bABBa10680C
4800,0x8c2140fA1597Ba30548b7Aea7992730A30bC945C
4801,0x8c475A020d63DC382f285Ad1BCE24609b559C185
4802,0x8c4B59f6ec2c02E45C2a404448DEf3a7c0465Bd3
4803,0x8c4Eb6988A199DAbcae0Ce31052b3f3aC591787e
4804,0x8c57D1Fab10D4B78F49ef5C6ABaEB76a63710f61
4805,0x8c632d63DCCdf1319328c385861413B4ffF77fC1
4806,0x8c6c8C306fBCeA9330E9Dd6C18B8659bDF2445A4
4807,0x8c8573044f4CbE11F92f1b7FabcD28F2F4230a15
4808,0x8c9dF016F0CcCC6523bc8742F3896bF103143034
4809,0x8cB71ceC028CCb62A88A89364884D1df5C0C5273
4810,0x8cD3acc36053C602C5Ce16Dad8e6a02919aC8740
4811,0x8cc1547f2aeBBBAA9466310355110427449A937F
4812,0x8cc5709e6935b9e699b280b1d0CCf29705bc366e
4813,0x8cc877aC205286Bd2F84a1d22aaeE4f6921BF094
4814,0x8ce00fd5C5c7E15786515267dB14eec8440372Bf
4815,0x8d01bFc69E38b2F083e64428FEB9805b7310fc32
4816,0x8d02e580ed45631D5C8b53352add7A5154988b3e
4817,0x8d0476e36Dd61fb464dE68C2792772C040767DCd
4818,0x8d07D225a769b7Af3A923481E1FdF49180e6A265
4819,0x8d09B1b6ba95A122f56b9E9A903B0D1022157372
4820,0x8d1efD2815C9e4923607236f9b5285E7C1fbE273
4821,0x8d3501ba7e629c40dacACf60E394f3eED645e088
4822,0x8d40eBFcbAf424dFd879256B25f3C309222f4333
4823,0x8d48C6e75Fc183BadFf5EB64185F4a4083F1bEC9
4824,0x8d4E196ab24D40F3fe2211AA9b3E72853f6209C6
4825,0x8d5eCc685680f81BE2063D62AaCF7Ac9282a84c8
4826,0x8d7AAb581473fD0a7f838Fe62a32673598bFaCbb
4827,0x8d842BDb4fC47fbFd9FE342CBD8925B9B111A54D
4828,0x8d98516C6466154eC02712c6fa3212B3A69089aF
4829,0x8dFc298C549aC38F208508bB9fBC0373d45dE502
4830,0x8da02D597a2616e9eC0c82B2b8366B00d69da29A
4831,0x8da71408bDB0bB84D4834B78F27768Cd88c5B6f4
4832,0x8dcb5940236F10f88364e16E67F512275706e4a4
4833,0x8e04Af7F7c76daA9AB429b1340E0327B5B835748
4834,0x8e0aCc3ff785a279551E2107125D1290156bedec
4835,0x8e26afD3b020b7c2F17852CFc8662C98069D72F9
4836,0x8e2856BFeB45cD8B8a00F27DD59Bc4c440E76276
4837,0x8e2aC34C0c1685887EC7351aacF521d8971109cb
4838,0x8e3f5e7578B9e0f4B9Ab65C85568C8F80aEC95AE
4839,0x8e5474a56d486570caD01232910aBE6e2AE7ff68
4840,0x8e6C5BB502A92f0ED8D8CdFaF83f2841E68c1C7f
4841,0x8e70Ca936a2f2d81cBbF1Dc84Aabe4213C87b8E9
4842,0x8e817D4007bD09b27F02E167d26d8319CB380B22
4843,0x8e825b2C57c1c142a9E01171A78d9f85dd2B64E6
4844,0x8e8aA2Ae8DC2c135BD51Bcf959983dAC4Ac700D5
4845,0x8e9aD3a0233c6d050DC87F37c07E40125ECFb0bD
4846,0x8eBed0FF2B0232B0AedbFe6e9c0f72AC72577869
4847,0x8eD2B62f6bC83BfbC3380E5Fa1271E95F38837E3
4848,0x8eDE7E541b133F560F083AA1D11EFA222bCF6E7A
4849,0x8eF382a32e7a66692A08a345bb18473949C6A928
4850,0x8eF9Fa3EeF893ba157F9f15781372535277c4ef3
4851,0x8ea7Cb2E871CE5639AEF7Cf45324099D72281f32
4852,0x8eb8a10ce58aC05273ff045669D41F8EDaEA811e
4853,0x8ec47A72A8244714cf9A3c87821f7022609d374c
4854,0x8ec8608034D12342DB547C002dC6780700dF784e
4855,0x8edF7F9506b40A549E0a48832deE51725e07084d
4856,0x8ee38f5Aa177f3A7f7AAF3463020ABAa08CB1347
4857,0x8eff85A3B9eeC17beA8B3de21a1A28A2f70F3603
4858,0x8f22003F659e521E6DAAdB261D847F4ad3d463F3
4859,0x8f3449a73481D233491221c50c60Ca62f18DF27C
4860,0x8f3496BCEaBA7E935550C8BBB526fc433Faa68B0
4861,0x8f381d9b2C4E7F4273409114c54Cd740FdaEFefe
4862,0x8f537dD7Ff43A7468640ee8a246bC4F236033604
4863,0x8f54017d7b615DCA55B60501514F1C2f5bc8039D
4864,0x8f5849709a8D7F343A35FA5f0c30F8b7A68ca149
4865,0x8f619d631c90fd5f7e9E7ACcb2d539c85d6182F3
4866,0x8f742353B3dCE6FB86F504B95e9F6f9c5F4b01C6
4867,0x8f8BD7efdCAEa50771F171243889f73De4eE4059
4868,0x8f9bE4310f9AbB0E5843Cc6363908C9B01dfeB3F
4869,0x8fA54F2e82C2afA672B3c1C3931751af5a5AA2a1
4870,0x8fB51594A9Ad60D52c69ec3F01e6514714782E14
4871,0x8fBFD3faBD443334B6f413b5931477d4DeBEAFa9
4872,0x8fC548B6B071bf0f2Fe64aD1Aa6032A6d2037366
4873,0x8fF5A472fA9F04476eAE98cb58b8D004BfED6Eb0
4874,0x8fdA4666547ac30B96183734B7BfffF409E628B9
4875,0x8fe5C4f84dD24f70C59060C2ffa3cAb55c7fB584
4876,0x9001a5904a85cEab72645f3F2B2d66efdB4bb0f5
4877,0x90068010B8814D28BE9668b9412F264157A7FB7c
4878,0x9015FF456c7614eE36527238548eaF49E207B1E6
4879,0x901814DbD3f8c30A69CAEFF408c46cdbfe0950Ab
4880,0x901F1d19D012620e5eB9766c3aC87155B92Cc40a
4881,0x9023EfED128bd40917547722dB12c396Af044b50
4882,0x9027E1348ACb5D1967A272B09332d3f7321c78AE
4883,0x9028Ad950151626dB1C3B4E54A5fF8CFEEE58569
4884,0x9032acb24D1B88c1f568dd2a26e2738F1fbd40aF
4885,0x9046263d7fC4789c7704f4a3A5D9F76576594BB6
4886,0x90660fe232C2e195c0e1feb0F4070C4Bd971d350
4887,0x906d7f2fFcb855D96B35E04B364E8d9347E7a747
4888,0x907438a78302035E0fd11fB88204a9E1B57cCC68
4889,0x9080a359355E43062463c1CB235AeC6Ac20c940f
4890,0x908680892eC075d079b8719c1664bc82bC9b2e44
4891,0x9092A6C64c906C5a3eb26Ecc69649e76fB7F8b4a
4892,0x9093f0FC5F93FD7dFF3c25321990e67e63F0d534
4893,0x90ABf6E797403C538916dAae3575E0367580Fa9d
4894,0x90BF8aAdCFf22779E5cF208F84ef5B7536ae135D
4895,0x90Be78D603b616D52112d4bBb0f3B61Db4fB822C
4896,0x90E6eb4994199D7b8B16950Ca2EE919DB88CD98E
4897,0x90F5e74cbF274339a6A1bE06f1e0C0EE99331916
4898,0x90FE8c38eFb6B782E3a52025d94C3db3032F54FA
4899,0x90abD1672D0c8080E343dA814cB9D90E1eB854cE
4900,0x90b36B8f8E3451fC56B34dD7670c59a9771b1092
4901,0x90c4608801a93a9881050CDc08b8fcC602A4560e
4902,0x90d95788fB1342c73C28690BF3E790049d659DB1
4903,0x90e0AA42502148d5eFfd54108c3ca21D879fC778
4904,0x90eaaDA442b745CDC4365FD24e0dEEF5e23b9Dc6
4905,0x910e15457aB4b0d33dE55c94622FbCB562e1e326
4906,0x911Ff43B0f9D2e85dd8B1dd2452142e02638EA3C
4907,0x91219D5fC4540BCe994036217AdE77945da5d6F6
4908,0x913029e18B7170bdf8981FB5044cFe5c411d701D
4909,0x913A9d5320CA64D5f542C74bF181e98e471045Da
4910,0x913CF0e95a8cB13178017c10B42c50deA93Df0EC
4911,0x9140b06036f27636a3ecF99feD49D01490c12193
4912,0x91483E013bF24a3ED21bEDc52Ff8302AA91F2640
4913,0x9148cC7D2b40CE93e2De2955Fa739F36Ad4868eC
4914,0x914EE4930099B7cf5a83423eD99d12309cB0A0F9
4915,0x9158D82186B893581da3ec5a01E33b82DAE6287a
4916,0x915C4580dFFD112db25a6cf06c76cDd9009637b7
4917,0x915dC3a1AFb9570A5EAC2997197100A464a91B7C
4918,0x916c317e521F3a98a7b774F938fb2179dfB5a021
4919,0x917d84695fec047102a1997D46867be7fE4bBBc6
4920,0x91831e8027a685CDEdb0aF0169F1ddAA011C1c7b
4921,0x91836B1349B5451558a2e715019DFC6AB95260Da
4922,0x918b37f52D9606B90C78C716a31bFD02dfFcc5D1
4923,0x91963a58dAc80b0D4Bd0e2760E8f534172840033
4924,0x919CAE1cc047BC09B5c7D5289E11CD533e025A42
4925,0x919Efb95b30cb547CD4e1D52CADA349E69e072D2
4926,0x91D300c8977eA33D4D1C4178Cf8e339E8F2d0C3b
4927,0x91D3c368b5aae6453Bc85dC72934D7186A8d83cf
4928,0x91DC7eeA20d75575D1D64D224aB867BE80985903
4929,0x91bB4c90631e1aBe147B9c3f36853444d4fE9d1C
4930,0x91bE1F1aC4c3414eE1fDeC2f2c2Ddd8aaD82dC96
4931,0x91bd7429BFB4731d13E2A431DD729f49B5760B03
4932,0x91c0189C1a5eC2f50BC83eC933B8998BE0B656df
4933,0x91e87D3Ab0BF483387D54583C4e3d52F8D6902f5
4934,0x91f52E4237B80F9f32452CCf6F0D57eb2424E7B8
4935,0x920195F4c54959D72Cc1879Cfc3be97cFCaf1992
4936,0x920cB3C07B0421f7f577088872c8BdA1f3E172fb
4937,0x921ee27125081F0530AF284142F6BE06A19802b9
4938,0x92228FFb485Fe39E5479837E0697829504527Fdf
4939,0x9232A10aFbF1b31dAc6Bd2E7500D8C6137dD27Aa
4940,0x9235fD6839b0D8b2faE8C7008365382dA79314e6
4941,0x923C4A7580cFF7Ac6B983c2343d0416aCc9ACFB1
4942,0x924cC7B1B38255FB385DeE242723Cae9fC8b310E
4943,0x9250b9b5C67618b4753AbfA3ee52Bc7A13e2B814
4944,0x9257010255b86942ffee4118c1cED5276D1B47e9
4945,0x925f19a553d7f0672CBEe5BCa558499C84fCebDf
4946,0x926C8698c214B023AE1c49E647E6D6D4d0A6CFab
4947,0x9272125E21767f75e66579CC1Dd77a5B9fCD393C
4948,0x92766C1fD8aE3F98fB48E8060A7b8E560d46bD24
4949,0x9276BAe93ADf3E0b55228d20587E72f6f8014bb3
4950,0x928477dabc0eD2a6CE6c33966a52eA58CbDEA212
4951,0x9284D2e8e31F68Cc89859cFd14901A8d5074a500
4952,0x9288D36548b084d0ADCa9376E7E2C7263Ce5426A
4953,0x928Fc474b1b48DE9739edeb1A6fD764cFB99B3C9
4954,0x928efa31DB4D805DC355945A5AB3c8c7a8DB2FE2
4955,0x929648fA0dFC3637d55226CE5e3F75cae1566fCE
4956,0x929D27b73235165535a07242c52C12a3e30Febe5
4957,0x92B38f4D5b97b40dC77B9fcC8Ec95C15F241604e
4958,0x92D074826919316B0dA544336128f3683ACa57E1
4959,0x92E8FAa23A28Aae602d6e7CF5205CdD06edF7A48
4960,0x92b406851390541F445B7C697014133d4B5BfcE3
4961,0x92b9141f1c7D8BF78c35D7f185c27e2D0aDD5D9C
4962,0x92bc3c29C8FbB9eeBA47952770A298E50F29326e
4963,0x92c1f48aD7eF2aE00801620325aF996F843293a3
4964,0x92cdc01e5Ecb39b0F5f225a48E7d450C0F4B708F
4965,0x92ce89516cCf657DdCD992025eb963c453be87B4
4966,0x92cfdcEEb276a6Bc2f13B6907CD8E6aC245dD0FE
4967,0x92e469c09d2901F92Db8fdA1a80AEF4eC59B3145
4968,0x92e59880425e668b15A9Fb5A1f77022F9cC0BDbb
4969,0x92ef45CD7B12329C0fA6ba2a7751cfE38ecBe322
4970,0x92f092d7c8540F97b61c28Aa9B8c14C3e42922cE
4971,0x9301F14E3446F14f84D93AB61a799895c1EfD43C
4972,0x93052c4ED8e15f54BA71fc0009cDCA95070334EC
4973,0x930914b865db5FE9A15a42A99481f77F469C9F04
4974,0x930A7CD60A633128B7c5181307781e6d033BA51a
4975,0x9317Af3261174BbC8e8C0805C3C441d6626C1F65
4976,0x934C80e3a3e9136eE3558950385B66Ac5e7D9bf7
4977,0x9356bad36c91796B076a3d13794606D6f307308e
4978,0x9356cC6D2D2eC7CF4655feb013850b4d61911130
4979,0x93583c7a7a8Ae62c90E4FD1cCC37434ec1384527
4980,0x935b1a0d3202eecf74c3E2614743A08feD8c06a2
4981,0x9362B53a6a8b723C0635B0f56cA78e4A8596849A
4982,0x93653f81aE7F79950F5022519c5d6fdb47C4a16B
4983,0x93677d3d013F091f772E54E6E50F26204dE7Db79
4984,0x9369398d12bdb5C258E0f788604B341Dbd1F7258
4985,0x936d6aB4cd672FAAAbb0687221e6EbCe5591070e
4986,0x9371a03a0F8343C34218F4130640081Da75C4689
4987,0x9372A048F094062E60b20bC20bfCC4591E237019
4988,0x937545811348AC77b8fAc0465418dbDB684334D6
4989,0x9375F174Ae93fa03467DE9549E0E7C5c96525189
4990,0x9380033F869b2d296cB690F26480bEc74D572ee0
4991,0x9384712f49b45Bb582C78dE2845ea4adfe384B60
4992,0x93859CC88a09Be9C1bc033d435F87f305Bc28224
4993,0x938787C905Dca0D51AB419a8c13d685B1b8090eF
4994,0x9399979f3802cd1249C562B8b52e41A801228388
4995,0x939C2Df75fF152aFF4Cf12B93a90b54e9274B05B
4996,0x939f7ac50808c77855D4F4fef71930ae551eCACF
4997,0x93A62dA5a14C80f265DAbC077fCEE437B1a0Efde
4998,0x93D649b86e77093C38c9F4a44f9caeE51521eC11
4999,0x93DBA5a70636FAb2BfB9Dcf59fc6129509938678
5000,0x93E2450257Ba2fEf0676e3d65c6f6a1BE9DE7d3c
5001,0x93F3F612A525a59523e91CC5552F718DF9fc0746
5002,0x93FDc1B93ec6D1d99fDe1C1700f6C1aA37fc374A
5003,0x93aa8C9A50EFa30Bb28cE0AD12516686c963472a
5004,0x93bFFeF86D9b612E2A7cFd147B89Fbd3f802061a
5005,0x93be7761f4C7153BC462a50f9Eb5eB424c39c2CD
5006,0x93bfe847365eD8eABbC693b10d4D442dc3cA7b70
5007,0x93cc6bB1BDcc6F5aE5AcD5B45aC5114b9ecCA395
5008,0x93cf682156d4218b0E06d79FCFE43718cf3962E9
5009,0x93d4a4bE21EdE2b32E1009d757Fa31E7c5228432
5010,0x93e077520501C3433552efA935f427aD075b20ea
5011,0x93e321E49E095857Ed745f3cf78816437b140019
5012,0x93e58f2d9f0784E04fcC85Af385528418095BA55
5013,0x93f5af632Ce523286e033f0510E9b3C9710F4489
5014,0x93fD0AA565c5538CDd56C35C378B18569650eCe4
5015,0x94127c95a3F868cBa313e6779dC22a3cf4f09759
5016,0x94141Ffd2Af58dd11F5c390815bBC390E30282fB
5017,0x9419c2900d105e708d2F498516c87a728596565B
5018,0x941a033224676aa4Ea1d356b671E7DcC74D0F348
5019,0x942c7315868b77670dC94cbd78AE7332Da618e31
5020,0x942ff66BC66ED7B56D0bA79B7Fbe70De9F7Bd046
5021,0x943b60146d73c71397953973C6C35DcC96a06dA0
5022,0x943ea36B8027E6991bd7B9F93fB991f94244A273
5023,0x943fAa85E1e21926F7B4a5BC1f7A4241A22EcFC3
5024,0x9447587DF529a50539b79EF9Ab18A494BdC93fe0
5025,0x9449eD532bb13769C83A4f3F71c5dAb7C8eF875E
5026,0x9459f9807CA144F6B8a3D5B9ce1548a533757A6b
5027,0x9462A60E1608587c4ba9A81A3d58d25551773143
5028,0x9466140c8781e253FE426C87Ac17ccBA500140FF
5029,0x94696350Ab06bF04a52CEd2480aa65Ae5312e51D
5030,0x9469c98Be5AFD94cD601E094bc401dDD37F480a3
5031,0x946B88ff20ff6684D69c2dF50eb14927851d43bc
5032,0x946f685996fD979cb11611ADC0768517ddb06e38
5033,0x946f99A50FBDdE6e954eE76005C4CC67617f6a59
5034,0x94830bd0cb94d12C4fB603a9e70035579086E23f
5035,0x948D7495c7EB1C51eA95b9cbb2917082bF8cd0b4
5036,0x94914e41c76F2AB672cC9E913d6Dd38f4F3CBf44
5037,0x949b82Dfc04558bC4D3CA033A1B194915a3A3bEE
5038,0x94A468FCB53A043Bf5Cd95EF21892E02C71134Be
5039,0x94A7cd2E905eA9c2A296F2dC052785B8697503ed
5040,0x94A89265baC940934B82d48aFf92bDcCDd77Af42
5041,0x94B06E683ba5F1250d386f5C3138Dde19c202CD1
5042,0x94C5E3A0DeDE860954497E57263b833B2281321b
5043,0x94CD678CaEe9618919cB7806cE32Abdcc58249D3
5044,0x94D47C616f77c3ab03BcC74ba873b0cf3BdE07c3
5045,0x94E5644609E01c583086bd27854B16730Cd41E75
5046,0x94E76ffAb1c2f235FD2A9EfE0ad997A7261FFBf6
5047,0x94F52B6520804EcEd0acCAD7ccB93C73523aF089
5048,0x94FDFcbFCA82E84Ab48cec2Ed99630338Ab7b8bd
5049,0x94Ff6185039382C2829296261cA27993479b1Ea5
5050,0x94a0321182F95B4b54537a6Dd78dF5750dF3513c
5051,0x94a243B3675b91Bb58f120A965530b470ad303ef
5052,0x94b70401CEB63e807454aFdbA3a6bf878cA45953
5053,0x94b8DF5D8C39C671151e3c5650C5995a32Dad623
5054,0x94c9479405297714ec153F84A44b7E9749035Cc0
5055,0x94d033944B4526Ef8F865282efD0778224b57E6B
5056,0x94d73fEBD32354b512985A095f870F6224dd927B
5057,0x94dbB3DB4102181186fD127e6f81564d1d4A20A3
5058,0x94dcBd6B14e60AD3deb32022B47Da09eC5d32B52
5059,0x94e84a37b9a6cf38ea7BcA6124bedF757660f36C
5060,0x950DF9ebB6D2c534b51B3ecF23b42E15af5EA02B
5061,0x9519A90FcC17dfBc67E1F985d028079654bd00b3
5062,0x952924e66Af2Bf3985c4364a762dc39F083c984b
5063,0x9529DEa686419A6b1f07F3D4541c33a29B49CcDE
5064,0x95303f38F2a33d57F057242bE5114E42E5A62915
5065,0x9535D58f784ad9717A894C5C7CF171C9dC542020
5066,0x953cC221d2D43bA9b7EB9BDf17617aEa39CEa774
5067,0x954278Cf3541340b11DdFa92e99274E6c7070e3b
5068,0x9548Fc023f6000B4Bd1f8569aBc4222bDede65c7
5069,0x955Bb9b1D52E84f42fb712391c78270310751c19
5070,0x95642f0149E783f40A32404a5216B05Dc7E2D87B
5071,0x9567091cf0327c3a5a632D74e2Db29ABE64eB349
5072,0x956BE972E8D16709D321b8C57Bce7E5f021fBE9E
5073,0x956D079B656a3955AB4f2f596d1bbfd6F3Ae60dC
5074,0x956D10747c1D5E213cB40158185cdd0A99e1e51c
5075,0x95718bc72d39D136CF96fF74E832497200584801
5076,0x9572356fe4e4795D8879C52bC1d2385F99Ad14c9
5077,0x95801473b2429dd9548b3a9550b8bB9963a3A695
5078,0x9583648c314CDF666F4F555299dB3B36f5d5b2f9
5079,0x95859ed507ED13535de6Fe0551f7363D4CB878C3
5080,0x95863CDd9c70966bdAe83c3A9Ac949C304C1b8F9
5081,0x958B3A4AA80ff7210CA3f6fAc89Db7234Bd932e9
5082,0x9598Bcb28eE918dA9C30a50d01A151A27d523799
5083,0x95A7AF312366D2D316B15618DB4Ba9b18040337d
5084,0x95C4B6C7CfF608c0CA048df8b81a484aA377172B
5085,0x95CEf2e4109628120E2E75B09b460DD76d8aCdec
5086,0x95Cdc246Ae03Df326Ca0E0B60CA12C63eaf657a9
5087,0x95DC1b0F09B7EC58307Fa854E91B6F7797e665df
5088,0x95DDE76D660460Df9133DCe54bf8e9D1b109CbAC
5089,0x95Dd317732fbC595206928c4974B653dA65f59E3
5090,0x95a7a6E1D2227ECC11fc5611a65AFb76eB938F9e
5091,0x95c3cf3ea141c24faf408813e3f05C9Ec7a0b423
5092,0x95d19D1E3629a3640C12B84E9BC955167746a2d4
5093,0x95d8466a09a45DDbd778b61eEce02Fa6FDCec261
5094,0x95eFeFA0A4564BfABfBB1Ee08A359C062EB0A94b
5095,0x95ecEfd52AFCae704Dd750A2174a3b65866b5750
5096,0x95ef623fBaB2612719115CF66E98338AE7340cec
5097,0x960A04f4Edb850f0B2ba4970115112Aa75B3863e
5098,0x960F976DEB2f48c05Ec91850DB5Deb4f1deE8d28
5099,0x960d68C741ca49B7Ae0d1F5878bdd9F9Cee0c4d9
5100,0x961122A4a307D8831B2b5628229b8A73816d8EB0
5101,0x961EAEDc0b909f0354f1b56663acD66Ec0045515
5102,0x9623A7dfb605f693C9725278cF78bd2F53F0D407
5103,0x962c0be70d52f72a131Ed1E0727Ea1f4ef1613B8
5104,0x96314221D9f0c986C8976134484d48FD4d245700
5105,0x963aCc96e1c79b541F8cb08f351C964cebf8a2f1
5106,0x963b01a7953866CA6fD8029Ab98Ad68CA6Df4a35
5107,0x963cf43414e0212ACb8131f39b805BE5e7129489
5108,0x9649535EFA7bdc419B58FB874006c2e004DaB2a4
5109,0x9663A4cf47174C02adD34A60D9Bac5252F59Bf0c
5110,0x966D35960C00c20c1911Bf2692C278267aDd139d
5111,0x9679139108B491dC26fe90f4FaA2ca656e6f8b69
5112,0x96824347BAbed991bFd108d876fdf4cda7F578fe
5113,0x9685FDB4D8D0A0C6CeE728F5b93654ED4cA50B00
5114,0x969d6E2c983DD43aEbfc7D5B07Ce58CCe65f9CB4
5115,0x96C30804fd46160f944C8E1DD3b7CcAB3D5CF824
5116,0x96De52bCAD77dA6d76316FdC3eF8A8C8a10eBa02
5117,0x96E48f9CCD0b48B7F3FA9ADAf5f2f5EFEF19c065
5118,0x96Ee61a318de060BBaBeF5d26C837893Cd13D552
5119,0x96F8BC9bF37685fdC5eAe436211c44Aa558CBe1A
5120,0x96a1ceC82a19F7676bAB6fEd1AE2067079ea2E77
5121,0x96de89d208396526E32Efe1395091cFEa37eD529
5122,0x96e26eC2E9B51CA31Ab2Da077e8aFC86e6CfB0a1
5123,0x96eCce94dC032396656267Aa655F01195126f25E
5124,0x970807e49F9b3FF2B17E7e5533c0460b856b548B
5125,0x970c66e1fF86b22bC041116A5C83b179B2cd61c5
5126,0x970fD1778CC344dAEF390b8594ea60D411f211A7
5127,0x971602b4283390aad861985a8f5402d50327C640
5128,0x97385EB301De8A2eE4561bbaC5981e388Ef44A60
5129,0x9753Dc0C13b3685833756a3Cb0006D5ef3e78458
5130,0x9753d75923Be88aC857d5485F8db0fA5330067e8
5131,0x9764AcFaA869279A5564C07E6D6f25E5B07Cd342
5132,0x9772112DD3c2224549A7203d0306100eC99A81e1
5133,0x9787841875Ef79B1A467689e67A7037Ef72b85d6
5134,0x978A89fA3d71299FB4D09401925A78534cF86258
5135,0x9790B848f3366BB8e3EA8E59b9fF0446B79E1134
5136,0x9793fE3ce47d7f0939353E4e731d57b9C0BB623a
5137,0x97958B23C63E5654D854E80Bc4e9eFcEfE091093
5138,0x97D89390A4b486Da774953eA0799Bbd30eBA30AA
5139,0x97b0309BB71772De0789F44049afe87b4Fe41F1B
5140,0x97c8925ba3C1EE3c4378e04E900Abe1f6dFA9B66
5141,0x97e1C465D795E44ea475d46885714676E8Df4eCE
5142,0x98041aB523024dACaefA3Bb70dD982DBAC68E855
5143,0x9804a4391f3463b8916A0ae0aecc3c0bbDa2db1f
5144,0x98051472a261CDe7886cAd44E8B0b2aAE563e5F4
5145,0x98077a08bEc399f2aa82fE3b8e16817F8F9C6326
5146,0x980Db58B2568c37cEC0384e90029d113F6b18037
5147,0x98135888eebE35A9Ba0Bf2E0eD37c7783adc8E47
5148,0x981A9c429294711Dc3fB92A5de6A49912E133cee
5149,0x981a466E540363b8B76388270E09BF8de78507fD
5150,0x981e51a10881D30916eD3e40987238621aC6FD5e
5151,0x982d4892fC417234DD5b42C12Bd841aD07110BD2
5152,0x9848392D6406AB816687f68Eb83f05b1E9B97926
5153,0x984dE65b9F9499DFb166889f0E9E15f6d779a1A7
5154,0x98502c88DBd5eB1612F47E3ec36eF45023691483
5155,0x9850347954bB5528004963A7a196328e4596C6e7
5156,0x98615B321F2B7147E909f8CBf2BF9b502678e3E3
5157,0x98633f473D526f3b92034EDe0C51994565F14248
5158,0x98723710A60bf3d2E32c281d8209935e8925E0d7
5159,0x987d9B65Ad8e64cA63699cC2CcAd16b3d0Bd292b
5160,0x9883a8b0f58b662D60847Db992E66591E2EdE106
5161,0x988c88C707aF2cc5D05E024efA128d3F6c06bdd5
5162,0x989322909e0A159Fd0C35F8B988e740E1C5D0b52
5163,0x98AA398034992E01dAB8CA28B34dB526bE1be55C
5164,0x98DA49A8067d7566F4b1Adfb3e5c5201A1775BC2
5165,0x98Ddc4D1C926dA698f420E68420E5c82E10b7230
5166,0x98a5cdB4ee6314E2bfe9731F2Ea9550cFff8f98A
5167,0x98aCbb947ed855885D6e04082D01A5a73d976065
5168,0x98acFa2617C6183c170Ac2d3506ae65AF5e72240
5169,0x98b12723cBC1125c6e69F726d19B902a292d0433
5170,0x98bE45314D731272b80662bF1f35b39573AF69Ff
5171,0x98d63CDc99F5e9C31fedA3403f6B3e0cc6818d64
5172,0x98e5D5926207c5F3A93D3961C6Fd36886aE85bc8
5173,0x99020a4bDb6Bd0597e01e6846f819950320cE720
5174,0x9905c6B8333C0e2B63334dc2Ee4DF3Ef7efCF6C0
5175,0x990c1e7918FEb7d93533c90C8265dA703EabF83A
5176,0x991055d8E6145e12a1020CDfBa1dbA5d8F9011Ef
5177,0x9931502C2A1255d9b26944C870a78169464D77ac
5178,0x9939860A1F9935583a1b7280D4aD9D881d204674
5179,0x993Cce0Bf8D39305E1be05A0bE6B5a6A66821C5E
5180,0x99484628E6Ea78f563677d909f43fcF1f14b1649
5181,0x994d4F7Ee137078BbFF4704F90494a15F35a8692
5182,0x994fa224372c2E2A89bF46039e1294e0613356a7
5183,0x995418c89Ecc3865C9F3ee40C35DDd928532Cc33
5184,0x9960C607e01a64D4c965FfeeA8fdDE6a6E2AE0f6
5185,0x996500E28B16cB6Ac5e354CADc0fF0a6a0016D48
5186,0x9969B6445635589f894E5c1CEDC232d89E2746dB
5187,0x9972351C1b15cD6E46aC8c82529A7C3cfB34163A
5188,0x99741192F8121256f6D9B7ADc88e62ABDDaC3808
5189,0x997B9F57451bD6695B1370B1f911E25b58A6d116
5190,0x997C1B569fB69D887f5ed7AF667E261aC45FC6Ba
5191,0x998a30cc97703b862e32B16eC32Dba9712a8117A
5192,0x999DbB9A4F2F7f6663f453746a39880e40A45719
5193,0x999Ea0a502D215b3A952D48d4F0A843fc16C238F
5194,0x999ce03155eE3ea6360E0780a16A20174BE1AbC7
5195,0x99A3cEe993ca4F72c760927fC51E644279C7Ae4C
5196,0x99Ad066A1d7F94EE2d404c5B556e69A68A3B15D4
5197,0x99BC02c239025E431D5741cC1DbA8CE77fc51CE3
5198,0x99BF0cb7E587D41633A525cCD68630B5902c3a81
5199,0x99C2851f97B9F9d89a096A272bea806FA5a6062d
5200,0x99C3E004363E650718273dcf9D0cA74Bc4348932
5201,0x99CFC719019fB93F260ddc262AFcfa5fC6897ea0
5202,0x99D112cc5c9FCbbFcb8C29DdcfFf3be8fb0A6eF8
5203,0x99ED04C212dD3929E9063bd78B26Ef41858CB62C
5204,0x99F6d390c99b10e95822df1A82D882be1EeA218a
5205,0x99b476d2D2a1D13b81454a11c81AB8211B18902d
5206,0x99cd1b51E9dbFe0D5ADf80E5AE1c9035c9554992
5207,0x99e349f09E5CDa6693E12d81e324F2aCF473E7f5
5208,0x99fe5D6383289CDD56e54Fc0bAF7F67c957A8888
5209,0x9A14Ed98f7509D4DEaf99293f20a5c909F58fec1
5210,0x9A2CCb677DfC0dff665382D79199a6ECa3572085
5211,0x9A34Cc27E12D750780648cef174697A0bd2064A9
5212,0x9A414bB9F1fff713118418F0dca5B036c40362c2
5213,0x9A4a20fC422F849cAA37Fd32A873223e23077317
5214,0x9A5D8225Fb89D7be65e46602dCE776588c129b57
5215,0x9A5d182939c8A7D560e50165ec80E1b02936cB8b
5216,0x9A608d9F416518b5F11acf3dC5594C90D6998e2c
5217,0x9A7965A6E242aDe00bB57ecc208144e3f77C01AB
5218,0x9A86c66AD5BB8B6B27a94Fc87b15808479C9884f
5219,0x9A8A23d6Ab87066D0EaF152dcd822626F6009636
5220,0x9AA65464b4cFbe3Dc2BDB3dF412AeE2B3De86687
5221,0x9AAB7069ac7c9447cbca511f448B36c04bE5476E
5222,0x9AD6bB93353DbAB28F37e3d0B3C57Acd4b445961
5223,0x9AEF8532e54d654c488eD8f0A7D2c74Cf53B3796
5224,0x9AF855fD87b85866E70C3FbB27fccfa1B765DaDD
5225,0x9AF94f41B60EEFb54c92c3a12E3E0f583Ba0C67D
5226,0x9Ac11569dA732FB7df6255542aa05DcCCE072C2C
5227,0x9AcbB54d3D5ae1D8C9E490F94403eb8E9f3f0396
5228,0x9Ad3a5E6B77Aa5dc13E0BCCE358a8Fb7CBE73966
5229,0x9Af7717dB595bC4c513b19cF1c14af7e00345Fcd
5230,0x9B009856C68A7177F5aD098b62A02c613a58b948
5231,0x9B13a09F34795F0Ef8bf7E175a91370e9C355720
5232,0x9B33CfC253b124dA856786a2e233FaF5c4A074b4
5233,0x9B35E74d528Cb33d481b4Bd0Af68aa441d70cD9E
5234,0x9B3fBCC8890851540797F3838B6B4b990474eEf6
5235,0x9B64A44eF27b00653807E3A9C300408905862384
5236,0x9B7694F77181225EA652AE890cB062c755801aFf
5237,0x9B77173d2A00fA640a25D3A663031c9eE5cB82e2
5238,0x9B7c2c76628102A95933a645f2B18F4317DA6099
5239,0x9B9b12e8BCE494758E333DD050457679ba3e1A61
5240,0x9BB4E67b51363ed1aF415085f2575d97cc713b7f
5241,0x9BD525BE1E003F2D6cD3F9378042C8BfD0b7e62D
5242,0x9BE96A6e861D2e5aFF1Fe0738BeD664b6F0B543e
5243,0x9Be0E6F9F7130259AB22Fb9C41aafA7792d69489
5244,0x9Bfd8F766a0Eaa7c2AD86A96704453CB39e99485
5245,0x9C0cD92865430Bd8642F558682e0A7a2Af85E085
5246,0x9C10b230C6dB304Babd5527Fd569D533b0a0A273
5247,0x9C1C9A65B57a2C2c53518A5CaE3ad64B62fc9848
5248,0x9C2514B7A19524e24e48459980aAFF485b3b920d
5249,0x9C258268d067ed41C7E6e6042671CE416713FBDE
5250,0x9C3e7f66311826769109Ca1176dd6FcacbFC0438
5251,0x9C5797b2da80CA64D55883D83E3FC63C984B61D3
5252,0x9C78170a31e180870487c470C829Ca2a9f829994
5253,0x9C8d571798aC175bf8329d4822922D1AeA5ff70D
5254,0x9C909B3Ab444bEEcF783F572de345ba38FB72EFa
5255,0x9C9aC49c4ABa64046dBfC1F73B57A0fcf2c30EeD
5256,0x9CB7bB6D4795A281860b9Bfb7B1441361Cc9A794
5257,0x9CBC9496aF2606446a15f85535BCCD1F7d20EAd5
5258,0x9CE5b691cF73b84Aa337256D17bD0CE9271843ed
5259,0x9CF87d8c32650989b38D9A03AC314A73725aC62E
5260,0x9CaA41bBdd76D907305fC86f42fbECd61D7Ae1B0
5261,0x9Cc6Ca65625CBA327D9a910ec3E3Dd93BeCf7fa6
5262,0x9D101b121c74fd7fada6FeE121651Da2DE753309
5263,0x9D31e30003f253563Ff108BC60B16Fdf2c93abb5
5264,0x9D779e7daD10b1D9D4d65890F41cdD077DB10c79
5265,0x9D92dd014736E58364993BD2909B074119620679
5266,0x9D9Fa64Bd35F06c9F0e9598a7dF93c31d72D14Ce
5267,0x9DA9a5bd7B8f48f7Cc40a7f4Ec211A70E76E654C
5268,0x9DBb86a0af0b607a30beDA1BcCe6f625c10E65cc
5269,0x9DC57560Dc50cCFB7475B78B594B2444CFB7a1A5
5270,0x9DF896Ee883108bF82eD2bfaAc079974E6644728
5271,0x9DFBe3c2336A6E8d0fC6eAc699C0B3159963ff55
5272,0x9Df11Fd2971eBD0d342d5f3E250A18bb7E6CFA3d
5273,0x9Df655e7a8B5F6f4Dda3B3EC6cFc1C4E8aA3b624
5274,0x9E0f64F1ED1E092af58FC2b3044D3be4e73FF95e
5275,0x9E1bf11F6df1ACaa96cB3cC78D173d116A9B9C21
5276,0x9E2571A3Dbd5368705061519b3cAb4c8b8C57eCC
5277,0x9E25FEF7aB1c32cF7c7a03824f23705bcd6CEC69
5278,0x9E38d938E909E15C155E35fC2DBb9008a1d019AF
5279,0x9E4b7d1D296C2b7E71b0d6Dde3Ad45eFFF73286f
5280,0x9E4c625e60158EeFaAefAbbE43F160552ad9E270
5281,0x9E637ee6f703c8267eE2E81Cec28d8e800f35c3F
5282,0x9E63B020ae098E73cF201EE1357EDc72DFEaA518
5283,0x9E63C1462B211f5E7c67609320a37C58B7545065
5284,0x9E6483A0607E304B1d6590daC513f45dd8aEf3B7
5285,0x9E660A630d2677d5E86713696dE322eA13aF0247
5286,0x9E73B52Bf711A7D255863eC201C5E5bF76278D8A
5287,0x9E73f96527ea74ccD18745545441Aa0e167FEB37
5288,0x9E7Bcd96813445458f6B1Ca4C64A101e414f107c
5289,0x9E9938948f86Cb283B3B6bdc519746968500B0CA
5290,0x9E9AfD60041842D2653C110865c5C0f0a58536AE
5291,0x9EAaEdcFDAf6722817246441bc50f12f97bF186f
5292,0x9EB6D15EbE8eD637344E7586986122087504A017
5293,0x9EDA3fb4166f753809282C4810aD26F40E78FBd4
5294,0x9EF7b6Db1547ae9827a036838F633808FeB9e24D
5295,0x9EcFBeaCdf4DBBf05d786376d66112F2093ec471
5296,0x9EeB7906162Ae061B8eb141D4d520E71F787cc74
5297,0x9F07A0233Abc178428Aa9A18Baef3188F093A7d0
5298,0x9F0A484639f84AaDd78B4e869CDeE22e43Fc8Ed9
5299,0x9F12587b7114C57D9d6584853447B70ad0C4B6f1
5300,0x9F295d05bAeE0E95F52aC1db0C2bDc26A226e4BB
5301,0x9F2e38553830E50e3EEbbFCB709efC06E93aFDFA
5302,0x9F314CC63128FeEF5cEAAD601D130027a81E807a
5303,0x9F3340887902cF829b21B287404c515da94E638f
5304,0x9F4306D054e4f9541a5e07a1295D01749B4bE1B2
5305,0x9F6158F1b8b4dF29DF804A6f8780AE9B1A2b1341
5306,0x9F6d2f2a2CB66E33bd4B19657f3e2b5cd9a8eC3E
5307,0x9F90e1D41c405a4081c6366C34dC5DCf8d1A4272
5308,0x9F92493E499C2D42cf86370D3E5859D195F8E098
5309,0x9FEB51B9aC71fb67A8D4eE3c44D21Ec9Bcd85747
5310,0x9Ff2D0A5522EbA53C5703D6Cf0d2B1abE75857c7
5311,0x9Ff640f9Fc622FaE13d5226F51b33B5d711f7809
5312,0x9FfD0a5b5438B95861167422E745D34d151bcc3b
5313,0x9FfaE6ad669ED576F6bF6342C0ef24360e9b905d
5314,0x9a0519E68974E99f0AccbbA8d19E1ecA53e4d14a
5315,0x9a2C5Cd2Dc0c22D478a4F97851249B73480A972b
5316,0x9a59fcC0024BDAb1fC03B49B7C03Ccf77d9F38a6
5317,0x9a60f7f8295db33E61510a4029c3Ab8f2Db5F40E
5318,0x9a74ad409101fC904CF5508a38fBEc0c42eB76A5
5319,0x9a875f6cE282E8009AA9432784f8124067032C99
5320,0x9aCa21D4C170c80610593640cA3f1aFD23A19562
5321,0x9aE2FEd0225EC01B5DD15a448b7c33dB4b94869D
5322,0x9abA4b252cf1a4734419FFa529E3A75B024692Cc
5323,0x9acDBF2F2B3FE9858A7C96a7255C08098AD03DB5
5324,0x9acc5aB22464178e16A6Ad335c2eC60e61026977
5325,0x9ae090a04920986936F71048874900902477268B
5326,0x9ae8c2b234a54F0f2a82D01eF2Ee08158d6c750C
5327,0x9af999595a08210FcaA705f0491A800551f73388
5328,0x9b11FB2284f3Df0A3b124c2f0666D69e39246c47
5329,0x9b19b9bB87DBe0EC8f1b4c96CdB1326A630108Da
5330,0x9b4dA8243fCED2f6B0eA59c098Ccc6724f309EA0
5331,0x9b616Ac1D31F17Be9B23560d93699cA7732e2808
5332,0x9b62f67D0E2677d40D93e59EAA0eC828C915dCCf
5333,0x9b68DF827B723FA0d317A415c1Cefc5CE7Cf088f
5334,0x9b6b1067b68653D84dB087Fc210aEf1d175514Ac
5335,0x9bAe6069186fbC56E3bbA2F548573B612633d69E
5336,0x9bB77d01a9b12E04E9DB99eC2Dd5F564be0265a1
5337,0x9bE06a9F5299752c5c56E280B2C1985267FE098A
5338,0x9bfEe14b1fd14ab60e514B98b953c857f2263E63
5339,0x9c0900dF1ECd97D5Ca973eEa2377C05579e10130
5340,0x9c0F205Ff8C5e9A35699F5C82E2E98A577aA4BFb
5341,0x9c19503C62b533B690aA4928c0dD75D4C0B02590
5342,0x9c1dfd923111dc259EAe75A645a3DbF4B0481773
5343,0x9c22d83FB0315263566740d018f08e8c075FC927
5344,0x9c3AFc4292E28820133E9C2913A8fe365AA18c8c
5345,0x9c5083dd4838E120Dbeac44C052179692Aa5dAC5
5346,0x9c57027B1eca93093a6F446422C59C85A5A3Fa52
5347,0x9c59990ec0177d87ED7D60A56F584E6b06C639a2
5348,0x9c649cb19f8DD6f8C338a3e8253d64eFd04B5842
5349,0x9c6562FB25E1982CD2AFb4f78dCcc5c358E4B04A
5350,0x9c73AB276E6588764ff185c4B34287205b32Ae6d
5351,0x9c75336479F536569AE59122FB68a52354498728
5352,0x9c80810A659b82ffc4bEf410B688202A2938Db9C
5353,0x9c99Ab22aDDe138951719B41EdFe757B2B6875dB
5354,0x9c9EcCa37933adB89B38B9355A7c14494CC79cf5
5355,0x9cB91e110bD18ce1BccB0a7c61Ce2F83587288fc
5356,0x9cE03Db83729d684264278D3D0E4Bd0Bf7dFA355
5357,0x9cE7456Ec06b1457C91bD4619A08dbe8adc926Fd
5358,0x9cb2a6e40b317dCE4BB968448b22f4C6BAeA5A9e
5359,0x9cc75369033FCC80Be4ddA12a8FcED403dAe3560
5360,0x9ceAd55d1b4f331C9A651015F9a5Ef19879d93AC
5361,0x9d08b098F042bb4Bd9BAabf6A75B3B7CBD0FD965
5362,0x9d29EdfB9cAFBd4c823334B37c7f067bEc9AF22F
5363,0x9d2BeEa6625c1991C796c498B93842d9E09cb6d6
5364,0x9d2b94B091e5a080fcdd70be5FA17Df1b7e7130d
5365,0x9d393DADf3958BA14Ca15424B873f04618C604C4
5366,0x9d3F4EEB533B8e3C8f50dbbD2E351D1BF2987908
5367,0x9d4B49bc12512B5d9Ec0b7EAe3AA1cBDAb09f9d1
5368,0x9d7599142c5ee776066A70a70c2e729a3ad54644
5369,0x9d7a4D54a3C8B28e3d8e982C3e515e94f8e3C6ec
5370,0x9d7a61fF7ad4e2c83E69e4f798C43DceD9eDF71B
5371,0x9dD62eBBD53C3a75C36706105CA0b6BA3a033264
5372,0x9dDd773dF31757445F13FD3557590521cB84c7B2
5373,0x9dF494dcbcf8c92F65d78f9f36E0d16344324B91
5374,0x9da847cD29d0da97fBFAEe0692d336857CF00cd3
5375,0x9daC6bf37A1D86be079162E87F2ddb9a2467298E
5376,0x9dbD739a85a406EEcdA352690a290aA46FFE05c5
5377,0x9dbe2c64d92FCF6ba882aD4B10e46bF79e628F92
5378,0x9dd4Ca4700Cb3207FA822154545Eb7Fa1148F1C8
5379,0x9e009d6Acf4f91823460BcbEA55990D19A7b8A9a
5380,0x9e12E6c03e4d4596C10087e148d2a5e02be1515E
5381,0x9e1A723ad716EDC9c9938a793EC6C2EcE4e4afCC
5382,0x9e2941fB43faeC303687E89153069238C993E283
5383,0x9e3154Cb7aEE37A3aDD33790564F22D93537d756
5384,0x9e323EbB8Fb6CE4455312baB476EE9C7309e096E
5385,0x9e3AE71c8F98b13D83bE54a8E107fC82cc07Af01
5386,0x9e4f8A1003fE4A2BfeFf6BCC0FA18261639B0CBa
5387,0x9e5A57470A2a136a3d4De39e1996E05944C4b1fb
5388,0x9e64000b034057FFF386C2b1ac60043C5Bcd9a98
5389,0x9e70b7e88AFA56e1A5004e80Ac79D66673E981f5
5390,0x9e8Ad944fd92Ed26833bdCA5e1fE46222CA221e9
5391,0x9e8B79844a9a7793a53f451f268b692c28c55502
5392,0x9e8Db6c71b38950886a92D0b61ff31b28750B35B
5393,0x9e9C0431eAfE5addF548baCFEa974cCB550DAd45
5394,0x9e9F9E1D0208a39d99d9DC29aAD7e8fA9Ae4919F
5395,0x9e9ad816a2Eb29a9Df82D0d946998049a45C5b0E
5396,0x9eB291eAD8121a43dFE6fBbdfcde70E440b7988A
5397,0x9eD629Bc305c5731D43de27Cbbe8F77976893c2b
5398,0x9eF22BD2BEf69dEb272B3926fc27C034f8F6de02
5399,0x9ee1873ba8383B1D4ac459aBd3c9C006Eaa8800A
5400,0x9ee354718299915bC53B9326b9eD3E09D82B3c51
5401,0x9f00B6229b3dDE718a6aC12fF105e53dd3961366
5402,0x9f0cd1Fd427C82810F80E65483Ad265a1573ef88
5403,0x9f378BCf7746cEFeaf39B28554892e07e0531D68
5404,0x9f42CBB2a75F9b0E64E0e654E5f39E9f7Ba0236c
5405,0x9f4d78366F3D67AbC8A69B44823e4ecB8703ebD3
5406,0x9f4fB13F8A8F4D2398ab87555d4c81121fAD3767
5407,0x9f5810960af877e908637FCC4b3aD87f53469232
5408,0x9f6BEeF16E09C37E388a811344F486E964178B2c
5409,0x9f743120Fcf7c86D0f0dEd141A3D49FE2C13092a
5410,0x9f83883FD3cadB7d2A83a1De51F9Bf483438122e
5411,0x9f90CDCF2105a199D485caA398e9Fa956265d479
5412,0x9f97A39200d6CC1E51f12c17f860804d41B9828c
5413,0x9fA59c0E05Ab4C045Ba808bB0CaB65ac2A34445F
5414,0x9fAAf40bC9DBB6682536a24d7C6f1CDa95adCCb6
5415,0x9fB3847872B3694139d4C19ffffB914520E926Aa
5416,0x9fB753bE58cf3354Fc4684b0D59aba4edf1A90A9
5417,0x9fDaa53A140A781Dd0A6882794f0F3E980DEC538
5418,0x9fE9B07bF5058350cC57B928369f76822aa74b0E
5419,0x9fEb8eb956b9c26C1008155867a3b2693e968429
5420,0x9fFe98f3a8d9FaCed7d88ac966D7F828A68adCf0
5421,0x9fcF864a91Ec195B504Fe4a20dfd89404e9314f5
5422,0x9fdD0C914232A7433D69944853fdaa23C5ff9792
5423,0x9ff0337F54Faf4F5f0Beb266c79dA9d6Ef7FE1a0
5424,0xA00129c13848bcf80862b719e2e9303990eE8Fd6
5425,0xA0049264E0E58D8010fc9ac0CF65541fd05976D1
5426,0xA00511138D9E3270fF026A30127103708949575E
5427,0xA00627EF775A0e8432A5667B586932e42ddcCd4d
5428,0xA014f627b4aba740bF2126198AFA9238949512E4
5429,0xA01876DfA59EBC1442D146bA42c08BA92dc96436
5430,0xA02A7A705c8776C58fC8f3F8dF5189EAef8F26fD
5431,0xA039E75E6fe66Bd022A8c74f261338563a76FE27
5432,0xA049702BEA63B28Bea20e194964C60507d6b3DCC
5433,0xA049801Ae55847eEb67DB8E1D7F9b6747d307e4E
5434,0xA04A50730871C0B0FA72F79E7C136574e2Bb3CcF
5435,0xA0766fD5ecd0f472dE2A77f9048653724FE2780F
5436,0xA07Cd4c0DfC19501799cCaB3F8A6eD9828cb00d8
5437,0xA0818DE95f097421B221fA4d541483703747acfC
5438,0xA082471BB6cF5bEeaB8fd4007dC5792c0Ebf41C8
5439,0xA0A64006Dd23267fBb0af3cE3FF4232dD8831226
5440,0xA0Acc2aE14c814d97c766aE2582150c415cef1e6
5441,0xA0BB038A8981fC526FecF3fCEA8701312D932e86
5442,0xA0C365f20Eb8e0b73F27AD0C3FDB41E2f74D2422
5443,0xA0D71D516c6149c958c489aB24223C99f5Df906f
5444,0xA0F642c42eBf0c7a71e6C49A72688C089330c709
5445,0xA0F77c56B545818B64646E2dE834b044573ce078
5446,0xA0a6B1A7914079003258C6b627c215BeAb719E06
5447,0xA0f12822f4030039BE3e15A971BdC75fDE3774f4
5448,0xA0fB43f4560690831fCE54A37299452B9698Bf97
5449,0xA1002651f3E12e195DE31bFacE37eC59CDDa1eB8
5450,0xA115d6f77B5fe449A2c5876E0E2C0Fb6B4EE72B4
5451,0xA1165F895e35012E5b8Bc6BF8c8078DABc735064
5452,0xA1369a4Eab0350C3009306D72B1f3542BcF41F9B
5453,0xA13F7226795D300b75615b6928e422FFf46cAfFB
5454,0xA165dD9c8131964f5875B1f10c48Fb244A078c5B
5455,0xA16B4248B146A15d6389eBd08790233Ccb452fB5
5456,0xA1851e5fcC51C337213B086364762d5AaDEa2141
5457,0xA18B19f0234f1A7dE5cbe90E1C4074CbC8ADEB93
5458,0xA18F1A3eb4C548787405F09b89610DFFDd8E57b5
5459,0xA1A2B348DeA1f49bb9281a5C4debFe0d7Ce3b95b
5460,0xA1B3A27d7738dA60108bB1DC14099571A51BA0e2
5461,0xA1DD6e06c76816104e3804e7196E21A13FadF831
5462,0xA1E66973d0467C5D5cc225Fe01ec65C5B396Cf54
5463,0xA1Ebf92b55882C543b92620DCe2229B52Cfa5438
5464,0xA1ab6cBD94E8b5Ef6DFD9f4F3106e35eFB32DF0b
5465,0xA1b49Ae193baf9ad8dC290341bf0D5d44020B0fe
5466,0xA1cef7580f168BE1f0866d5fadB339E4dd1f71c1
5467,0xA1eF2460a163F4d4065B6Fd1cb71833DECEDe80E
5468,0xA1f0D97Ecf7b2D7cb1Af44b125D890cF61d04beb
5469,0xA20CA7c6705fB88847Cbf50549D7A38f4e99d32c
5470,0xA211773F341fe44b43531C9b4f646983F484a47a
5471,0xA211cD73B8519c7C6C6E799A03645dc25eaB3096
5472,0xA219Bc90D8a22c6ecB41A01AbD291A128e540f5C
5473,0xA219b1C753181Ec349F9Db4e60cf5cAEa7889e10
5474,0xA23cDdBe4Bc7ca5caA869bEc0bb57c6A00F5592C
5475,0xA246f0aeFd4adbb66D9848fB2D4f12f3f59ed12C
5476,0xA2490947b30258b522B7D6fD8Fabec2d21c42D57
5477,0xA2672bCFCEaAEFf8d3A56142A0728CaDE57f441E
5478,0xA284055B8a19F6eb9532d8C2b8eE7ddCdB4714a1
5479,0xA2871f3EA109bfbde2e639eb516f3763793833f2
5480,0xA29004A24B156B5DC8FE7d172c4DC7b77C185c3b
5481,0xA294cCa691e4C83B1fc0c8d63D9a3eeF0A196DE1
5482,0xA2A31bAdD47947c7DB968801D4ECd04f80B45647
5483,0xA2B21cB768b31B66EdBf9CbF940b5879E3959aB8
5484,0xA2B57BdEb2099122A1dD64B6CB0f262Eb14C71fE
5485,0xA2BB90753CF0Ffa4BA056096b0218A2B2d92B784
5486,0xA2BE5cf9fAcb2da92d6F4568352421372309335D
5487,0xA2aA376Ebb084Ccec56885547b5BF4f4eFFA243f
5488,0xA2d76c09b86Cf904f75672df51f859A876A88429
5489,0xA2dCB52F5cF34a84A2eBFb7D937f7051ae4C697B
5490,0xA317c2f83a4c4c82209e8879F26a933Aa62dDb4F
5491,0xA3283Feb23e1fc3912F5C65a1E9a5449bC2e1B94
5492,0xA32BF7266377a086CF9e0883C1408Cc2C0c309b5
5493,0xA33be425a086dB8899c33a357d5aD53Ca3a6046e
5494,0xA345aaFaA017916e42cC3a13332E8061582d5d06
5495,0xA35338638b6C53A80b7B282cA7E195a63B67E992
5496,0xA35AC0ca78722f8156c35436D03a038e22065932
5497,0xA367dDbDe337F0c78EF3Fc2F07268301ca268fAc
5498,0xA36DA2F6d0626839BdF7e2F9cFfB2D5691A29A81
5499,0xA3769333EcfB0C97704e05314FbC028Ca13B674e
5500,0xA37f860B4eCfC349360c6fD325612bd608cB509E
5501,0xA38D3EF13046C3c3124f1eB1b0b96F04F2d2f8f9
5502,0xA394212a2B708846CF392d81119bD0fD2cF7eC3c
5503,0xA3953352BeAb67861e5a7ffF47f36611A1fF5335
5504,0xA39de141cD0355ceF6bdEDDc162E70E532d78a59
5505,0xA3AF9aE0f09e7aa5d0468150ae6460763fd5FeCc
5506,0xA3Cbd473B7168C95C6806F871A2C9FDd5fA11CA3
5507,0xA3c1Bf729b07d3aA3EC1d6EE560E200d2e8c7B8F
5508,0xA3e7fcE29111b709f2fBDAB4ee25c3A7Bb2A1186
5509,0xA3f5b796Dac064D368E998F22746beBF4ae4a82c
5510,0xA4005f0C192EE6bd2F8CBeB905A8Cd416Fac81a6
5511,0xA402364b61D16e8C4b9D683604A9a21e8f0d2967
5512,0xA41635D3D48661f4164aC375a0a53f9F5CD815eA
5513,0xA418e7BbB0B79abc3bf42Cabc6975f3F933a321E
5514,0xA41BAb52b865CC1850ca85Ec80e818620eeA8B90
5515,0xA41fA91e82219bAF36E1b3434070488a040dCcC3
5516,0xA42D634ccF6825DA23a0D8831cE6b662C7168593
5517,0xA44102ff4049D66B6164A410DFa700c2c2A06Ce1
5518,0xA451FD5Fcc0D389e0C27FF22845c0e17153f7Dc8
5519,0xA4663e48a4E2565d4d7c0fF85321294e2A313CFb
5520,0xA467b35b756359F55BC26bA82BAfA83B9Fb720Ed
5521,0xA479FF23cbc4E9D1Fa2aE4fbb36645De2Ba36764
5522,0xA4854a30a62C0C5a62CCEE9582a2EFacBa5d41b1
5523,0xA4918A2D1c72b97387393c8808DbcF6A3477fa14
5524,0xA49eD0DBcD74f3F91E539fEE43EC8487ffcbC958
5525,0xA4CdFDD66c1B8d341dB43E6a711d5406fD3639c6
5526,0xA4F2cf25599Eff81aC9eAcB0ec23C764B6b2fdD1
5527,0xA4F8Db2a0ffE7528F3A0343A01E6822C3b819FF0
5528,0xA4e3beD8E25D0d494f7D117025433Aa9fb9a8bbc
5529,0xA4fF74f6c1B86f2487A8b089cC2f599Bc41f0aB4
5530,0xA513022e3963DaED3fB83561ecfCf3Dd591F83F8
5531,0xA516c0782505991f8cC0280a82808A425308C65e
5532,0xA525A3423925dc6f06AfC3384039B86D0e84F59D
5533,0xA53C59Ce779a1Db1150740cf1951108F97f144E7
5534,0xA53a00F4CFcfb4307C66aE1f2df44571dcD8E9C9
5535,0xA540AabECFeF9C19765a82e219505c750c69BbF2
5536,0xA5428612C6f19Db4098d470a9e449Ff4DAf206eF
5537,0xA54658E7E9cF32192EA076146ACB3B73640C1fbc
5538,0xA54B21B2894d70Ea131ad0AAA9cd7715CDbFCe37
5539,0xA54aB4cbd9e7c58407b18E07ebfDAE97C4A43B4a
5540,0xA54b641f3C7151aB2AC474bc683f49380761EB3D
5541,0xA569Df87958F1E9c0f12f9b49d42CDC2205E5829
5542,0xA59cD739487Ab7C767BDcC935c76b54dd028c365
5543,0xA5BD4Fa2Db60AfDf5cf57c6C2Ea40BEEF982CAae
5544,0xA5E6f3cF3A0d85902d2cFB0C631aD37Fc0E83079
5545,0xA5bc2774EF537e01AFECcfC45363750B833B1E15
5546,0xA5cd3bC3F3D34B3A716111643e19Db88BFA649c7
5547,0xA5d260AD2460dd97B82bBB8dB6Ece4d74A875c9C
5548,0xA6068BD679b6019Ed702d01eA48a1aED4BA485Ea
5549,0xA618da65BF623B34d12A42542426daCD007d03F1
5550,0xA61c774ec508bE450A1eFB2d3b0A116b8160156B
5551,0xA62A3497B84f8F451b6B7A0daE0845B9d2Fc70bb
5552,0xA6302Af8446e81f9a484b7fE5cA6852951B4a143
5553,0xA65E7063F9F527ce14CdE8836cF038067117D224
5554,0xA670F9022fD0ADaD7f2eD492A43ba579E07DbFc5
5555,0xA67e414A1a52F6ad540350243c3D6af997a02f86
5556,0xA68e8C09DddD6Ab170d5872422F38877622adADA
5557,0xA6918e4970ed8e33fBeDE5bd9bda8D70E967Eb6d
5558,0xA694068FDfd382FA60c249e9A2B92a5548aD50EF
5559,0xA6Af626c3961f7e58cC29005c14A63cB126A3D9e
5560,0xA6C21C886CBD30bab3C29E8452aaFd38C41cb912
5561,0xA6Cda10A5BcaE6C5d0cA2E611A41A4C073932745
5562,0xA6a0BEd0732c49Bd847b4B308DAAC15640f1eC6E
5563,0xA6cf05db9e019A33F81F4b359681cFdA468Ab31f
5564,0xA6dC166d59ac4818Ed9934Ccdaf18954d91362b4
5565,0xA70DD1C21eeFAaD525e7E9BA01f387e04E1669D5
5566,0xA718018359B4e584870E10D98AB03fe8BEE6d204
5567,0xA71d39d0567A9281a8426301330873159A62Fdb2
5568,0xA72932dC400EA74C08Da0FE86E69F18a5621De6d
5569,0xA746ef01426Ccd7A5a8D7Efe6E57Fd88e277f8Cf
5570,0xA75e9bFCE9c9dfC76085f7562d36d05C7F674C5f
5571,0xA77689dC57ECE166394E905C6863EEec89e7d69A
5572,0xA77717CfED6068ef641c5B0a2D2283E88ba4A957
5573,0xA7776c69D83C2fFdD9718516a19dE1A773B7AcDA
5574,0xA780527c077D490206857c3F517D081006B6B73B
5575,0xA782862589E5e353Bd450dF556354AdEe13B3388
5576,0xA786c7367A657Fd230D52D2a8e615ABA66a67f71
5577,0xA788C07630FAA1b7Fe6B9c149c170Befefa8801a
5578,0xA79541c86F596917d7C2c033Cd87d47e8f128a5e
5579,0xA7B492fcae5F6b2401f06A9ecD6BFAD8ca1c18Fa
5580,0xA7C955EEaC8b5B8c7Ab67Ac10B427b8293e10164
5581,0xA7D862394234C3480a1F3F278fa710e1A0d2D728
5582,0xA7EF56DD89d8BF46D5986606eDb745c4eEfA645B
5583,0xA7FD411E78fb300a758a4917BF224DA176bC1423
5584,0xA7c782056d016555c0Cf5d0c47c87484f1d0f3F0
5585,0xA8081Dd2FA7A29F26A31666Ab0b78A4077eF1bfB
5586,0xA8235B8D34997ae23DB6b2042285d29fcaEAee66
5587,0xA82dC20cb408802271f6758749f1AD66f5C18DfA
5588,0xA838aD540699C80694a969F8B20Cee446b0f982e
5589,0xA83A9c9e988d2Ca671ea5758077a798824f8C202
5590,0xA8544f15bf0d8AA7d9Cf26d625BC6901F9992570
5591,0xA8605061937650fa0fD018cda6de9342a28d646c
5592,0xA86CDcb2d7280Dbec06918B1a6354271c0AFd6C8
5593,0xA8708D5767011D964eDAc519ac145C54B86f5B66
5594,0xA875b5083CaB61496dEDaa162C37130310512325
5595,0xA88eb179cDD64f068f439b356B7c7bd5EfaCB00f
5596,0xA89f778740c6562dAaC0fa1e09F48e0283A39611
5597,0xA8Bbe52BAD535Ab17a005E9d92B28b6Ce0938617
5598,0xA8CD4B2f1D1cA8f8627409753fbc7577Cb47B6d9
5599,0xA8F429EaBB9Edbf78194e6FD9B7aE9b16FE562e7
5600,0xA8a9086699f0e6Ac5a4380E3EEd197E6F479A72B
5601,0xA8f4950617F1d74210319cE5A2649509527a9648
5602,0xA90A6ad25cCA4e258a4C8e879325f3073E156678
5603,0xA916eB08f88d9508646eA104Dde9093D3b00B8C8
5604,0xA949bc0cB3B6E13E47A0A88dE5FF5aBd1756895C
5605,0xA94b40c53432f0576E64873CE1CEAd1aae62Fc90
5606,0xA95836Edb2f3DA71D98b0e57b29b586118c2524b
5607,0xA95FFd90738F0659C7063CB2fF896E1338c781dE
5608,0xA9606817f7D804d8981A3Ad7aDd456101E67BB2c
5609,0xA972A8aD3196a4A2Ec6Db8164d2843612422B67b
5610,0xA9830a917f71925007B359d61c3DcB7d23b08750
5611,0xA98c907BC3464B6920f5490eBd8464edb4393b84
5612,0xA99C042be78a46c60aF2cC3F2df94C03a7798573
5613,0xA9BC1D6809f9cE9f2fe3bf147CF4d2F998A46a41
5614,0xA9DA2e4b36D75d3aEE8630C6Acd09FD567091F10
5615,0xA9a4FAbd51968d5e27e22fA61BC10F87d8B77CB2
5616,0xA9b815846D364cDf54e5cEad6B6E199d77aEEf13
5617,0xA9d77A79f0B34e97Ac8C9fe6Cf8bCe8987101bfC
5618,0xA9dFE042127b2C91118dae6240508790650ced2b
5619,0xAA312EB19552F924dfC47bFefE47F35A902fC595
5620,0xAA421C0ECE2ca7d7d834900BC898B872036FD792
5621,0xAA77632bdC78B22762F5599a5769b9B9e6cc732B
5622,0xAA883E5129940995d0c99bAeC6B41b0Ca4A7de45
5623,0xAA9Bb1438E95647EB7B4EA7e826E065C25b3efA0
5624,0xAAE7867fE3974be3f1e65601a7BE8C96d00fB17A
5625,0xAB32018e451B055FeB0389dF27790C61420e8C3e
5626,0xAB40153A8749B34b0Ca46A5cAc8490dBad53a61c
5627,0xAB731a8fC86d51D08D63Fc7458F06D90EDdA3962
5628,0xAB83D182f3485cf1D6ccdd34C7CFEf95b4C08da4
5629,0xAB8e2b05ec42cde3d4921E75aE2CF2363E43f8e7
5630,0xAB96B1105a62448FFCDB4CC5641bfEd88c722fA9
5631,0xABA35edF7Ba2756930cb8B03FDC7294933875922
5632,0xABB43De6aFb1F68EE1f1d4668dFcDcA5F4151E8b
5633,0xABC90336e5d84CF06b98de09f835Cf8896D53Cd5
5634,0xABCABC4fe6986a31758362a7Aa1Ab14c86981B18
5635,0xABb0CF73331C625A7e1702186b3Ba151756EB3F8
5636,0xABc02a995d1792abeE6C68E08A6fe11Ec273bEc0
5637,0xABceB0F84C830d6d7B94C6273F2ab27cA597Aa25
5638,0xABf3E01afd4c69b7C71a0fd354F0E2262026d355
5639,0xAC03363F1dFD8087F8EE7775a703Ace890A06D7F
5640,0xAC2fC4634cF24EfF4f2b5b1B1a538146A8D050C3
5641,0xAC4313eD2b5057D0A195FFaAe3d03657B01A786b
5642,0xAC60913f8E9821E9006507b05E1956f5A82749c1
5643,0xAC617c84e95bDBCE232587794EDcB52bdefD9c25
5644,0xAC91c1A921F352D9fDee51320D7B91001c2b21c7
5645,0xAC9aA2266f5aa9454eEF9c1587a80cF1C0E3C2b1
5646,0xACb4815059F9D06Cee7d33194c456643A1fb7D45
5647,0xACcEaB415ACC4970748A9D79d7D71Cc6A4243401
5648,0xACe67e9bD966a36EE87e545C9A465203E0dF4449
5649,0xAD2BdE25D7EBBDe7244E8E97E99adAA9CBC90D7f
5650,0xAD48DF4bA905ecEAb214cbaeAa8455Dee33BF876
5651,0xAD70F3cfdd7D2884B16E92FE41035E0Ce1456F71
5652,0xAD7b4daEb96392FFc02AB7b329BD4EC972F6BAdF
5653,0xAD873564B931EAd69FC1168DF4dcf130F1Ba63F4
5654,0xAD97f450ff1586412302e51f3e4802c489e2560E
5655,0xADAB128bc64b2f0BcfdF1E159bae3F31E3FA51f3
5656,0xADFbE7EBcA364A3A1616136CFd7e0EA3a34cd18b
5657,0xAE0F01925C62A5d3F807ec6ad92e1dAd4F238Beb
5658,0xAE2adF9A0727E69b6F5105d183E684894a75d39a
5659,0xAE97eF5eB1696fBEA2D6706473B2b8884f688324
5660,0xAEAf973270D08ed3c105EDC33bd517A1aFCf8E15
5661,0xAEE214AE29275DC6BCD51672791Ce29854057505
5662,0xAEF12f22A9AEa8E101BB07959Bd94ced3a55d70F
5663,0xAF037b98e720B543F08A7213DF6a0fb4d658e47F
5664,0xAF1233c95834EFBDf495fCA7D6e892cd16809816
5665,0xAFa454AD02AE3ad5caC4d04342756fb90e51462c
5666,0xAFf0aEa1A8d77dd6Bd0f5A62B13d8E9Ecc49B33F
5667,0xAFfafF8ba9310daf512b18Cf01035F3992248B03
5668,0xAa60725A9b3818b6E5dF26b0Bc2f0996cD0e90d6
5669,0xAa8666Bdb2BaAF5c01FA7aAD03DaA9476C019989
5670,0xAa869adcf9353759a62C1134Be1DA4b88a9ED31f
5671,0xAaC7D7Ae0ec5db4572836956198436936A4f0AD7
5672,0xAb02469559A8A4ac1131C99B018f4A9314f12C06
5673,0xAb2E61B7933aCbb0BE791550ea64d262a1C2e562
5674,0xAb2e11C99D8830D5d9B2494A565c974595e39eef
5675,0xAb42B99819a58016EaA87b6f0e1007e1FB11A522
5676,0xAb86C296e6605cCB50784e98Ae3650D119B5F76c
5677,0xAbAC2b5E858BB2fa694e763fb7bc61938C21cbb9
5678,0xAbE23dD977aCC85Fa80331a73259FaD5066e97e6
5679,0xAbE92A36Fcac886782503E0007C2192C70D48D49
5680,0xAbEaA41fd6a7464b1203b24486526b0461a5ceA4
5681,0xAc133bcD9c5A59c9b8F5A9F577bbf0DD477cf6b0
5682,0xAc39d821bFdc12d2AaCeA2A940738B96b38D1a75
5683,0xAc3E2B760232A413171D539C78008Cdb7C18ab52
5684,0xAc8CD70D16CECBaDF52FB0FC0B4fa4b9232731e7
5685,0xAc8fb88DA61813A9247fFA2060082F352C39b6c6
5686,0xAc946b1649a7e8DD94b045D0958c15Bec8E98361
5687,0xAc98731a0a7AA6a8d659C44d0DE42Af24f2eA7A7
5688,0xAc9D77D110e2F9aAf1A4c10e5239aa2454Dba5C2
5689,0xAcD2556F64D4BE9Aaa205278895653D3e6d639aE
5690,0xAcFF0BdB82E1A5B77fa10d024bae19A761fCa8a1
5691,0xAcf9BdE0A2853bB2C6Ca931750E7Cb6Ab871a951
5692,0xAd539b34C4a2Db0a0F71f0B2151EF9092D8821eE
5693,0xAd55c793ED21065Fe71613cB7cDc8b7281f2316d
5694,0xAd78F047e002Ddd32b2d9C0e8222EE082c866943
5695,0xAe2f423120A326E12d88e895A61b4a1B9a53DA4F
5696,0xAe354A3233e36Bc91149419e068658c01bAcb9A8
5697,0xAe4f9342Df98e5C74E40c79Ba6718B3d4f5F3b37
5698,0xAe6D7f3318990DaD0e57a6d29FCd5948bD7aE3cd
5699,0xAe787cB48ade37f6d500eC56A7Cb805198aaaba7
5700,0xAe9DB1fF69cfCa2720fF2e5d81807d7383138A39
5701,0xAe9fA7352D9CA0F39541e75567e5253846d555ed
5702,0xAeAeAa7C966aFA277AF83C38c48134F30450a8B6
5703,0xAeFCBCAd09D299e7292f810a38CcB067b46e32ED
5704,0xAf12aD522885b07e2088ca660bebBD154c899653
5705,0xAf4B8bA41778bD3cf4494A4f9F552b30D0BF30f5
5706,0xAf79312EB821871208ac76A80c8E282f8796964e
5707,0xAf8781d749Ec703eeea2E33Ea31e27bE8F1A0bFC
5708,0xAfA984b065B6fd36f14842e6B1BE797A99365466
5709,0xAfB8426D445c605F2A05Aee1BEeE22d10B146E9F
5710,0xAfD5f60aA8eb4F488eAA0eF98c1C5B0645D9A0A0
5711,0xAfadc4302f07e9460Eb4c31ec741C0f3e308fF3a
5712,0xB01E1183563acc3d71d67376B154Ba5BB7d8Ec39
5713,0xB01dD3D8D061D1cd91B2182C64fedD8288778f47
5714,0xB020eE8dC16d3bA8fF05F8E453FA84dec3659763
5715,0xB03381296EE927aAc68fa8A6f9619F73566b748A
5716,0xB04a6DB13942b6d4416AbeC5A8327866375c17a4
5717,0xB0569841c8357D794A7FF20c6385fE581DD80701
5718,0xB06B24e1def3dA3D0F8082C28b602D7b8b39315a
5719,0xB06a5fAED6F7552Fd962D735057BFD5125Ff3801
5720,0xB081Cf2C0eAf9620876a2af970b68e55CE9EF1ca
5721,0xB0AE4996455D78e340e60c0EC40148a399F4Bea9
5722,0xB0E1088863f02b7eDF67324d02D5093De9B19e0C
5723,0xB10574e2320cCeE5ADcdb6E114c635941f1bD358
5724,0xB1058e12b64A8Bf1A3eFC6200c9682B2e13A8DF9
5725,0xB107B9F780889A0B707161D7771d42Edf3B1f163
5726,0xB11B38a7c3FDb1a151050dD13e62eC63C611aB47
5727,0xB11fB850b7404Fe49cA768015feFbC1614B8e3ba
5728,0xB1501c78f1B3d40236D976f0c0c2f661B4cC128b
5729,0xB152d446b4F66367DCC5976FBE765A993730Fb6C
5730,0xB153dD9469925Efb8b756480B4B215c4D9E42164
5731,0xB16359C04a1EADeeEd15B3f740727929922B95B6
5732,0xB16E1101CbB48F631AB4dBd54c801Ecef9B47D2b
5733,0xB1734fa31d26D0D7881CbDc0118B1535F5454a33
5734,0xB17735322FEDb4a628cb424D89cC97ee5c444520
5735,0xB188dADDde4df91fD4CC4AADC5334873099D4B94
5736,0xB18fbFe3d34FdC227eB4508cdE437412B6233121
5737,0xB193Da6F9F2252BE679fd5b020C22DEd01f4eC8D
5738,0xB19f6698d63D51Cfa0D6eb4490ca83Fcd640F462
5739,0xB1A5900c795f84b67b930EBCF990005f3D4BfDDB
5740,0xB1F1390Edf27dbAaDf212D06a9C625E73eB8C031
5741,0xB1F53a6Ae38c306eb9365045d74C9435985e8d1b
5742,0xB1aF13b2E4Be55cA69829A23C09a1f5663Adf8D0
5743,0xB2043c543bb60Fb7AA7265CdcA359A35C4Bc09fa
5744,0xB22f96F4c62622B5E0af28830a069D01e5F4393A
5745,0xB2486435ab56C626cD7aA25631C5E8995Abb990E
5746,0xB24D396870aaD72cc5C1a05F8670493403Ea929b
5747,0xB25769a98bA57b8e2eC7348E70Aba6b93fA913F0
5748,0xB265de4cC2EEF258c9CbE23e15b722ed9aDA6E9f
5749,0xB26ac8A3dA6858AfE4aA01329Bd9f3d0615B08C9
5750,0xB27Af2447642981DFeE8274eD02bF24Ef4213F2E
5751,0xB28c7E954DB2f829Dbf200fF2e22DD4D67B4ee3F
5752,0xB29578CD199C5777DE6307dd220e19Ad9976181a
5753,0xB2B62E67a47a8c18e12613a447032c669B65260E
5754,0xB2D5E9740211786Ed7553189c27f7386BD5f6aF4
5755,0xB2d33795fB3917450e95c801FF1A4855e2C51ADC
5756,0xB2dd7f7a0c94364067aDE38aB28Ad18d124bB329
5757,0xB3130374575Ea9e2C6f2C67e0e77c2e08Dc12E79
5758,0xB31BbBA9A20538CbF694A102638076182304F0f1
5759,0xB321a0861084aD9b6a1F1fb85D5212bcdE2481c2
5760,0xB32D21BC2aB3258CB39A18F9363D82018FC16827
5761,0xB331066290c2540b3057AF8d4468a858aEb5E091
5762,0xB33b983c2A7F4F3A6EEC4053daae2552e5E56B5a
5763,0xB3421DAC092e08dB9C79128da7835974cB130175
5764,0xB3428b2262Dde1A183de5810dC5A4faA145B0c5E
5765,0xB35663Ad1e88f1e21E6DbbE3F50a4974385b2f88
5766,0xB364B4db2e46474B86F411E272e64B59c488e1Cc
5767,0xB3FB70740c5071f89f4C615E909774C0279AE6D1
5768,0xB3aA9923489Bc2BFEc323Bf05346AcD4afbc92A0
5769,0xB3d6EBb8CA4e7Ff26ddCF322b4126138123B4Fa9
5770,0xB3e1b74963301D2ebd72ECeae539007c3Aff3424
5771,0xB421b9f56c1DB990700c6180060A455BC6C4df07
5772,0xB42Df7393c7fE9Cd74aa9F821847c298A22710ee
5773,0xB42FeCeef35010588d98E89Bd2828B9cbC0Bc698
5774,0xB435871B0959561226b4d903b1abf79528177E81
5775,0xB4426CCB57E9faDa3463e244eda4f8Dae3A66802
5776,0xB44DF79D3a2621C627dA231DC644f761571351fF
5777,0xB45941EE13eDCdAf0dd5c0F8F09d19332e325A6A
5778,0xB45d21dB5d58c7C22D7Bf72465e90C641eFc9872
5779,0xB47494B3d487b82b78af230c8460a12272389755
5780,0xB476A5aC5fc596Ed41Ea69949385D3A912AE2022
5781,0xB49Ac553Aeff303B1c73af00A8511Cb1585c1204
5782,0xB4A15517876a74f35438350227daafCa683E0daf
5783,0xB4A6E1029b545971e241C93C0Ad31a1c5c934d1e
5784,0xB4C620E6BBD9d2073fae645557b2e621cb6c6111
5785,0xB4Fe92FB47ff28F84956907da9a9F7241A53eda1
5786,0xB4bbF67F00636D077F2DFd679DDfa324E27A3F78
5787,0xB4dE6Fc8c6aaFf4c721A080A09a210880Df70B18
5788,0xB4fb31E7B1471A8e52dD1e962A281a732EaD59c1
5789,0xB50754A778CC16C8A03090549Cd6d092131ceCD1
5790,0xB512559D3E46963803b170D271455641675f0245
5791,0xB529409bE46dC91c6F1fB183db42C5FeF5150C1d
5792,0xB52B0952241ae78016A97d434b0aAd8f217D3D33
5793,0xB52F13d7AA7b6523683ffDaA37942294B0B71B06
5794,0xB555B167bc3039F57d0ff915C6fC9062c878609c
5795,0xB55E1c5c6EDCa09d4727A455cd137C04b992931d
5796,0xB55c66266e04f1AfD36602c48A8cEd3e5e8fFa68
5797,0xB5803B1e18144c776d3F9cdbA8D9DDAFbd8Eb1C2
5798,0xB5863B52B6f78626Bb4D45Ec4396BA1b747d7299
5799,0xB5889b4F847fd3b9E311C05e2bA532aeF461350f
5800,0xB59Ba57d302ED409F0813F4C73fC62C0F4516021
5801,0xB59F5bFd4d1F3805cb46f843cc566dcD39dBCD0D
5802,0xB5B3b69b0a5699a38544907258EF6045F2Dc902C
5803,0xB5B571E6924D5167DF0f7542A491cD09d90008A6
5804,0xB5Fe878a7554e063ad17A9a326459bccAcdE081D
5805,0xB5b1c181589Ef1BcA002ac081dcDE3B7195D2a84
5806,0xB5cC3308C8E0F12fCCCa72e0fA3C8C20518c11e7
5807,0xB5fC9EEf8f391051ECfC1c7d71D617181A56539B
5808,0xB616d185F00592ddc07AAf4a02Ac724B9bcE151f
5809,0xB62103d6F1fB0f3eC1189eE7F1fAB26570bEff33
5810,0xB6364f3B7FF0d096E1847FA6AdD469b5112DE2fa
5811,0xB6398fad2F8D238aFD3A522A8cEafd400e71Ef62
5812,0xB64943f4F26D837cEEAc96CAE86d1bAB23A3414d
5813,0xB64B19f8DdF5c91dbbc985c73E784F39039b93f2
5814,0xB656ba644d16DA64B7410C8388D56E0Ed13dbD8d
5815,0xB65D000B7113BcFE4835A3c569A3EC0F55bEd3aA
5816,0xB6759E97fF2E7e548AEce2bF4D4E698CEc308Dd6
5817,0xB6799F729Ff7bF37043fD68A364e56adceE78644
5818,0xB67CFf0Ed07A50f690638731Dce80BC4FE312c83
5819,0xB67D92DC830F1a24E4BFfd1a6794fCf8f497c7de
5820,0xB6830CdFB1324b0F97650aD18017b9ea28D1a7Ad
5821,0xB685A60F354BD9fc56A28015128a06049b575504
5822,0xB6896c58592Aaf154261664A6608aFbD7a067deD
5823,0xB68FCD74aA0e14e5Bf30eFC60ca0fB48a430Be90
5824,0xB6906Cf7CeB1506388b31081CE262eb5cda1283A
5825,0xB693Fd85cE655a753D32D2E3D2e5E9C00D034a21
5826,0xB69A73DDB29161D8fbA135F663AEA6C7Dd11F300
5827,0xB6A3316D3f7a307cA2178B2062bAFB62a46278c9
5828,0xB6A7A1D76ed4dCf226a62c5dFA719A8431BFD69E
5829,0xB6A993EB1d3d20ff86c39CF921376129Cd0Be9EB
5830,0xB6AD5FD2698a68917e39216304D4845625Da2F57
5831,0xB6Cc41e153f4E9fCE4D364067194B90d71280E25
5832,0xB6Ed6F84F6084af2e8469032b768c8124738f4Ef
5833,0xB6ad42D615759E50C8087849a2F6f0E2032f7085
5834,0xB6e6172a1CAF201C1FDE4f111b67A4b857DeF0bA
5835,0xB7068ff1e71CCCc6AE82369901f9DAD3e519ef8a
5836,0xB71Df666292c9e89203dDFB84B422749d7Fd3E90
5837,0xB7204440B3C8B76d447DF8aE9Efa1247d228885a
5838,0xB721fBaC2Bd637B2Cf6FE114e76D8FC817D4a6d1
5839,0xB72942ba02d91273E2DaE2f924AD3f7305CD95d8
5840,0xB72b4aE6103106B31d54B23cd3D7f0B8cEa59384
5841,0xB740fB29D512a60C3C87aBc8b7d1Aca75f73033A
5842,0xB74E6B4115E4391EF83d6e9bb65537D10F92718a
5843,0xB75CDf900688e5CA2922BbBDbDAB106039A5120b
5844,0xB75c4204098e1ED350a95341FC6Fad7c2846F755
5845,0xB75e5A1BD0b8ee7ae4bBcf5551eec80ae52a4bD7
5846,0xB761b171D38d398F2f1C99faf10Dc4639ebF198F
5847,0xB77F7dbae5B24E62a7befEfE359e0c803a07D488
5848,0xB785C9115E4ce39b413Af18b222e7c9fE6758d9B
5849,0xB78d1B511Aa1FA837a9177eC7aB16A2EA962B0B2
5850,0xB79AEdd60aF27Ab82a5abb9D3F7fFf5B9cB9aeF6
5851,0xB7BC3B3a35229f81e97d4E01D31bFe21EBA7a554
5852,0xB7E290AB8F4895bb2ef3d3f3C346f08eECca1adB
5853,0xB7F72028D9b502Dc871C444363a7aC5A52546608
5854,0xB7a8560a241C776De2d9fCF4238252CbD3fDFD1E
5855,0xB7aB8DFF9498c5d722d6e538ea26A223c5920464
5856,0xB7ae6069B68eeF3F8148C71824864de8be5B6691
5857,0xB7afD4d31966d16C7e32060db3c21a0FaCb5ab45
5858,0xB7cD819FA225d1Fad99a4eb22ADb4F2164cb8348
5859,0xB8001C3eC9AA1985f6c747E25c28324E4A361ec1
5860,0xB804cb279F84292df5e8D78a6B2Ff315aD3E8B3c
5861,0xB80f5e7fCeE30f3FbE27A95C4a1C952cD6FC9C4B
5862,0xB81E05fdA4a2767A052C47e49b52Ab03795d6b1B
5863,0xB81E88279F3208001AEdA20689d3E5d818758dbf
5864,0xB85263804F8a3761fE70339fd194816f21422f02
5865,0xB8595D024AFa36E0205AF627E3b47bd5CA0cf67a
5866,0xB864Ec00FbEC4524CbD7d2959C4Af9849910f6EF
5867,0xB8782063E1B1AF6d06c53C13Aec4e0025f4e9b34
5868,0xB8866F3F04428C394d11409bAE9917A86Ebcd9F3
5869,0xB88AF3af84a9Fa9bad327522e25BA43aEdD985f8
5870,0xB8B443340b86156F4C5699d8730C05a54b5cDBe6
5871,0xB8C8D5Ca07C82e7E4c73f0cE93E2a7dD08956cb2
5872,0xB8EeA78481750f45abbd1caBCFeC3E9EC3422DC9
5873,0xB8b6bb6267097F91A677Cd56F815ed75f9097e6A
5874,0xB8dA8374eA7A4a7036176C0e7af9491c8273Bf0E
5875,0xB8da309775c696576d26Ef7d25b68C103a9aB0d5
5876,0xB8e7a80257901535f65E17f507225c58d8430f28
5877,0xB8f412210002594b71A058cB26F4a9CcB3488c65
5878,0xB9075632cE259E5ffE6cB693845f66cb1826A527
5879,0xB9086E8c8bEAf77B316acd78dC8AA8b09f5FAb92
5880,0xB9230920f7C52947a40ED3839c71d41322ea6834
5881,0xB939d8dfa6DE6741153c19ce3FC4565c2f6d1B3d
5882,0xB947FacEc40DF27410D142ac935609Feecab5Fc5
5883,0xB95938680c5006fE8fBFd38849BB0579B6B1Bba4
5884,0xB96fEB886cF3594B1438A29A31111497ae8ce7e5
5885,0xB97F255b37eEf7D47DBE1deBBECD1f2eCFC37Abe
5886,0xB981e94C68Fb77d34168d5D6c360cb2c11F3134e
5887,0xB9863A1BA4898c42aE641aF0486bE5e669a41DdB
5888,0xB98a2EF1d3b9ab5011e4D14631Bbe21B32A73D7e
5889,0xB9CcEA572a82D096F0100f46729AEA77Bd63c454
5890,0xB9E1cf45888785CfAcA692C5617DB4f6C3fFA96d
5891,0xB9E4965F6443e196b1A784b3c9B25bbd62E7678C
5892,0xB9E4D5715065F5fdDEB6CB60c122488fF4D09f9F
5893,0xB9b957BECED99f2FB070E0A9119E07FAC2145473
5894,0xBA0C565110F65D181B9ff1D8A9f787B52857bB0c
5895,0xBA1b1F951ec6eb3c938197F04310951c180D7929
5896,0xBA2E7Fed597fd0E3e70f5130BcDbbFE06bB94fe1
5897,0xBA684a934Ff5F63D6545B74b1b45283BC9C19a2F
5898,0xBA9A95795487D4004077F131E68c78E2d3874C7b
5899,0xBA9Fa25F33022161eb18E62896f9e65a7bd838bb
5900,0xBA9e93BcC80BE4347c404147a68cCA3BBcdbF26B
5901,0xBAFfA30d02Fc23eAc117f6bfbb8354A288594bd4
5902,0xBAb7CC30cBc02c2E830b6148bDC57D7f2c89f66A
5903,0xBAcE00749A4096F228B45DDe159dA0102f5c9C04
5904,0xBAcb58a5BD0e2dF0B3d3e82A1c75aD565A417Cd6
5905,0xBAd55Bef0D30A28D917696D35De9B367dc8d5A13
5906,0xBB269DdA52Ec5D7d26abC2CFEaf1641456Cab562
5907,0xBB363eb90173dffeF1f99dFD01cD228f105E5Da2
5908,0xBBBDe4D91aFe8d3Bba58c98667198B448A9Ef2fD
5909,0xBBCcf6CaB5b3AEC26b0CbC6095b5b6DDBacfd59a
5910,0xBBDBAc5B30796237b92DA1c66b809e4A302D0591
5911,0xBBc720fADea61F4AF0Cca83862803296b5360c00
5912,0xBBf0c281F8149D614Ec7b54f8849B9b57A6F9552
5913,0xBC15451478a261f00F98137C3C4f109b77A0dbF3
5914,0xBC3d393ae3F3b63b8A13CeC722d096CAf118f726
5915,0xBC64102E0F864a29177f5780C38bfC9D3F8cb1f6
5916,0xBC73CE848e39035b8838fa5fA1c09d8602d3E242
5917,0xBC787De1A267Caf67525d5594A09FFc3B9d301d3
5918,0xBC87f42a924f35CDcC1d35C1f81422ecC8262e28
5919,0xBC8A37FD67934c7b19741635ebeb50AebB61831b
5920,0xBC931a2019e0B89b7adCc19b783f940FD71eC533
5921,0xBCBE473DD45a36a97Ee612Ccf5b8b8bEA77153DA
5922,0xBD1f7d88C76A86C60d41bDDD4819fAe404e7151E
5923,0xBD20Ea1eb6d79B162C9698380fAc83f47749ec08
5924,0xBD387098cea8e8c0f8432083bDe4eD0E7Faf9Acc
5925,0xBD4Cc9521DB8100A4CA9Ff5E3e5a6ED464082EE1
5926,0xBD69B3Ab966D0e5984D5AF1F4A77000bE1410eb4
5927,0xBD7AF6f5365174FaFc3297D87953617d27dDbBE9
5928,0xBD83d8f4C1D132d74724891DF4257f8f059347Aa
5929,0xBD872d01038C21cC8a56Fd79A2B702407c985Cff
5930,0xBE13944976C05D139347FF1094959123b97c0654
5931,0xBE1928c235e23d3b3d49CAa2efD39CAf5FD38599
5932,0xBE1c0fe3EF8f9C6E80D9978E6f2980B166982a0A
5933,0xBE3c64d8543c4C97491d053689C50a0dD2e593F5
5934,0xBE4AA0296B2B217d03DDFfF792675cfCa96A95B4
5935,0xBE5C0d9dA4Ee91F28D76785ec714F3F5bACA9E96
5936,0xBE630Ab89469bF93745418ef446f33C637e1fE2d
5937,0xBE859efca2d4283b39654CCCCB735b4412cE26f6
5938,0xBEBBF42252B6eB9dCeF45979f08d337Ef913Be68
5939,0xBEDDDAeA444c692B98e70B47e9473bE25E3e6286
5940,0xBEfd579C6A08216B4aAc40bb05E1110bcf4Abc16
5941,0xBF10bF37F58921941b2C46c8Bd1F934a5F744590
5942,0xBF14980C87fc09A0Ca4118d73f925A47b4156Bc2
5943,0xBF404B6728094A9F0980f2311aD942b57FD5afF8
5944,0xBF569BA8b38a3844A01B52D29E03A9B433ff821e
5945,0xBF67680e8D48c56287C90Ad3148ccC638D63D1c9
5946,0xBF7F2Ae9d66fa2fd05e66F1a491A9905Df6a7F65
5947,0xBF870D0214d43A1a15a59cb593D15f0DedB84524
5948,0xBF8a3dD0c4B170C489a5Ea42bF33f1dCFbd9d520
5949,0xBF9bFaBc5e076E9C689833a57548503d710cF890
5950,0xBFb5CE8414bC6ab16E7860e0d6A73507033c1B6F
5951,0xBFe2105d266e20579D14eD9D33190128227Ed827
5952,0xBa217B51e72e3C1148A04686e170237B998E3a23
5953,0xBa37B002AbaFDd8E89a1995dA52740bbC013D992
5954,0xBa4C5C287b2DCC153D65e189168007C6D3E57BFd
5955,0xBa70673ab7b081Ea7DE1fe2FE19C7C31f1dC1992
5956,0xBaB5eB727049D4F54206D4ba1134da40853fd524
5957,0xBaC72D5f42f961Db46Ca8Ad295eB64CD2A5615FE
5958,0xBaD81E37c8D4657672e4AE61BA5a49084dc5949E
5959,0xBaDA235e37F8cEba768cB167518c869A3765992C
5960,0xBaa856eDaC3739664018397796F03C4c3985096E
5961,0xBaeB8856d4f0D6Ea5a17493C8Dd00CA4ca49Ae9e
5962,0xBb070DD0479FccDe51fc411579100A7c5A12e69e
5963,0xBb110024B1Bd71F8786aDAd2E94E88641E187ddc
5964,0xBb1238ae6997628bEF450FBF4AcEd5DE4F8D7dd8
5965,0xBb1e599e15f2bf248732ef060cadFFeB6363cC4C
5966,0xBb360c86976b59C6E7ec6694Fe5Bf446fD484861
5967,0xBb47019217FB2205B7E8694b948B5cf4B70BF846
5968,0xBb6C2830fe2AEf2F6E172570Ea7ef6868C638D9d
5969,0xBb6a63F06Bb60AC7C545D6651a37e12804032d1f
5970,0xBb98F2A83d78310342dA3e63278cE7515D52619d
5971,0xBbBfB3071Fbcaae54b88bB3016D6ad464C0335d5
5972,0xBbD4BabfB5Bc1A6f5448B5dbb11b8e76F2b2fcA5
5973,0xBbEe065885558fbA6a5C0cD8f7b827F631137900
5974,0xBba858cc4012D9b7B914159FAbB88D50f538BEAa
5975,0xBbfB6566AD064C233af6314Aeb1EEE4C26A5f921
5976,0xBc07FE99DF2a5862CC59c3cdBeE82F9a72Ae69ea
5977,0xBc0E77C141e7a7bbaad06a2a928264F2f9B603EE
5978,0xBc0b3E13424fF09ABfF7D62c2aeea2BEaA10755f
5979,0xBc68c859fc8Ea2de63C60F236688dEE448C8B70e
5980,0xBc6D94EEE89A18AAe9a39542f7E2f2dfb3FecF5f
5981,0xBc6E904d09c437b8cFDA9B8630bC5eA771392c6d
5982,0xBc8819C1821Bc52b5d30D2Dd52F0Cb6110510005
5983,0xBca2E7679f1b99740f884e2CC712b8739081DB5E
5984,0xBce6bcD1718fCeA45835268bA7Ad4919850c1D61
5985,0xBd1e28D3260b157A023AC2ad08C283a22c5ff81C
5986,0xBd45D1d8f66616158e3051f0F2821Fc240c4A0fb
5987,0xBd5b269ff489220a7C6b27c2ce2eD5E26f1A01CF
5988,0xBd672eAc652c607a396281B0944C1fC65879C0BD
5989,0xBd8Ca5Df67BfFd9eb974509Ae0BC0Cb4595AC796
5990,0xBd95Ea31eB8CA82fbfaD07b91b55EBbA18D815dE
5991,0xBdBBF90a157e3c3fdd6bEE86C6a26B947ae8B227
5992,0xBdEA542CA695331Ebad431aeEe8869BeCeeccE92
5993,0xBdF2231b4f95Fceae8ec9Ca828eb212338c53c2d
5994,0xBdb11B048ae3116EcC360D44a3a725387B28F9a2
5995,0xBdeBa6c5ec4Be61e182f6EA89364cD85E996dDbD
5996,0xBe0ea88c6f70B782e0B51C0bF5c7E5BD65416D77
5997,0xBe10EAA921719C3ab6300479E16E08f32354E90a
5998,0xBe3041bD5d812C93590b70f3D17C749AdA1f19Ed
5999,0xBe57ac6292931077d144f823798f7b420F645905
6000,0xBe7516aef9d60c11f9a8d870736137DBDd8A22df
6001,0xBe81Ad8fd494a11eCD2Fe25F2D52d731A8cbD7Ee
6002,0xBe86F784eb2A34a8E49F4C0BDdb919E6EF099988
6003,0xBe9Dd9B83Bca645526DaDa1ADDcDE293C8Fb0081
6004,0xBeB230A78ED116DC36e0716e184044AceeC5603E
6005,0xBeB514a301a869717e192d2B1ef11f50B72Fd4ce
6006,0xBeF716e7fBC844020925dc372879becd2f932bF9
6007,0xBf0CB70b7FF44eaE249F9637eF9fe41c8d662c34
6008,0xBf0f5a8762215d0b149c917952190c72F6448E0E
6009,0xBf383dC8cf540B178dACa2Dd2c52B926283edD2c
6010,0xBf4dc9E2DC9808BD6c7B504e3445B23BBb9eC72D
6011,0xBf5F705D7EF000b239a73cFf1431f9c0a87e3595
6012,0xBf6267410EE2F2204658608fff7A423BB8f190B2
6013,0xBfD7F0DB71253edaa59743163D3eECfa27a01A6e
6014,0xC00a6614B8030cE216302016e11C6B4140B5e499
6015,0xC00fAaed03A511723E9a1C1b5D5A1F6B6E30F3cb
6016,0xC0232B1FECf6aAfE60eb15Ade561a973A8038a40
6017,0xC0682d80Cb3c6BC921f3f4672f814B6B4d476A70
6018,0xC06dDC78efB95A802e119AfE6f2a5f421447B7eA
6019,0xC06f2BE4c2F17DDd71dCF8569C7F94868Fa6046A
6020,0xC076f56B8ce6ca3f0AeF82677f8Ad78C24359E47
6021,0xC086e5041B500C3076490B0509EC6f60e15B85a8
6022,0xC09156F25F3DbB305940f8E23D09ffd0eEeD1a9F
6023,0xC09C5710eF754Fd7cc500FdfEd6C5377b8d1e9B1
6024,0xC0A7Aba6031d05b1f28C101ffDB1396021a765d6
6025,0xC0B374f27abcCD5f34e30bA437AdF10f084a66c4
6026,0xC0B53221A7dbcbcE68441C26ea4DA73266D6bc20
6027,0xC0a11B1DC79B0Efde895A9219660651dF79D7649
6028,0xC0bd6d733f200eD5724a2a1Ff31A87fF0eada13f
6029,0xC0c5C6E436D631b76f9d07605Fe94D1Da92e0d7b
6030,0xC0d91Ac3Aa5D1079c1da6a59d09b17F3667b3ef4
6031,0xC0dF60fAD553c9402f2613e98115f7434360726a
6032,0xC0fCf189AAF2D5E45e6402FCAbBBDD43013545e4
6033,0xC105A696ECC97ab7d6655Bf0E16d03f8BA9fb536
6034,0xC1211Db5465FB04EDC7CA84da670E1232CD8B29B
6035,0xC123a11A076eC335613E701A50590bE7336d3a8D
6036,0xC128C43de5F8653F01B4d956cBf5b4173aB31582
6037,0xC1341bf29B4CA21F6300824183058878b19D2B66
6038,0xC14F4B7d7ED84ffa6203886c0429028e16cEFF00
6039,0xC16414AC1fedfDAC4F8A09674D994e1BbB9d7113
6040,0xC1C79C6378e5A72895C8eA15fc6Dd59fFddc8dee
6041,0xC1D14Cccab3B5Ec934DB46D99a178398e923a618
6042,0xC1be67AE82Bd934b4A5e0C0F5C91dD5F3067687E
6043,0xC1c724058395FF43f395bE870440A8e6cE315853
6044,0xC2160CA1477226b4C1d0960772F7DE444f26f9B7
6045,0xC216d39cCEb3d86a72e06da26A97D1ADbAE97685
6046,0xC227E232599A3a679b9CFBa3f82f3F01e9a42820
6047,0xC22f47EbC79ec52B0aA5Db9a47C6FACffCC2EA42
6048,0xC232247fcbC3285BAB034FD7286523f1d1530A70
6049,0xC237005BA42662FB7615Ea9eCb126E3189067171
6050,0xC2371F6B431f5Fd3d0A96bc729A3f09d14447Dd1
6051,0xC238DaDf369c35485Fa3EE74033998119212eE82
6052,0xC23Ae3064ac2c3b461f4F5a5414870A2D751eCd7
6053,0xC267dA714ddB007bc198cb9BdB722c66e652C687
6054,0xC26Db468B5DeAE4BB0d2B8dEA4e4A28029Ce9d0a
6055,0xC291d44322d9Db5412Ac81c94F43dD41d9BF5a0d
6056,0xC292EAFd5422A9c961CC2630CbDDf04c93Db33bD
6057,0xC298B8d59d4616daDe9E2E1E049216469815b3c3
6058,0xC2Aeb719a3A924Bbd91F06B123b38519F7d1a5bF
6059,0xC2EdA9A2b91e9D295564752Fd888C16eb30Fd9d7
6060,0xC2c7D100d234D23cd7233066a5FEE97f56DB171C
6061,0xC2f39bFCDee4C4c33359edBa8fB3C4cfa044E8fB
6062,0xC30005EbE14728898267013b87c3b4c4341f53ae
6063,0xC30F7fadB6b2c6e067d4658a189C2C51b322A18C
6064,0xC33fC2AEDA3779e20e4eD21faA130782d869f4fb
6065,0xC35F22B1843A185eF53C15c70Be083f4f7956701
6066,0xC36ccF9CcF9a7C80FaaD11dfb0FDC14b2f974236
6067,0xC37a8a91Fe413DCE2a29988ff11E166cC78acC29
6068,0xC38ECD9a7B700590A26785C6578228A17511F1b9
6069,0xC390A1a4f7078F5D11daB1bb9EB0573AE04925ad
6070,0xC39d5f66e1E65c9663F6172f61fcAEdb4aDFeCff
6071,0xC3cC31192AF2b813F4b204ca135e53e90506c2CB
6072,0xC3ed030033BD63bfC8Fea67299bF6BC22Ae73118
6073,0xC424E90ace50dF63eFe178ed5F28Cf3759cF51ea
6074,0xC42c23C8287050c6D0cDa3146B89EFBb8ab7c748
6075,0xC438479778988f6B54146dD35e009FdaaBaEFE7a
6076,0xC43A73f4998ED1f080A6217a2910B588beecf5Ca
6077,0xC454259dAA76b9629cCF1cd59630Cfd81A3D35E6
6078,0xC4641Cb39FF53cC2f4aEE78B58638f3CFa83485C
6079,0xC4798B79d22630CEE83B4eCb0Fd98cd5fF0fbb62
6080,0xC4C3c2C5c6BAB86EbcB77e6b5795C638bF150f54
6081,0xC4C468d530CFe68EEe6b467323fd47Fd0d0e9Eeb
6082,0xC4C8410C03edBA8694D229BAe3c74401dc1A9346
6083,0xC4E243199Cb1e94c23DE4cFF892cbCA89348a67C
6084,0xC4Ea2d9870e9c98B2269370eb58438B3dEeA7286
6085,0xC4Ea7BBc6B186089Ae4b90E282deC17Ee08bC340
6086,0xC4a29939176A4EdCE578D46c7A8b2BeD8D5263b1
6087,0xC4aaF0554986D1e5F7E2123EC10de323429F5CDb
6088,0xC4b5Bdc3b6d27a2E1c618498D3cBfd97358b2a3f
6089,0xC4f51914f89B31c4238031426dAbbC8E53Db5d67
6090,0xC5064CC0510562E4B24DD3131EA3C9EC1B6A3Bb5
6091,0xC513e3fA051EfC9a36d457A0B388D942d49fF423
6092,0xC51447aD3B831DFC5603B92bFa46A06637250851
6093,0xC51468BBFe217013087975D25449F0ba01461263
6094,0xC51881CfC891aA6643baf97FDbeF74A1E73Bca6a
6095,0xC51a95963dE01C4C2E8a469F1f58858ea25C104B
6096,0xC51d8ff7b824DbB6096b35a332575FefE42E5CC3
6097,0xC5381B38273949b78D8742e0cC8C3C39FEc23a97
6098,0xC54570b8EB8138aCE95132b944b7b6Bb391976Dc
6099,0xC54DB577897b82933634ED1CeE5d61D9D5A701D5
6100,0xC5781d387b8381464696E95ce2fe85Ab274662b9
6101,0xC5883A16258Af48d77EF432472538F593842fCCb
6102,0xC59a0ca431216F10cD5C11831b9628182FA3ac3E
6103,0xC5C5A2DaB07cAF72aC6B5b4DC6094c0878100175
6104,0xC5Fa4F262a140B29B76cd3835b112AC0ac49A6C2
6105,0xC5cF11a157937d8EaD1c0C3782b52F820f9bf880
6106,0xC5f3F398F10aC00e19b058f7c8Ab1A965e1D996c
6107,0xC5fdA9b6258b392f120dB67202C605BF22c29853
6108,0xC633721C36ddc08850eE332FE315ABd25a9b5b5D
6109,0xC6345232abf1AE88b8D3282f4c530F557A17642A
6110,0xC646547D8Ba8bfB2FbA8185785d1384587c4D148
6111,0xC651BB20729e04936C2b16a51797E41d732d94D9
6112,0xC653f8031A8f0E8f196D33D38d29960Ec926eBE0
6113,0xC659284Cd530F1DF076b38a469c4207d731a2710
6114,0xC66B714f797A1B1217bbd9507343cb847Ef2Ca1d
6115,0xC67AC968ECc37D706607F5ab0C3476a1c8343aA9
6116,0xC67d1A6db4f295C87c5E124969f9F9FDe960D12a
6117,0xC68b470096AFbcf21C47811a1451993EB1eC7374
6118,0xC6ADbF61B6B25682f7F92c1bDfFeFfd8DBb8CD1a
6119,0xC6B5dcCf425d319a2828bb4a1b3f1165c5cB5f6D
6120,0xC6C0885629082e4c1961d3b8a414568d118Df56B
6121,0xC6E193F49c72970bc561E3e73456A0DC5a2FCA33
6122,0xC6EDBBE55279871C1e6CfFbFD844680906Bb7430
6123,0xC6b3D4B67Af0EbFC722C31e71E217dF4906f4EFf
6124,0xC6c21189F5bB04181e2d818DBbd36D4Ba2051477
6125,0xC6cd5b7ee78E8b939e843f27f36050089240519A
6126,0xC6e93ef0F898626928fCB7f5c8563AfA3D303D8d
6127,0xC702B4c5E67AD4BeeB9F858c59c6fA4aA81532A3
6128,0xC704F88A6644E215971A98d39899cB9487EedAA5
6129,0xC7129114e34498E0774ed35d3ca467A6844b7343
6130,0xC71ACC7863F3bc7347B24C3B835643bD89D4d161
6131,0xC72bDA2b1E96FD5BAB72Bfb0217339c266a5b71B
6132,0xC7330a7a2ee0da114bA4b14f52DD6EAec2B734Ff
6133,0xC738F7CC96c6Ac2EF9b12F0563e0B6f8B7247aA1
6134,0xC74ff56B8400eE7D68204854d3f6dA536CF71A22
6135,0xC752A907c7C1Abb461c81110e6AE8d65c111C7f4
6136,0xC76c067f1864C610880cf730eb69D91f223f1E79
6137,0xC77897aC8732DAf1589B128a715363a317A9F796
6138,0xC7807e24338B41a34d849492920f2b9D0E4DE2CD
6139,0xC788c925BdCef6Da8Dbb415f281bF7A601e6E704
6140,0xC792D617e79004633b1FC48121f69CD698d26D73
6141,0xC796eC225fE9935403Cc3a22D9d47E4b41042f5b
6142,0xC79A60a5832F96ad85A96A97b2CcBf512F97B692
6143,0xC79a0eA0B9Af56BC5E83A6D59e211F230eA00bBb
6144,0xC7BE75E443a85EAe5f128EF41eB18af37fb24F25
6145,0xC7CD83707D51A8e6DcAcdd5920f577C0C860FdF4
6146,0xC7DA86dD7B5FEf769E549bF71f7B6fb4B9Af76B7
6147,0xC7Fdc072E1a7Ab725cCd0293e826c0143c7919b1
6148,0xC7b5568F3179bF99671049315b2d5f81398280bc
6149,0xC7f617bfbE2bDd0d113e77a5959e2b5bb5619846
6150,0xC803c4aBfF007dC15b7A2563D60Ba3d4c8158282
6151,0xC80553E3Efa241e01fDA404d7AFC33a7e8Dcdcf7
6152,0xC814a2F9FE71f35b8810c9e3968223DeFE9a2Cac
6153,0xC818C74215cf9269Eb189e25eCC34b5dDe4b802e
6154,0xC81f9ac9669C100Bb553cE0230Ec156ae05f820f
6155,0xC8207BDDa66a1f48Ade10Bba5791c9873f2351fA
6156,0xC830Cf03f1F8442d2da9823F32471DBA82418058
6157,0xC83d383437Ae5EeE2b219AD7191ef2625Bc9434f
6158,0xC84cC9eFC1F38817Ed9efE520b8ED5F37aEae000
6159,0xC883e0B13Ba24c4dC5fFb9384C97483029af4cB1
6160,0xC88D8fe1E3Eb3bA5ED184F23608420Bd935dE581
6161,0xC89090a8Bf26dea2a1Fd74B4e6E7DD982Dd1424e
6162,0xC8A1026AFB1eA32C02c367327F911cb77C062CBD
6163,0xC8BA6C5472bcF982C88cb469C8785a3aF9B183c1
6164,0xC8F41A5F6C1E4A28b56498C920110fe061F9c6f0
6165,0xC8d6f9665D18163c2B5b4F9c4158f56B96c50f87
6166,0xC8e961ab4f6574117be3de5f6E6bAE41842A928F
6167,0xC8ed54F6e72931491A4A982c613C34e7D30A60Ff
6168,0xC907CDa7851f612F475c3ab1C919Cda332F0A319
6169,0xC91612ca2083250c052856c1f5C8a14374B7EdA9
6170,0xC92cAcD7F3c8eeA0F1dE973E61129Fcdf9A4c1b9
6171,0xC9508E4F2F511e107FEeE4b19B311Cd527ED16AF
6172,0xC957FCD9bE2DcD01385FDCEB2b9f72F921A271EE
6173,0xC95adaE711DFd7c741db02D6645d24Aa91cEC563
6174,0xC95dc01eB15260d4dEea1f9A657613cC12CBD62c
6175,0xC97aB4C4c71088E64f76dDbA677711736AD28D74
6176,0xC98003e38a745f219816145e57868FF73931BA61
6177,0xC98a3DCeC786f67fc3629c3238d8365D29B708a8
6178,0xC99CcF7c03C725A9559834Ae52483D44BB303501
6179,0xC9B7411fd802BDfA055cFD469D1aeCAc2Ac64394
6180,0xC9F817EA7aABE604F5677bf9C1339e32Ef1B90F0
6181,0xC9a63A020A9BFd088D09e4490ca9255FEF99f7c1
6182,0xCA1146C1D1b26Ca782F7388096462189fB09113f
6183,0xCA38f4ed7A4CFA2E493B06d4543e04dC146b98D0
6184,0xCA751628477A3Fe69662D8bB81fFbEe98498511a
6185,0xCA8237d54FCE40c9ea2Aba76B39C1eE929a9Ee3C
6186,0xCAA7Eb561Bd75D1A8d23234EB915BbCD3844Ee23
6187,0xCAd4BD59D36ED3431161b7a6c09709487c566C37
6188,0xCB02Ca353Ee817419aAf64B7af47228c9619E7bC
6189,0xCB16F82E5949975f9Cf229C91c3A6D43e3B32a9E
6190,0xCB46298767fb5D44c18313976C30D3eEb5071862
6191,0xCB5B7156e337814E72aE006e269F52482eC04DB5
6192,0xCB6222f4Df04385ea08E8DA2A5871131FF5F6cBA
6193,0xCB6676866535786c9A556Ccf5139184A6a41A540
6194,0xCBCF0e65228AA702670f18BeDd67b02C239CD70c
6195,0xCBE203901E2F3CA910558Efba39a48Af89e3c558
6196,0xCBFC863266C6c0d3cd33eD11CBa962C76ca61608
6197,0xCBb8F69DD524a3Ca90F6B1Cb171666C290cED5dd
6198,0xCBfC115040BEcB50d2d0D95Dd5e931E2DEFB6Bbf
6199,0xCC0960243d099BCaE96c0D1AEACDdA01434d2ebc
6200,0xCC1cc238f0D0de0bB82cD1F36Ea988D8EB4489AB
6201,0xCC1fFF5D29fEbE7705767CC120fa10265050F69f
6202,0xCC876be657B5d3d80cB9D483fb846766a8b80185
6203,0xCCcA7911CE91A2d615599fF73B0ba6b84D3947F9
6204,0xCCd94674c815Ee0dDFcfc2A7f1763A0d178D57c3
6205,0xCCf3A2FB95F9Ba35043B3A60390e401eBc5BCB2e
6206,0xCD54f831949b07B9b8B911a6Ac7e11f6B4ddc359
6207,0xCD66A71ABD5FDC5e2515B7a8119a9498Ddb104d1
6208,0xCDbA9e2fE0acd12aD8B1D9676ed95A3AcFEF9878
6209,0xCDfeEFf98eF0f6ccf4ac0E3E3f6C7C8ab5aB3A4d
6210,0xCE11a7598DDdCC76a3CaB4367303325D6C11E0dE
6211,0xCE3A6164c5Ee8e2A4851F14c94990EB37E40637e
6212,0xCE3c3671cd4CD0B651571bD312a4B4756eDE04C5
6213,0xCE6c10eDbFE5a1948c1BDA26311Be5dc87c34f03
6214,0xCE7161c8B8B26BAe723317b5c7D304b3ADBB8C01
6215,0xCE8C225a304090Ba560404A042e8A594e237349C
6216,0xCE91783D36925bCc121D0C63376A248a2851982A
6217,0xCEC61bffef128C75F9c594aeDb4d00e32EB16265
6218,0xCED608Aa29bB92185D9b6340Adcbfa263DAe075b
6219,0xCEF301C79f24C47e73dc566de730262d9192CdD7
6220,0xCF0850abF1d314DBf49EFfdD028E5515baC0Bf11
6221,0xCF5B886350460F2446bbA4b34fB2687e697D4676
6222,0xCF5Bc50D35A138415d92F97eB4CeD812e6C8e9b5
6223,0xCF9513444635c2699eD920EbE94f01100A1ca750
6224,0xCFb214E368ccd014630026CFF369a1A3FA9010A5
6225,0xCa1502DF6e42BcB2429008c98911401F995C7fFc
6226,0xCa214150c6DF8848b2488F33f2c35f2417265798
6227,0xCa8E1B4e6846bDd9c59BEfB38a036CFBAA5f3737
6228,0xCaC973Cce9709a5abc418D66cb78b15610048284
6229,0xCaE4260a8B7B667C3d718e85753dA4f380ABDa8A
6230,0xCaEDCaaFE4C596e89704c5e6B499B8D3474F750f
6231,0xCaaa931262759a53D28aa41552EC177bd2D61c69
6232,0xCab19ce32B92898D572aA4261e4a2b968A0d273E
6233,0xCb286622D343c459770d2F3E4E21c63a73a69FC4
6234,0xCb3dBb9E8e19e0e4e6F0B8E97bcAB860565DD173
6235,0xCb799407020E8bCf3e513f4f7028bfE5Ebb4cd1B
6236,0xCb87Ca89641FAC3F9805b460943038Cc99803422
6237,0xCba1A275e2D858EcffaF7a87F606f74B719a8A93
6238,0xCbbbE8b6CB1D0dE071728C36C29dB40918f98231
6239,0xCbf1414DB543594bf5aEf808989167cC1Df58190
6240,0xCc07d411B66Fc8f30dEB8f82b227372910989e4c
6241,0xCc40eC4421382211702CB7Ecd55f33623A4B5C39
6242,0xCc5014d84c39E8CE7Bc1D3aEC6eF56eF4ba143d9
6243,0xCc6d52996Ffdf96D82316aaE5f87EDD101358EAC
6244,0xCc7b2760C0d9d8ACcdad50F97d3A777689a46411
6245,0xCc865A7746b503F04b24D2C251E1A4c8A010fE72
6246,0xCc8BF1d44a6BA81CeD1a36b6152c4c4d7944cdfB
6247,0xCcBFFb5f314fF748d0Fd8BB14f4C9fea5a17d994
6248,0xCcC155786096dF3eD5E2bee7f941a4c5CfB26736
6249,0xCce0Ae9F0DdAfF2866f2123eD18aE05e9BC43E3c
6250,0xCd5f8fa45E0cA0937F86006B9eE8fE1eEdEe5FC4
6251,0xCd98D5bcfD7C8E71C4d755f3D82a7B1B9f793d17
6252,0xCdEF4F34E5CEb46C7c55134Cda34273349bE65b7
6253,0xCdF703190d949Ff1b638b0Fb6985dBdC7E62afd9
6254,0xCda3D8d5F89025C680E1648c1A4736FEf20B38ee
6255,0xCe4e34d8473c93FBb81Ab670C60374A69a6A1533
6256,0xCe63318d5165f13e9be8c60150c78265A0f07022
6257,0xCe651a027E5296f9030f2B906B461bbBC0BB4E78
6258,0xCe6c0bd926A76D715C829bE4965ad064447d754F
6259,0xCe9C5C94f0B8FE1b04B23622f69DDc19C28fc74a
6260,0xCeAE84b288Ff0393eF2Fb178c6aFfd802361A99A
6261,0xCeDF71c412e435d1EF06E9dC60F39359Eba28541
6262,0xCeEa79d9dCaAC7A8c1DAdE79c09E6122cDA0719E
6263,0xCeFC5E2939afba40ad9297eC4201F6a2C43c2836
6264,0xCf0368Aafe3F9e9D89A5B194b493f13D1D61F96c
6265,0xCf060F34d51d18bb8730AFc18744442135e380C3
6266,0xCf1eb357E1E337b5cc8455C8f7994E1C6359F658
6267,0xCf2087657EEfF4dCe40BFaC865fC774181fFb331
6268,0xCf388621A1A0e2Bd57902A74edb2eEd05B7f0e15
6269,0xCf7760E00327f608543c88526427b35049b58984
6270,0xCf8e7E26a70d35B19500cFd05bF1139fA7Ff30b2
6271,0xCf8fcb37b7E4Af7E2F79A6ff813B4d899Ae70bDc
6272,0xCf96B59F84c217Ff0E130fC76A194822363161fa
6273,0xCfAd591fF4B9f2C6e10376128eda7028C6E6535A
6274,0xCfF12C73D0cAdfD68A1d3Bba84737B1C7d215DdB
6275,0xCfb76816caEFA74C301917569C38D731C41C5854
6276,0xCfc773f88343A6Ad323e407D3648D7364Be1EaA1
6277,0xCfe402395A76d0A16cd503A2EE8fe94CC2906d90
6278,0xD000C21e4aEA71C5c8EB22900eC6571189c49600
6279,0xD00979e7510b82b4965Ad31222439bdf050fC7c8
6280,0xD01962f477D6b3f19764F92c3079B779a3bfcAAa
6281,0xD021E50dFDf93e8f30DE995b3b733019c539D048
6282,0xD05111AAc5312F3973f95494798fA95edCaCAD93
6283,0xD068C7E05CF20fcEE618C8F9207e019020c62F35
6284,0xD06A5682AB6B3713d4b8095257d57b3dBae18918
6285,0xD06b65E6759804235fB8f119a95510e9c409884A
6286,0xD08DF4c241f78D5Ff887aA75D00FFf3eD974d7b1
6287,0xD0953476fB37A5b6dedAD3A9b2507c3FE9fD4506
6288,0xD0988045f54BAf8466a2EA9f097b22eEca8F7A00
6289,0xD0B53c43D3E0B58909c38487AA0C3af7DFa2d8C0
6290,0xD0B88653473BdBecB38599cb5c7732823ED09032
6291,0xD0C87D9DEF679e2AF51CB3dab205f1dAC65E0403
6292,0xD0d19141492396D7249e1613aE5CF8A92C0EE55f
6293,0xD0e786251E0B2F55FFf746509E449A4B238F2c89
6294,0xD10DD9831c8124d177e0057CEd73627fE67ebFE2
6295,0xD11e3E8815aB3Bc592a032bD1B56b01A89D83A66
6296,0xD131F1BcDd547e067Af447dD3C36C99d6be9FdEB
6297,0xD132973EaEbBd6d7ca7b88e9170f2CCA058de430
6298,0xD133D4989447b359ACb35AadFDA721A18aF45090
6299,0xD13Cbd1556063DBf12c54c96FC9b722Fdab67e06
6300,0xD14BD649f9d4114398213f4EF5163eAb590Cf027
6301,0xD16C6B5efaA11297Bb4e8a24Aa68245302425E6D
6302,0xD17D4e3B6580C9869b090A295ee21Fe2A23b80E4
6303,0xD18001F022154654149ed45888C9c29Def6d3CE6
6304,0xD1818A80DAc94Fa1dB124B9B1A1BB71Dc20f228d
6305,0xD18B2c0240d9c8390d24f331990975A46FEF610D
6306,0xD18B6eED9dFCF0D65f4BD875C6Ae7c57D0e8Edb1
6307,0xD18f1616B74c2EF52dd040DA18F7C1ABFc23472a
6308,0xD1Ad5D715FB1bbFb7353BAD8aD1C286617B9AEC8
6309,0xD1FA45D2f1B2CE7dE6fD4f4B5898ADCE9c95734B
6310,0xD1baCcf90a1f041A9157d79EA1A6f48510759BBb
6311,0xD21895eCAc23f5f3E9Fa67180ca7E1Fec3223140
6312,0xD21c8D2ed78c25fAde8966c42F1cEC79288c205d
6313,0xD22198A97B94162211085d5c59Cd52883B15001f
6314,0xD22af18a0957edE9287B07F9edbaaDF95cF4c683
6315,0xD22f19c7C52B89f1BD1b5631Dd2919c3f152c8ec
6316,0xD2355D659fE06CbC9E332Feae9a61DF81894c299
6317,0xD2357FffBcdC3780835CEFf1447c357C413DDD65
6318,0xD24b0A90C6C3b72b713D25eAE5a8Fc4445cCF490
6319,0xD2506F2e9538C2Eb306fDc0BF683033D1bf453A9
6320,0xD2592B2Cf64874E1239b4383131C0Cd91E996Ab6
6321,0xD259A2950D01053D7fa2Eebb332Dc491f73D864B
6322,0xD25bAae3ff5B6D793c25BAEB475ed890C16c39BC
6323,0xD28C445F8a7C417Bc0fFEde4880c1C40a7D50Ee3
6324,0xD294b6700a785Fa37723bEC86dFbDb7D278e1E54
6325,0xD29a527aF7365636ef48a4B818ca211Abb909A3D
6326,0xD2E2375a6Db7FF23366aa5d35730ebF5A5d084ab
6327,0xD2a100da9CE0809219e3F0656c7932767f65dCC5
6328,0xD2c8e141B4Fe7F3a1d27f0AFA8DEF99a7cB79c95
6329,0xD3086890c26E34cb80602902Dd3D27a733b117BD
6330,0xD314DAa705f0A30df80925d64DC2a184E013314B
6331,0xD32bC877Bc61E9188678085Bf73A5BC5fD02d6F0
6332,0xD33340Ec2187DebaE1543756847DD36DEF96c68c
6333,0xD334fB4708aC28eed83B592c5513E38a6bE80356
6334,0xD34586c03198Eb659671DAF9Dc3449Dc0BDa4d04
6335,0xD353Bbf69d0dFb2Cd6798dFfF40bb31AE565Ccc2
6336,0xD35B66403330E6493BEee38E4d1D67823BBf3Cc5
6337,0xD378d3D540A2fA1939f562aD8905837a151BF26A
6338,0xD385D7F53264df102Beef4bC353339cEB99BCA5D
6339,0xD39621FB695CdA8D2da042696CB1002E3d4F0b1A
6340,0xD396A309FBf07Adf6857c1F28a899f5403EE3F08
6341,0xD39bcEDb023d45F3FE571dfC292bB6C6E5a4d0cb
6342,0xD3A39B11ABabd278753dDD66CCdfB32dF1b5604B
6343,0xD3Ab741109376bdFBe621C0012FC97F6678686dB
6344,0xD3Cd153156E97638b7Fe71a8dd4A9a5c3a59A020
6345,0xD3D555Bb655AcBA9452bfC6D7cEa8cC7b3628C55
6346,0xD3b7De6E40957c38d63eD9a868De581576028549
6347,0xD3dAB1CBdC04D6042E8e01d412a7Dd0069a21832
6348,0xD3dEe23093335973ee48C80ccD44A973Af2911B1
6349,0xD3e7f47C60c0a0aA3BFF97835701BE44edF36345
6350,0xD4117b25724905907aC0Da4fb6231f9a123b0a38
6351,0xD41Bf4d3E78eD602185385eB50Ee7dBf09d77760
6352,0xD425333DD22B049f143522e519a06462c633F37a
6353,0xD464B2D3C5A4Aa5dD97CE943B527c2bb6DD86887
6354,0xD478551a87766385ddD7B605999c39B19348B9e8
6355,0xD490fB07E3502A2284afB996F944E71E5b7b244e
6356,0xD4966E2e0800f9fC7409830Fa46E7F3292dc980f
6357,0xD49f7D53d126B5101Da394D8b0F34af64777d121
6358,0xD4A1acB89b00c8706FE98485beCd8c33e8a774dC
6359,0xD4B014719C0B6F51b001E4891f3E89392EB3F586
6360,0xD4CA789F73d87aAF87d31b558ec7F1E159849Ed6
6361,0xD4Dcd2459BB78d7a645Aa7E196857D421b10D93F
6362,0xD4Ee2104aa4CeEb345d9358D60b402B3AB969bFc
6363,0xD4d00a14D2d3181DBEBEAF062933D150e9bAFB27
6364,0xD4e16e3b202c8CAA6dBc16a1cbF7B4d1c9228cEE
6365,0xD4e6fd78c21085d01DBd596d287360d746Acf4d8
6366,0xD52e81F4cD370D5A674DDda5F083BF14CD26a6C0
6367,0xD534C556A9edCfb7B6A9A8bc33eeAf747Bfd4666
6368,0xD5417E22F8D0eC913008acb9fad6F6A866C0AD29
6369,0xD541D81109D99f5Ba6A4291aF3478C1E476Eb97D
6370,0xD553D9b8670c9b9fbF2556d00a16aF3e4bE4ae46
6371,0xD558dA9E5DCcA1DE231AfbBf491a53550326fE73
6372,0xD57A7066301F1e3B648d11EC977FB42Cb0E0E620
6373,0xD58DCd4594087c2758717A59f44A5Ac09DB65105
6374,0xD5Adedb577509cAF35D2Dbd8d269ED457468B139
6375,0xD5C5A75Ef88542B3a460e9B8F417d2962809dE7C
6376,0xD5Ff21b759702b58485B8B3A0EBDdFEFb6556996
6377,0xD5c05410C79b06F3CCccD312a87E8feED06D7805
6378,0xD5c4777e2A2e952a83f4119407B7D9C9cEA0FF84
6379,0xD5c58B0D819be34b7b8Ff69E76e6A4b5fB912263
6380,0xD5c7A71108999ccc0750D5373C113AbA0b89A17d
6381,0xD5cD715ec311B215ed85D52d8235C31939FDB1eA
6382,0xD5f5871b855b11BCC7c9E514BB3dE4d4233D9204
6383,0xD610532Aac9eC6bfc04de4ea14f46a565CCB1460
6384,0xD619FEeA03E1b1B6C0db70dcEDB093068dD1062A
6385,0xD61d7e3464358DF90e228bF85cBebF69Af138d56
6386,0xD61da94786cA7443Abcd7688A202D41239fA4F02
6387,0xD6241E2a83044095aB2736528071dAB88C0cCD77
6388,0xD628c79A538452949D0eb0e6dfF6834b91055b4b
6389,0xD653598Bb7ed41D996Fb345d4275aca752D9E4ed
6390,0xD683B78e988BA4bdb9Fa0E2012C4C36B7cC96aaD
6391,0xD692476b97853F92923AEc07eda51Ff95339022a
6392,0xD692d2Eb5A743693fFF392aAC97cb7817d05a7fB
6393,0xD698abF7496bF982beC2688E0ADf85fB5Bf2ae4b
6394,0xD69eF183667f3a7d6395BF4326EFB84706dFfd73
6395,0xD6A68e5fb7B407F0FB2b4408a5F727CD11b8FDA6
6396,0xD6a9e0Fc5952F32007828Ea122cB4b422DBCFF8e
6397,0xD6b97C294530ed250B64f01f26FF4f28dD6436c1
6398,0xD6dA52Bd1a537F2C97938AA36891a65BD4370871
6399,0xD6dFF49b697e61D4585D4a1e6d15296617b2Ef34
6400,0xD711193C2068575BCfaDf3D51B98A0f573cC6492
6401,0xD71dB81bE94cbA42A39ad7171B36dB67b9B464c6
6402,0xD7358C6f4c805C98630e0e1f5739264FA18E6827
6403,0xD74443F25c310A880D2a1bdaCF075c4Ac5aC90A7
6404,0xD74456aBB45681953D0087aD5E20c1c08464835e
6405,0xD74B12a60Df20Fe9c70946eE3E263db321511b7f
6406,0xD760B4c86ff6AA0fB4faaBaD6cFb398cB0667714
6407,0xD77459D138F27A20Ff23e1132C48d6bdBd9D8Dea
6408,0xD77e0d097d8367EB73bE70669781f691bAE00A0F
6409,0xD7892339a019240e6fb4d15554CFd015E81023a6
6410,0xD7ADc2E8B5CE8e819B431B8fD9Cf54967867Cb1E
6411,0xD7CA8219C8AfA07b455Ab7e004FC5381B3727B1e
6412,0xD7Dd738A41a7c6A1C8FAdA3Ad9bC5aA181Ee2314
6413,0xD7E4D4434EA6493d52bbfB154C9836eaD4C81a1F
6414,0xD7a0732C09712379a7d7Ab888B91eeDA420B61EE
6415,0xD7b828a0a47097cDeF9869EF7CBDc237f3122151
6416,0xD7e5329C9D738120A48B810416AAceC932f67053
6417,0xD7efCbB86eFdD9E8dE014dafA5944AaE36E817e4
6418,0xD7faf316B3E103697FD6cC39a0fb0047a02F4a12
6419,0xD839fde0e2b28A19eB1fEf40E388143581fD8898
6420,0xD8424eE7cC2520F7Dae828f84f99F53Ac0Dd6734
6421,0xD872A8d898D093e341F65EA86C596499a25Ba32F
6422,0xD87D9775d383984C6C7A46cAf01E6C6Ae91De06c
6423,0xD887758a36bbf3c44ba3F1ffA0d8Ff8D536Cc129
6424,0xD8923C7Ec25e4985980e6f62C7d47423B7eD6CBA
6425,0xD896ef6cCE19ecB26C1E0d2dbb5dD46535194C18
6426,0xD8B1afa3d280043A73e64DFe3F725f9BE3fe3e18
6427,0xD8B280B46b25d689F283A044273d6104BE74301C
6428,0xD8E0016879Fe8904988315317e622E48176820B6
6429,0xD8Ee69652E4e4838f2531732a46d1f7F584F0b7f
6430,0xD8Fbb76d51fCb06d6d8Dc29d0d3D69D2A6F41b0C
6431,0xD8dE1E12dD49A2f43efA57C00d39Ba8FB0625761
6432,0xD8fc441BE56006d1d6d887C8D6f8f71CB3EfB6C8
6433,0xD9179964fCECE4043c93a0C9F9bE0669C073D536
6434,0xD92d1b4bdcCbF3c1f557FC7aa8b47E5D59c83105
6435,0xD94ac530a7F033F2C9B892839Ac84ccAD161D012
6436,0xD958e5BB3A52055F3616b2B42B6dfcB1bC8C9Fcd
6437,0xD960B987a8E241CF653f0300A9ea80d7f6Cc0B60
6438,0xD9825CDd92d14E28F11731974d065f09CBaba084
6439,0xD99a9673C9206bB57146E288922D2123DA445b03
6440,0xD9B99266C42d427Bb3A64f30a0242bbEb41F6830
6441,0xD9Dc13f3286C15eBa48ff55e9F39020A6B1A8591
6442,0xD9F4cC3f898B33E2cFE9dC28ce96D01EE2aFD75e
6443,0xD9F89E3B7f02e179346f74fe4b0C68Bf2F536913
6444,0xD9a5C5bdE6031f84422fBe53409804C403e1B1AF
6445,0xD9aB662c5569E421C05Cf1CeE3b4DC184924a235
6446,0xD9b49a81ee72aF3C026a2C144C9Ffd678A78C8b1
6447,0xD9d3dd56936F90ea4c7677F554dfEFD45eF6Df0F
6448,0xD9e2A3b80A30CB48eef4DCb4Aa8b583182a16b4B
6449,0xD9e5CfD188ff6082B3d541b4f5ff4a86727135dA
6450,0xD9f70D904465Ef174Cc52E9218906071976EB4aF
6451,0xDA020bDb38481448D32E6d266DF7EA51F16054b6
6452,0xDA0285Ff49800536a53CbeF7A7188dA10A656EFe
6453,0xDA202CedA31BC9A350db229f8226b0BcFC2ecC84
6454,0xDA2b48cf9A8B266c893Dc21880dC4b10160f1fc9
6455,0xDA31f8675b9418f04a1113015c852482eeE64740
6456,0xDA42936B0D2d4FC1aD6D60fecad5375aaf497c3c
6457,0xDA5b992B47B1D5f4e1819331bfEF7d22d288AEF2
6458,0xDA6500ffdd9f3FfD9CEDb57e88028568Bb770ea9
6459,0xDA6c59F7478f9d2A25fcDCba9d0F33db0C12daD4
6460,0xDA80a23F3857F9D6469C27aF6CcFD02478D2C6BE
6461,0xDA8aEc974c37369AE8C8898542f09BFE717dbB65
6462,0xDAf399BaAF8ABFA2f307c73Bf498437c4DA1109e
6463,0xDB0172F686fDf0394398DC0cCE05516dF03508cf
6464,0xDB097ad23576c71bf733cBD525Ec67abb23591E1
6465,0xDB4D54e9374bD1603bD615E097a31d1E64BDC1Bb
6466,0xDB5b4853ceaBf6D8e08D73FddFa80F507Ef9Fba4
6467,0xDB6AdB08cD839521ce471845D099b26E2d006894
6468,0xDB70EED3578f12929eae82e0f13E51CA01216789
6469,0xDB93c2dC568Ce876269d4A45FDf292BB53780403
6470,0xDB9953981B777c96Da11a2e66A33300484170BFa
6471,0xDBA5EBD9bb28b3BB2D0a93a929d45BC17269CbAe
6472,0xDBD440Aa02F05Ee4a9730d22474c4027446A8216
6473,0xDBeb49ae512e9496Be3e49157c8083041df6bb6d
6474,0xDC0Acd31A5Ee05e69d95478239F4DD2C1Ee6C94a
6475,0xDC0a760E2Df4765Bc45976a6Ec8c05cd611d7111
6476,0xDC5Ed93a209bB0F2E04F64E2f48a19F7241c5423
6477,0xDC95764e664AA9f3E090494989231BD2486F5de0
6478,0xDCB7943F8454A5742b2B881b6eCfc8C7D198F631
6479,0xDCf913B4079E280f2248387466819AFE8bB57E81
6480,0xDD04f596569B09BB967ab9f20cDc1b7bc7495afD
6481,0xDD11462EF8ACCdA1433f73c0bE34c6F5Fdb14741
6482,0xDD11d5db35F52110D6C6a03778e2F822B1f79a0e
6483,0xDD2316937D3Ff3C82F68D4C9D26992717fD3D3D0
6484,0xDD2EA1A3d03967eB8C0Df7EE2863b4e10782acB9
6485,0xDD6Fc573CF73701aa31834644E245d9fb5BF906d
6486,0xDD8A3bEe6470A44b6da44FBdABAEd3fEfd29De2A
6487,0xDD93C1fD271b1a5FC1038d02f97634CE2f1eC54f
6488,0xDDC5489dd46CCd36f8F157Ddca3f7D88a3E52Fe4
6489,0xDDe7C18eD75ec5Fad09599211AAbFdA011C8a1Eb
6490,0xDDf86597aFF5c826643BCed8eF0b84b10a2847aB
6491,0xDDf8dA887a1D5C07d05A948856b79DaB091efc78
6492,0xDE1FFe3925C95A26f8c8d8AC2B677Bd076B8E841
6493,0xDE48f52c7421d83b1bD0783d47E003F9D0420961
6494,0xDE4e78aCAA067E90A9BE621daC6469B6ec1e73A3
6495,0xDE6967619e2fb047083F614b8534AE0556c9e6D1
6496,0xDE8878aa52d2Eea1F8b83EDca567afEA71f970DB
6497,0xDE93c0a1EEe950B5a6aE120f8Bd05e37878EF2Bf
6498,0xDE9507c0acc8E4828b2999ABe5058c27dF940677
6499,0xDEb9553eed4a1E9896000071E50a19EC83301574
6500,0xDF150cA23BC42EC8FfcEF6677e39C3b30f9f3A20
6501,0xDF2BA6bf1D1A2347B28d2E5869C338aEBD8daE3b
6502,0xDF3653709D8d3C44C724F420590b19a48528B5F4
6503,0xDF7109Fd480d64eebFe586EC60c4e920E5535cAD
6504,0xDFE7772e8647CF105C15Da6319Efd64C8d4Fb12D
6505,0xDFfbAF49399c1145A5A3Be392b4DBA151a7dF569
6506,0xDa121F3463D6020d4e293FF4347BfC4670958328
6507,0xDa1657d0e137DEc3116E8569FA09d8b27fCC2975
6508,0xDa1Cb7ea9b5Ee288bcE3bB4cAC2B6642c5421411
6509,0xDa1D5F375A8FC1Bd69De3034463c6Cb2eEAcDdc9
6510,0xDa384F18b8A6e83D45afa4731424f1bD08317d10
6511,0xDa4F259498bA798942Ad73B8a1481720426859B3
6512,0xDa64BcE2139E8d9c6bc0bfbAc68A55Ef7C3b35aa
6513,0xDa8C40F0f8FCa66e1d79f8A5258d83c2017DbBB4
6514,0xDaB66144afbc73219E6C355793B937Fc35Ed5d9f
6515,0xDae842728d3E235e73978cF7EFC26fA271fB550e
6516,0xDb7b89053afFe87dE8cD31CA54b8024C8755aB16
6517,0xDb9B6022192405dae4f54522fEf255E68a0c6E8c
6518,0xDbB076778238123F2D2d6365A2c1493b6057B453
6519,0xDba3305692067a1Af6fACE1265d6eBa506b39335
6520,0xDc04D6CF9C2BE785F5620C353f0254933709ad52
6521,0xDc1E5E4b8adAcB60Dc1726A66885cb3343eb654d
6522,0xDc556Cb123DB4172FDB0DC8C95Bc0a7132B9487d
6523,0xDcd38bC4f5aEf76a1E1b12B1774410A6E175c44e
6524,0xDd011FC335Ce03eB7f7539C4782ED6b93A311F1E
6525,0xDd0A450cB06A4E0D25aC84b33C1B1f3786123c46
6526,0xDd0E53236E12d5EbCdcF5E5f96e2b1038B850632
6527,0xDd4C59d3289E09A7FD74623E6A6C4af7AfA67032
6528,0xDd6969C563F5FE77Df90034cF069f8C9d0849a6E
6529,0xDd72eAD6962dC5B278E2531B2695f8d662663924
6530,0xDd77a81910f4513524bdA1394A3dE2237E4288e1
6531,0xDd7Fa7502083f0afd3903EB2DBa1E9f572e15369
6532,0xDdb6f8C5cFeAdFe524805c62C8A1d535298C8435
6533,0xDde8DF9A7dC9f68bDAC815f493D1d731De911B5A
6534,0xDe0e14E314eC13caBC21272f9dD27dEc0C92B504
6535,0xDe1A6Ec525733559660333e51856D69Bd393a0b8
6536,0xDe8c60f99dbfc64C6428Fd0E9663772f534AFDa9
6537,0xDe929381C7b4127f2C72ACB64dB28aa6F60327FD
6538,0xDeAd1241f2Ee2A7950ad967993EfB72D62bf6822
6539,0xDea1781c9217355a402597EAC6c24FE8f90b52A2
6540,0xDec18eFB10AB7C17155662cbb6e4AD0223863a3A
6541,0xDf25A4EfcD7b6a14cf766dBB0301F40b3209cb7C
6542,0xDf2C6694aC7e71a1331FA684eceaEC0D135a6504
6543,0xDf40F89ae5414000dc30415F6E002e5809696eAE
6544,0xDf7213aBd8b930Adf74Af50dFBFa5e162C3D3950
6545,0xDf967a0847981506Cc0272f516961D9bF4121c00
6546,0xDf9a709C649634AE724D5A26634c1425a28930C3
6547,0xDfB4354d5024A29A8af99930e23458943f1C05C8
6548,0xDfC74E878D30CA0570f871cf3EA9000818aA250a
6549,0xDfE861f04462d4e48c875E2ecEB68f636B1349DF
6550,0xE012144d27A2781458b34073E1260738F4F77F89
6551,0xE013bB09E5E085E73656D2D77331437654A3Bb1F
6552,0xE0282b12108c71089d8b5d4FB262aBebbEaaed2b
6553,0xE02A8c937652BE5bEccCB0BE66Eb18F3E06D449A
6554,0xE0497D23C68118db8F1E8439864c6774DfE0E825
6555,0xE0526291Bfed1CCB1ef8C776Bc5E201BbBcCDB2a
6556,0xE064680ef1E8e6D978E6Dc74E73f66ffd5a7513a
6557,0xE08833CEc320855e1a0e21Fb9310b03E653461B2
6558,0xE08Ce97b21d4d92871C00315Fe9A984e879D7CbE
6559,0xE0916E45a76335FC0aF92861528479b56F6DF6e4
6560,0xE0Ee9176Bc06c7338228Dc92C4d2364092C5AAdB
6561,0xE0aBA8291C1A83B2310d2D3036eA64f907CC7eA3
6562,0xE0c8CFA385F178971081D1E1ae99d5ba3824F2ce
6563,0xE0f61822B45bb03cdC581283287941517810D7bA
6564,0xE0fcD728FecA04F2ac5a9b43DA124F5418f917dA
6565,0xE1018480B5cf40D5dE7756a70aabC912a302490A
6566,0xE1041552CA1F4DCD8b01e9018513F90986Fb452f
6567,0xE11157670e1d84F7cB55f896C10e4438C7bd2B4F
6568,0xE11226c30E821DB2835868fC13BDE226Db09F35a
6569,0xE12ebB51F6A712BC323f7Fe1ED36C9cDAcb47d15
6570,0xE148340c4239C9c9909512cc49bFDC77076cC3d7
6571,0xE18FBa5428DBEE33CE66C89721E22101b27b730C
6572,0xE1B5b9F27A5d61c8102FCF04c676cAc0edb2Eb75
6573,0xE1a5B54ef4F55373A588088277a7EFe3e242D724
6574,0xE1d5026b22A499294aF54beE0E81422f499E3f9e
6575,0xE1eB9cF168DB37c31B4bDf73511Bf44E2B8027Ef
6576,0xE2005c0fd8Adc44a2E612f7F6503bf08824e0687
6577,0xE20eEb7BAB6fb25765bc06da552854f85031E8A1
6578,0xE213b1388171cc1216D5E25BE247aAe36306772C
6579,0xE236C772Efb7e6eF151Ae30af17cC266B7AFfbe8
6580,0xE2378b2D4f4C60f655b47f95D6a6D19a2bE28621
6581,0xE242e8ab736F9f0559aC33593028612299490C9c
6582,0xE24F7879292CFE9628c7D8b548c46764E6fCF5Cc
6583,0xE2551E8cab4b905a3Ec291ED59D1abe66b001D0e
6584,0xE258CFdA93e8bD42B95fd91f09F73f44C18B9A44
6585,0xE27458a9fB505D4D6aB5Df2F632535bd50ee5C8f
6586,0xE29A584389E602f41C2dd3256B1A755554C0C875
6587,0xE2B6Af5a8Ee876597a8E7B0a720824d5e2b85E41
6588,0xE2a4E3cC23Fa48847dab8DdfaDD270d347A81930
6589,0xE2bBa0D2401229fd7e5d7c136B581920094B7e99
6590,0xE2ca82f662fD7eAdEC92541af83456BaE88dc166
6591,0xE2d36cd8BEcBF532341eCDa425dF95227c98645b
6592,0xE2dAD712978D8fCfb371aA6c2d1aB5B51Ef540ae
6593,0xE2eb8E1aEAfF59C844c22044f9fA232425A9cBF6
6594,0xE3053cDe2124eAA6103DddE8E5c6BD36c66F716E
6595,0xE32F576578F9aea942226B6A280fbCe93da45638
6596,0xE33C53e0EdF10AF170747DA00C9969847D201F1C
6597,0xE34C7a336b94bd4Eb52693c4E450c46Ecb5d9970
6598,0xE359FeC2f4FAe44861aca64ECc42F462f33bA0Dd
6599,0xE3666187c7Fbd30ea514a00747f27BeF2Df27d69
6600,0xE37dC5b78447162A4215e5fFcc9e76AE082F30F9
6601,0xE3852d5d8dD296961eE27001d12291FB23A4F745
6602,0xE38d71A28d964e302b20a10F3E36e7D263404AF7
6603,0xE391534406F96dDAcc1A53899a97D5493c959E92
6604,0xE3A9223C21d2B8fA0809070E0c0e885852e426F9
6605,0xE3D0A22ddF8B4Eb3DCCF6a84DaBCC27edE9aeC36
6606,0xE3E5a2d98EF81224148Cdd8566f6cC54280799C5
6607,0xE3F9575a53193FE75F2F009a7Ac95322EF366Dbc
6608,0xE3a73bbb30E028355990503726b1fe037ed4A2D7
6609,0xE3d9988F676457123C5fD01297605efdD0Cba1ae
6610,0xE3e202b2CAC2B3eC41219C69fE0D2352b19cef69
6611,0xE3f892174190b3F0Fa502Eb84c8208c7c0998c50
6612,0xE402cd7984a38758C3abB8665F80450C4A776c63
6613,0xE40AfC776C18d8925199dCCe78D0B06C9222b896
6614,0xE410947f9f865b7CD9ae828099053E85d203A10B
6615,0xE419581cb7923f1dB4cae280d88be417EE202E83
6616,0xE41fe24b345eAafa9e7C9C53f1DA48525B102657
6617,0xE427F1CbDaC3D71094A1e44399D7910A4A01B270
6618,0xE42D15539D9f0a5aDAB3869369992439ccDE39CC
6619,0xE441AbC7F5091a22aB3A1436E2af3C6CBFd3d616
6620,0xE44537532eA2A3c61bA00a47B53396f8A3FD8a73
6621,0xE45161919d740966E76dac4995C76A93bc798117
6622,0xE462CcdB4aA779490d1573a72C5FeeD18E62BAe9
6623,0xE46EAFAfB60Af2EEa3a59768106A9342aeC59Ec3
6624,0xE470ff004d54Afa823934f1ebfdFe55593C91cd5
6625,0xE4932a906ef9A0daA7dF5A53F6b3329f31264c1A
6626,0xE49D8899F59952410D0EE85e2C35263BCda28055
6627,0xE4Bf41CfC43dc5361D3eC6219FcB10b6A283b40d
6628,0xE4Dc6949ce82dE621424AC4405CFaCF8563a56A8
6629,0xE4ffd90CC4882BAa630d83CFF9dfA18084A03505
6630,0xE508A6Ae42D3Cc97a86dCE748e496E300360702a
6631,0xE51B90E455D56A58Bdd290b6b89B4AE1C9f4170c
6632,0xE5277492d6A6f83013cf271aD6488F0958668F94
6633,0xE532C6147826FDad39d2b88983e579c0d6d045A0
6634,0xE539b07313d8C56c7b1328B8E95FD34CDF9AB0c2
6635,0xE53D3f2B99FE0Ed6C05977bC0547127836f0D78d
6636,0xE55D7443f3ABA12c63f4adba194E473CD9aa95F8
6637,0xE55c09b7b20B161dA44E677dA2991A161e23Cc1e
6638,0xE561a3Fcb4CC4951BEcc86E160Affd842b6B4f15
6639,0xE564b70Db7b17c86C50e65Bb4363326D677454dc
6640,0xE56BfA7ec2bc3b63349a09E8D6BBecf1b41564Ce
6641,0xE580BB105B069b7B0e05a966195e48955B71eEC5
6642,0xE58C5E457467850BfEdE939C6069DA94B64046D9
6643,0xE58D06e4475456FbC69b81afdFF2F18f6A5d1c31
6644,0xE5D07D56d5Fb47b928275dB6e9Aa5435ab33B9cf
6645,0xE5E058f75Ea95316831bAb969734c32C93977B61
6646,0xE5d9102Eb848f7BD5FAf30a76b19892e566E109C
6647,0xE5e256b21523d99B57cD75760a58622606bfc08b
6648,0xE62a90D472c30348D0375dfBD6a865740615c31D
6649,0xE65Bc9d90619e0F98Fdb6BDa851Aaa19e054355a
6650,0xE65F3930aA2CC8711eF0d8c2244978a7F4a66C6A
6651,0xE66C21632e5FE9884b43c9B2573a61373A7264d9
6652,0xE690E8fC2CfEb2934aa97d907EA4B003adF06987
6653,0xE6924b2514480b25Bf10aDBa5d946c16D21630b4
6654,0xE69Cc05C77BEc80055E8DFd14f0d6B1e5c8657fd
6655,0xE6A2C21fB54de06b619C0f69381ae496d7A3FdD4
6656,0xE6B834b82f7C7A40B53Cd9205e46F0Ed046135D3
6657,0xE6Bd60deaB7DA9342c436f814357B31d9F38bA28
6658,0xE6C8b098ad8d992991e391689A60DFF3C86062d6
6659,0xE6E525F01D76dd8f51C06463dc72F4a81D54A1b8
6660,0xE6ad93F208c15BB8Fb0d44F4F84690E9fECF5362
6661,0xE6fbCa0dd3d6520aE1c6695BAD6Db4eCB44822D9
6662,0xE708595854Dc1A48B98a129db4cA82bC4D7307bC
6663,0xE70C89EcE8819C2a91FF23b3b3ef958ee44f9756
6664,0xE729E82C62bA98Ee226DbF680803CFB4189DBE30
6665,0xE7341969114021ed8738AB89c620f67115C6DbbF
6666,0xE7372F801ddE453AEAFE0cF1Ba31F3f145d0338e
6667,0xE7380b7BE1ed475dE78b07033A8ef4DfB10205a5
6668,0xE7611b62497c41340F4bC3fe9BfedAeF2f36b19A
6669,0xE7622Dbdde02Ba7B4833EF0919A624DD38694D47
6670,0xE767023724A0c9829aC11EFeaA9f83D1Ab79525f
6671,0xE76e4f81C31Ce8F595c41c05eb906bf686afC4e3
6672,0xE7768CaFc2e492fBe06a0349b630962e9532F129
6673,0xE786b882a65A5E28D804BB59AF242415Da685a69
6674,0xE7870A36503e06a05cE59513ed584841F0F1AAb0
6675,0xE7A69BD8Dfce8ef8035273442d92632c2E25146E
6676,0xE7B52ab2499072cf758CA45a0d7Fd30f579EB061
6677,0xE7D4d4Ae5a8B90027b93C5131711f9E5650d484b
6678,0xE7e16dcE2b673b578d0bec89e25d80ed44Ddd8Cf
6679,0xE7e5158E4675055B0d282413BBc01012d56C8518
6680,0xE7f56471Cc03a781c141b89297F7a7eE6bFBBE29
6681,0xE7fB22DFEf11920312e4989a3A2b81e2eBf05986
6682,0xE80FC2700ec6faF5f0347a2E7E7798FAf548e1c3
6683,0xE84122C644cf96ED5da48DE9eFEd81A44d03E53D
6684,0xE84A54d8B18B88AB0Eb3106F70D2408F425d174E
6685,0xE85C5c4f5B21Da0279175Ab9da77047246F1a880
6686,0xE868B8C09fD2c8c3F74D54f34f7325aB1c94c71F
6687,0xE8693D8616961525acFa1B631907483dF70c20bb
6688,0xE8812eC6038Bf0966FD79b1BB68B14E57e46FaFb
6689,0xE89bD48a519706E599e6C3e8Fa41b89Ef13e3979
6690,0xE8A040Af47550Deae8655d96e4aA9b0B6afe6247
6691,0xE8CAF24F93F00556A6144D12248a59dDD94f46Ca
6692,0xE8Dc8dE2aD08c1D77a00eDC831a18A98B5bE262b
6693,0xE8b493f4dffF5eb2eA31A92B36f6F6FEa71A08EF
6694,0xE8d8B73CCC85dEd891ad41893Ebbb0d684350E04
6695,0xE8fEcEBac598ADa02f93Ccd8A25cff79835efE43
6696,0xE905ad6275A051d8eF8A7CAb00D25E9664937312
6697,0xE90934085ed3a9BEBCD8b3691a4290f20767e211
6698,0xE90f91EEd290d4071BE9a223e35dc1EaF6E4EBC9
6699,0xE9212B2Bcd02e3DB898378DaC8C02D1528214037
6700,0xE922399AaF629DEA63987F2157b0cA7C44f4De90
6701,0xE945BfDE6344f64062B43B1C2856C5Fa5D58600E
6702,0xE962dA5A5704cbA4f0529c0Ce98a27b4Dd291bEe
6703,0xE968a888792b3c6ca4242a87445e2518F88F2e02
6704,0xE97178f627268f4cEaD069237dB9f50F66d17d97
6705,0xE980b065C3Cf6040B5Fc77a5d834954c60aF64C0
6706,0xE995877f52b889C05079BAe98e2682b79C748ea1
6707,0xE9C7d3f444E1348225815a4cE0F50501C8e10F43
6708,0xE9CcF3fd7043D94a3aB98808EbE3074dBF350Ef4
6709,0xE9D06e0fFd77a5D866627829841161EBB319eb0E
6710,0xE9acF4da1D412E49e6c171CfC34838fCB1066eaD
6711,0xE9c151875C7F5f623ad5486e967cCeAD9CB8DAa1
6712,0xE9ecBb281297D9BD50CF166ab1280312F9fA9e7C
6713,0xEA0f3e4990E8425Ff7E8F22B12AeE78fcc8c5DFC
6714,0xEA1Ea22b5b1252FF05bC3DfA630381e72B87f002
6715,0xEA5032c9721A609210a3B9D03D8a4e14E3C6CdbD
6716,0xEA70162F2880fDcBe5e010fBe36F1c9Cfe499004
6717,0xEA8124ff029Bb6EF9B71c35eBb6Fdd2bFBEEb4cD
6718,0xEA8A2D0d39D2Ae64b0e7E08d4B577DAa40a32043
6719,0xEA9192c839293b3F798cfE03d7DFE3FfeB10783E
6720,0xEA9493c12b1edbAcD8Eb06Fc502Cc56354979AdA
6721,0xEAA03A472fF3e8aF08ecDa5812dC36Eabc86CE71
6722,0xEAb9B86e8cC23e316568F8dcB499a1e9232BB403
6723,0xEB4b6b77aa957aD9d1c7D7175538800411d4dD01
6724,0xEB8F774A0E2d4f86f58eA69f4060B717300677a2
6725,0xEB991278e3074C6810e7edBF0e29EE29Ed36D9F2
6726,0xEBe89192Ca246Ab7442640f92CAB58141d286E27
6727,0xEC3A76F8252730f7D880131B984934d8af063AE5
6728,0xEC3a10214b80a79B89092EaFb7b2B32ab84bB3aE
6729,0xEC4A395dC573c51B0946577fA2feCAd8687AB527
6730,0xEC54AD4ae61346deefdA0cb02eb80265809e5Af3
6731,0xEC61E92bAf618829a8b23a0Fe89218dc0B5f2F69
6732,0xEC65c5F0aF49d83DC8b20efD96061e125AD355C9
6733,0xEC734bb679B136d38c4348CB7aCafEa5EA749718
6734,0xEC7D7D930b54979b08d5BBceed51a9D238f8f995
6735,0xECA377328961b6859a47C8A4eAE09d364413dDf2
6736,0xECE2F544020dfd791e46243CA325682B5E162899
6737,0xECeC63d08056F157350b2E28BA17D2F5C2a1d5Fd
6738,0xED32F2de7e3159F3a0fe14c13Ad7fEfBBC0D1572
6739,0xED4bD7b218B51e4Ce010844F5b6C891384BE8902
6740,0xED5847639328EDd38E7CE934442FF4eE8e714f7C
6741,0xEDCc688CB8cbB0b3Fea0Dc413a9605a8C46fa9e4
6742,0xEDF7b675a2fE3c27efb263fb4c204A3f0fb17D46
6743,0xEE3af74CfCeA3c9B0D4ff5c8CDD4d40F9B68D510
6744,0xEE4f718b24F8d6dE98e6efb5E361c041856e34bE
6745,0xEE7cb13cAb0FB7bDBb454eaf0aAE2E459f3A0E50
6746,0xEE936015E121AbABeCFEEC994D0B9AF29b6f794C
6747,0xEE979EcdbD2C390Cf4903226631eE5fE0c4566cd
6748,0xEEad3E6Ac0F1175731a38FBe2726F9dAb6C769AE
6749,0xEEb9e1774911e2b77e342Ef6De02945B7a3c829B
6750,0xEF1Bd5a2969b4C3c8FEbf83A9805541059480EaE
6751,0xEF2cBEdBf7147b1ca3dF48395EA12BE99713e4C7
6752,0xEF5A9672a500BD8e29cc1dbF13e371437e218df3
6753,0xEF8aD98bf43063EBe669576B08e1A05519e302f7
6754,0xEF91328C1E1a8d7b5BE7f5767b8A759BA8D6354C
6755,0xEFA05e7e60eFC9aDaFE7CaCd41163DB9be8FEbeB
6756,0xEFf34F976FC8266601235dA6B0A70158C8149fd4
6757,0xEa315378e5A618562f89bCAae30875bB0570b081
6758,0xEa678cEdebe94F91f0Cf90078CAe3276E45DE4D0
6759,0xEaB8c38eDf8295E70cBc97c51B3f78a3c3d3655A
6760,0xEaC03Ab059b522886A6F273BD96b26bD86a0b4a2
6761,0xEaE259C63CC882B68640aDE49E8ae15f9b606f93
6762,0xEb14BB8f32C754EB64327228fA7454BE1a2adb5F
6763,0xEb36030CC1560071Af7CFeF5712548863D10cAaf
6764,0xEb6962e55299bF914830f80899F68361C0a85C4f
6765,0xEb87C921B6ad33892e832382D955c0025C71eaCe
6766,0xEbC7d63737B8ce8A292B2E06990Ff5C56886eAf5
6767,0xEbCEB663346ad9dE936c58190Ef8689945AeBB1d
6768,0xEbD07b81F08c7e8856fB37E11C57aD95992Deff3
6769,0xEbE6764B76648789926ed7929499a82E4EF1CF8b
6770,0xEbE8416999e7095Af04f6df883d52ECCf915721a
6771,0xEbE8c2A4769383Ce043c88B4e9E18AD058dc148a
6772,0xEbb9d3358d403FA90c09a7cE2306086E0a67b7ec
6773,0xEbdF60ab9F546f98bd8B706b899A1971c8928706
6774,0xEbfaD8476C07d4920189214be77CE1483CBC6783
6775,0xEc0036799FDBD5Cb37fb62fE62Fd5483D9080da5
6776,0xEc39bB436366d3662A85DBD80Ac3c690cFd93B18
6777,0xEc55B48F91114c5b1DD297f8325cB730B416d144
6778,0xEc59b490227B5973F9782A7edA12Eb34A0a91296
6779,0xEc59d9a4CFf97CEE6017FBBb9A40237a6b8630C7
6780,0xEc92F845C385503327DEb7F52F03B9af66A466ef
6781,0xEcD9A1521ade8fBb8AaE45095795526ce6047F23
6782,0xEcbBEBeB4FBEf7021D5b60F80BEeCA74D229Ed46
6783,0xEd062348729C1Ea466512E80CBAc6281783CbeF8
6784,0xEd269A56Ca3BB124694A7681d28830b41110e841
6785,0xEd4E89F1930F5d6717a4178686E162526a59B07b
6786,0xEd96dba64a05deA344bB11F8c63D1f308c0C1f90
6787,0xEd9cA75f828747FE3da57f05b89665df6B1B54Fe
6788,0xEdB77f0FFD272a2480d0BF2Dbf8C6eA7AF0D17D3
6789,0xEdC5962A705a09D1445E1385aFC8c15bDe792Cd6
6790,0xEdc63f732D61Df2556fD3aE84F911a84Ac64B4BA
6791,0xEdd843cC4b5d87D1C99d56E7e4e0A92BE3666227
6792,0xEdffd80eFcf4d277f19134F81de38ee09D56AeA3
6793,0xEe1c042e70afCAD52C6319EEA63fb56753232DA0
6794,0xEe37521EB349Ac2943A747cA0939CC6e1dCB92Dd
6795,0xEe56Ace725f84F6F5f833BD81563D38cF03c5826
6796,0xEea24861C278bD0E17017365Ee6A873F0bde18fB
6797,0xEeab1e74C85f0D98B7968E82dfC0821FCb0E5D6D
6798,0xEeff6fd32DeaFe1a9d3258A51c7F952F9FF0B2Ce
6799,0xEf00a765D2D463E295284606781C0b9C1e920b80
6800,0xEf14759f691Ecba71C201566B3e1c837dc40aB15
6801,0xEf3375B491CFf653eAf7C9955a5466f7EA06F37B
6802,0xEf39451Ea17e9A8323014Bd865c6c82b6aEf94D1
6803,0xEf771daD76b0e4cdc8A6A014A87C6Ec3cDE8047E
6804,0xEf9BE1aCe449eb63622B5c2bD4Ee7AF3B09Dcc60
6805,0xF03aC4A674Bb2c2814DE49ab70667d1004E5710F
6806,0xF047d134e1cB207cb2DcD6b5Cb5e1E4ECE05D497
6807,0xF058ff3F1e128be984060FB8e8eeb9437658B5A0
6808,0xF05ba9d0c489851747b21344dAFa035B87999D14
6809,0xF06aC4CE885e3846cb5997b9d20Da477cf4cff6e
6810,0xF07070AD1238D81Da6010886F964893e57b1B30b
6811,0xF07A087C1322532852d84b08a5f44cc6ec7437A1
6812,0xF07D811Ef1EB2645a6CacCf731F3c64947F691f7
6813,0xF0A0CB95451982C8B81b1aFAc355D40a7DB9c7F5
6814,0xF0B157D53CC94994fFf2411d6C20ce5a8BCa8Ce9
6815,0xF0Bca3d8E4705a9B1Be1d86C501Df46384b808C8
6816,0xF0E166f4745cC367245072E736Fc92C4923530D2
6817,0xF0c6e7Ac53Ed039D51cF88522A711b9c2ba47127
6818,0xF0f21ab2012731542731df194cfF6c77d29cB31A
6819,0xF0f6ae0BA4C4B8655602C247590e78D351b16928
6820,0xF1122794Af130F50bCCdB63c161523542AaA7D20
6821,0xF114524f51E03D24Dd0bB06AeAbC71C73CC35a0b
6822,0xF1155072e2000F91f8928ee9C83e30502B01e6BE
6823,0xF139Fe6c3de6F7eFb645A38A85C3040E726076a3
6824,0xF13b546Cb6d3a1a6Cacd22B2EfFa646151D66195
6825,0xF14cd747F5A39e4a530A5D9B337a7E248a4b1525
6826,0xF160dBc770EFafFd1872dc913960ce15ABFb2cE3
6827,0xF173D09573fC76D63d7A87f35c68c8148Ea4d2f1
6828,0xF1796a8982D1baccFa290511085088e8caB626bF
6829,0xF17A8b8D92C35c2fbB152CA0b2B7cC7Bc3A981B3
6830,0xF1926978D7805Dc9Bc266eb9eD5A4b98D4D074c0
6831,0xF19928E19Fc4133217eda40c84Ce24616A88c845
6832,0xF19A10F9e11c886A8F1edf0C851C2a2157C74b9f
6833,0xF1A0c1723b4791638382F479C16222De4201f9c2
6834,0xF1A5DFd2405Eb4CdC73A41a7e7D41078eb9Fc9B8
6835,0xF1Bec998e18020Cea9845911FD77d6c8952EEF94
6836,0xF1CB45b1956032b44a220fA2Bb8e92b4b17fEacF
6837,0xF1E4586D6d12E8B2493bBA94a00BE0507FCDC5fA
6838,0xF1c32A98b7d338dea711B0da0e155Cab3CaEc530
6839,0xF1c9845Fc4a852502E3AA07Dd75b22223Cafbd1A
6840,0xF1e43Ede41881FDfB7868AB506236DBd6ec63329
6841,0xF1fBE43c306EED62AB4A2385d7e87C1E08cF7159
6842,0xF22302bdB7b295dF86acBf2F348508481B18b66C
6843,0xF22cD5E1e2216b306ee07C7F59990E5B3A576EaB
6844,0xF24088839b6563bc601004460764798803F8aBAA
6845,0xF24eA6aDb290e4A3f5d0C5dA53d328e78dff2789
6846,0xF253f56F5b8118E9D28CC8dDA7316761f4a85fc4
6847,0xF25B386D342aE5b9E8cE5Be8D827203bA9321A65
6848,0xF25DFA49AbCc51109cAaFE9dabdA8d109804bd35
6849,0xF26DE56C2a18B84d3Cc739c9398f903c4bFa8459
6850,0xF2764e3816E12C85a35B385E115844527887c8B4
6851,0xF288d18D3650EEaca4752E83B0Fd8F224226FD22
6852,0xF28F8b65459FaEdf9864856563699fbBA3139835
6853,0xF297cccAd5cEd88330D6bEF9eEc0598ee1eda505
6854,0xF2A9a3F59b5327bE4FeaC80E6668E53baC3Bb7f9
6855,0xF2B0312f21dBe54dAb2eF2A46E03998768914df7
6856,0xF2Df969F59B2c86E4B230dA88918cDEbCfc4cCBC
6857,0xF2ED5149D095D6C439dBe9E574f1D4eE9199BbCA
6858,0xF2e6A2562E4Ac26886AadE72cF0B26118cFEF9d7
6859,0xF3147B8c7f111C21251D23963150b5ddA3e9d338
6860,0xF317A7a25B64d810EAcf6A55DDE705F5845C95F8
6861,0xF31d27185fFFC26AF58723998c5759a1fc662C7a
6862,0xF33808e60fAA5F19784734B445dd75cA8D196615
6863,0xF35c5DaC44a2d96A5c6A2f7ad642D9a5de852df8
6864,0xF39151eaE41D289eEa2EE7A0f522BdB27fFE2D9a
6865,0xF3F49Dd68586335EE3b01A86368043508c962C2a
6866,0xF3bF442345450763D3eC1045B66D27419234B15c
6867,0xF3bc2215cCEd93Fa0EeE6e360980288B1e668462
6868,0xF3e26113439aae88A2c64b1F1980B1C6268Ba7ef
6869,0xF40B3d16AE26262db9B19e0Ec80d8a490c40Bdcb
6870,0xF41093002633e18De41Baf0f183aF1eF05fadf55
6871,0xF412a9449D209FeFE8787Cc9bB32b9b240A8B384
6872,0xF41f5e0a3C756502C13A002AC0522253A2811b74
6873,0xF4204eb568f6B9B1f7822b9b6CD0bD8200fF3cd8
6874,0xF422A20AbCa1b821930F1892D7E07E70C73709e4
6875,0xF440f5aFaBE6A7739eEd741d133eaD8a3B8f159D
6876,0xF44E8E6ECf145cEfc2a202403D8daE76Dd09bC39
6877,0xF450707A6a89Bb135556f8bA289D77B8C6EBD994
6878,0xF4621dbFe737EC987d65CcBB70074C2502211d90
6879,0xF469eDf62477A96e2F34f1073368c1438af3EBA8
6880,0xF48455A123c09c59db5c5d2F65591b6F1ae9443f
6881,0xF4AF456D820ce6C01a967b3F603cAb9f683b985e
6882,0xF4C54d5810cbf2810bEed0Df3e82Ff798bf24cDb
6883,0xF4dF3e9a55d41a3DAE2ECC6BeF25B3f2CDFD39C0
6884,0xF4fc98456a25d7A30c3Ba2db028ee9273c948642
6885,0xF504d972EF8a3FB7c4e6045a409f00f09f6b3eC9
6886,0xF509AD97616B7b32182410045c0DcFacb9E07CC5
6887,0xF50F1f8635823Ac38A3f36af4478fFa8a2810424
6888,0xF53EFc8469285437acB24A650463A5aFb50DD800
6889,0xF542cc19DB89BBc0Ab8F856492C69b38575a2807
6890,0xF54ee3Ac5F372BfA07252e3a6FF5D9bA79b7374b
6891,0xF555eA7a85C2Cf13DB640148e2d4c8a8027e8eF4
6892,0xF561eEAa7F195518cb92F1bF9305D6B7d2e21EE3
6893,0xF56a55DbB0307DfcE2d584c91620cC0Bf81451A5
6894,0xF57E49BC3Fe99D3e430dBf0992c31381B26Dea09
6895,0xF580D73a3a1Dda319adB1f5efc603E44cBCCd730
6896,0xF58A512988838e2F756E883318EBDf986F70C0bD
6897,0xF59863501eCfA5AA0529914950eC89D06250E988
6898,0xF5Bb5d964Fbe776CA4c519f30F46c423FF76a75c
6899,0xF5Ec8BcEb5E2bA959b0A655d7517FA6E555A211c
6900,0xF5F59c946e7aC21Eed79E397739165DCcf1b7031
6901,0xF5bF3B7B7D03EfD34BA1E1BcF1694080975d8A1c
6902,0xF5ba6257aAa0f1D8fE8181B41ff56066b4286690
6903,0xF5ec8189e583DF6f059539f6b808c5231e100D2F
6904,0xF60025A7F7EE5b69adb776E2302dB2112E4EFAbC
6905,0xF63246f4dF508EBa748DF25DAA8bd96816a668Ba
6906,0xF633ef534838EACbDA45AC85A565B31933bA8C39
6907,0xF641a922F50E4ba040c097D1799e9412cafE6851
6908,0xF65B72d32245b45070030558A0D77049Cd70F799
6909,0xF65Ce7833DaCABd7E5C264421fE1F0521E98c0F0
6910,0xF66Dc65c7209208734458Ab2d2823dC5767D5a38
6911,0xF68E4913bc2f1a07aE7Fe03e9A08CDAE48b0d66b
6912,0xF69BF1932E0782E11b6286CE8F711CA98eF56Ce8
6913,0xF6BE5b79F2c702506dfb6F304974D25571E4a6aa
6914,0xF6E1b073e0a0F2E1841E4f7C78245B61EBd5D633
6915,0xF6E5F9Bc3F7D586A83416524dC457Fb974fB740b
6916,0xF6aDea2d56fFB8f7ffE3042c01ca3B356219B50d
6917,0xF6d74D44917f9eDCba177C42F5C3F761503db52F
6918,0xF6d90FD5d75713A3498942e614Ba91025F3785db
6919,0xF6e24c66824Dcabf34585818DF8021a23A8e81A6
6920,0xF704652818bEC6578eC353D899e3eC64C6A6FE62
6921,0xF7203478bd2990a17C22bD9B5048d5A447a35277
6922,0xF72AA846eCF3E9e8f6fB208A5bc9675759099A9a
6923,0xF74E1E333888a41A9D679e0c966BD8D8B762e6C8
6924,0xF75093c36290188bE922E861f1F5aDe21AaFCD1B
6925,0xF753fAb779741Bb15a2D7CcA7fDAA55B4884A987
6926,0xF7684ff3456D2942330A882061c13DeE7558CcCf
6927,0xF7685BDb90E4C6Ba90bC1F0004Cc1c6BCaa79149
6928,0xF77c8DBeaFeFF7c2F6bfC9A06C98b0c30a30aA3c
6929,0xF787A21c19a8BC4d4a72485f57759AA215Cf9C61
6930,0xF78a149be085ff02bC5De35578D52055a47A619E
6931,0xF7915dE42680024Afe33DDbD83EFEA194aF56A2F
6932,0xF7A5562d5206C8Ca401aEdD6c3CFF05E6776BEdD
6933,0xF7B108b75791c11Cb56B6938d9EFc8F293fF4D9e
6934,0xF7B18e107eb36797f4cE36dE756630B9C30969ad
6935,0xF7B8aC76D1ef21Bd0c27a0Af9e11E7271c9fa818
6936,0xF7C70FD0F45e70eE7D2aA70503fD3b58c0DC4E76
6937,0xF7C8b97A2f8E6DF7E0126e6fa953E257B7De9dc2
6938,0xF7Cd24dC0D02468CDeabB4BEB82A37ec8787edf8
6939,0xF7Eb6BF5F7d356a27e3065a249B5c5C8a1117e4A
6940,0xF7f27e46778F1f323D1CFd3AF62Bd1b74a1C82B9
6941,0xF80085D646FAfbd93b28936c04e36d6a04fe77d5
6942,0xF80960072b76804d4e0C12bebE784E6Bf95883b9
6943,0xF8210EE33B710AC8B05E3cB9Ca6Eee22851a5Ab7
6944,0xF8218F01E971294E7F8EC3756AeDC5ee71f0E85B
6945,0xF824552ba4EA33d4794791337F0F4524b4a7dC4B
6946,0xF82B21502ab1ba7C324547CbCD94F8ad8bD0fD19
6947,0xF82D24a9B9AD12B341422203d7661A19Eb8eE8d5
6948,0xF830796F031fDc21dc8ba5E5C6cf572Aa1760904
6949,0xF8570962075eFFA32dEeEe7D37c0e1009f536e9E
6950,0xF85F5637B21DFa62293a77C956e17d299199BAA4
6951,0xF869842bDc723204a63547C1d293722E0F633CbF
6952,0xF874ff2641569D60fb1383dA3E1b41fed5A5f313
6953,0xF886E73730e554fD13cB40BeA84f9DE7cd52cb68
6954,0xF894715DAE02a4D01E6E7e683A20F4F06f0CC397
6955,0xF898752F3a6fb3c5269D4C0A4b1d30158034aC75
6956,0xF8C60e57aea58de5Eb4F2e51013D7E09F016a473
6957,0xF8F016ab5bF36F5D107749d413573654e7A5EbE9
6958,0xF8FE281a44dEF550c620882364E4A00F2EA80218
6959,0xF8c9CF133252a1a0B2c4B527381eaa94eAEf62a6
6960,0xF9107317B0fF77eD5b7ADea15e50514A3564002B
6961,0xF910F1e0ec6C78fe8F65b495a024Dc7175574F01
6962,0xF946d2068A549B3225cf188339010a8383DEA5f1
6963,0xF963837cF127d561c8e0c4691ebd5C2E4828c5eE
6964,0xF97f172B4b6807c2F64e7d74B2B2fE989363ACE0
6965,0xF99917Eb97b5551F0Ce23466B6F00E5FadcdF97D
6966,0xF9A6C036DD8A36296731A945957d955405653Fb8
6967,0xF9DBaD5700C4BBa0b411FC0b97000bC8Ac379f40
6968,0xF9E41adeB3F80501f3983d3A9C07CB79838c1ff2
6969,0xF9F02eb35cc9F22A69DAA26bE2B1A57e3Ab4bD53
6970,0xF9FEea3004D3a24A82c78099c3664424b50eBC62
6971,0xF9c87c504FCFD9Bb40B5C7087aE157D23509B0CD
6972,0xFA3e9548920F3D3A564f4CbB80a40F4EF3d8578e
6973,0xFACADE560C19aA1927ae4EdEe886a2e7CA424B36
6974,0xFAD278D133D6E341d6ABcC16B7827964A4eAbEA7
6975,0xFAa6fE7f8D50A4Ea4641bbfBe115D8Cb92515818
6976,0xFAcf8C3BD0c1F3a056A4BEA91C82ca8A28DAceBA
6977,0xFB722f20880c85051A04891469DA4722Fb14Ca5E
6978,0xFB897dAb7Bb8c0B589d932B4679448940B909a73
6979,0xFBA22623A465d0Cf942e86a17B871d153Af6461C
6980,0xFBC8201920500f66Aac8AAf724EAAB694116E81C
6981,0xFBD31fCcf63831f1485eb1af286d51340CB426D2
6982,0xFBb6f121566fBAa25E5e1f5890F3b3a4D719Edd6
6983,0xFBbdB9a62d858451ED12B2E7453089Fdbfa41fAf
6984,0xFC1D99e4765B6a972A414e8a15e25166Cd2A70E3
6985,0xFC4D356B023E5273dc29858E63d178e1153f123C
6986,0xFC79919Ea16fc6E8b48A2Dd309Ab8eb87d17605f
6987,0xFC7de14F6F9B0efF19fA530421B4B5675448b052
6988,0xFCf2920Dbd2CFD5372F750de1d907Ea7A88353aE
6989,0xFD89d3831C6973fB5BA0b82022142b54AD9e8d46
6990,0xFD9B482Ee7256732A003e7c6747C53D832101F26
6991,0xFDE0EbBa06528945E4Ac1EBf1534aD147F8b4bAc
6992,0xFDe98E5f4a503C505839277fF002c6233b1bD61e
6993,0xFDeA75bA02D3010E0353C53DB4730ebB762131c0
6994,0xFE1F111154de171691ac106A5c3Ac37D7b0Af0Ff
6995,0xFE26964F4D46c19e5f8Ea48992219A216FA960a7
6996,0xFE5789c3C335d2c71A3099431C19991658D917b4
6997,0xFE751272178F107da3D8b867fE76df6296eCaB12
6998,0xFE93042AfAC81Fc15dff43007D4DbD005F1F5ba2
6999,0xFEB4acf3df3cDEA7399794D0869ef76A6EfAff52
7000,0xFEBba130c62e4c7D545E840444a2A17F1e3312a7
7001,0xFEE7640FAf953CB620a40C68C1D06bcc984032a1
7002,0xFEEC05a103f3EE7C4C42EE1d799B39A5b4c62Dbf
7003,0xFEc3AF6358f81F1201Fddfc2E554b8e2e8524b10
7004,0xFEe03B642100b9d5B1BEb5a9f5c1Db190D6837AA
7005,0xFF56Af8b9832c54837a349016298eDFfbE97C922
7006,0xFF8f19F6438a546702aEE2a0D8C9D2b6D80587C2
7007,0xFa033C9618fd9fa1e8B0f5073351e28017d08a94
7008,0xFa09412c84283782C73B17B526c9640aa87CD989
7009,0xFa16B4019D0368366b97f2e9822046C6D4DCAB47
7010,0xFa3ce52c15f19F363833b2983340325000a4636c
7011,0xFa453aec042a837e4AEBbADAB9d4E25B15FAd69D
7012,0xFa74A852424357d35b2653b0F6E2329364310922
7013,0xFa95aB926cC2670Cfa174E4baBb226E0842c9705
7014,0xFab2922EaB34c74C99497A2371c35bA63dbeB966
7015,0xFadAFCE89EA2221fa33005640Acf2C923312F2b9
7016,0xFb239e0DF3a98F6B728200C14cB364CFC61dC4bC
7017,0xFb664AD1D33C29b5381F59363C9ab97D4a54Ca43
7018,0xFb7e746A30ABeC85D3B2879BfAc92bbb2b0fEd9F
7019,0xFb9148366de26AdC995f878C0e02A423FAb0B3fA
7020,0xFc0F80f3ca8Dd79F40c9A775E9F662d370D063bf
7021,0xFc23E7263C167f4cA3DA4603f611C223C6f4f139
7022,0xFc5bd760F063C5015b207C68540F05C5698Cb70B
7023,0xFc942aF3D4C6BD0E2e45623E6570Ea0B476fb24e
7024,0xFc9e5e0a1bfb3df8aA13A5585763Db8626288D6E
7025,0xFcEBD652B25bB7Acd1E9DF58dfeF7b7b47cBC6d0
7026,0xFd1a6167bEAD3a272B38A9713F17Ac4dAC301729
7027,0xFd3f2640d93A22c96951c89215CFdc36EA684492
7028,0xFd637F1646A300598d527660b402030800DB18C5
7029,0xFd72FAc7D08F9912E5D02091417304D5a0072E2b
7030,0xFd74Be00999D801B3029219bBF87e0DAfdE8fE52
7031,0xFe04deD11E99d06F06398a12650edF599334d65B
7032,0xFe0CB55def0B6e0c1e00ea470D9f713941330e22
7033,0xFe2c5D7305Aa37F19F8651741388C3b5863Fe48d
7034,0xFe2e4D5957e3c3b5bcf8Aa54335fE00C15741cD2
7035,0xFe404298c81Af67Fd98BC5f2188d03FF190ba251
7036,0xFe6b382aF8Da777aa7d7f67cCe215F32Ff0f6771
7037,0xFeA9Af00Ba89D21082F3861c6649d90D6f70Ab99
7038,0xFeADAe5Ccd60f35054139DfE72E38Ebbc484573b
7039,0xFeC8054A38e78627d44144f325ae701DD51065Cc
7040,0xFeCe78d976F0deee91dB5FE3A25AE4FEfD1055C2
7041,0xFeaE15B517265b95a0E7cCd7DF7fB82403531B94
7042,0xFed3296A2c353BaC8d0fd32891044bAEeE0b6eA1
7043,0xFf0FFfC848209F80bD9cd4603626b99ABaa71892
7044,0xFf17775F231979d05afc45cA47811B0b30f920F8
7045,0xFf2CF18A009653Cd30815B336C72456aeAb402A1
7046,0xFf3e84Ddd3e8809591c7ce584358A5A3f4aDcCD3
7047,0xFf3efc0635d8006808950C341203e03976fba41c
7048,0xFf619dF1a227031AdDf78C840994d20261458379
7049,0xFf634F9ED1005198F3Ae614328d2274c97e97B56
7050,0xFf7365a6b224B600867BF9fD62315c44524ab639
7051,0xFf916a74d7E1540A4fD91D302568692c07cFf6A3
7052,0xFf976659cdF77FD46b26F3F14f785b6B64C15c1D
7053,0xFfD1b384C82094b9DF80B0306E990d101794a13F
7054,0xa003d7C460abdDD3210C355607169E965940E543
7055,0xa0081a1037b577Fe97B06FDdb4bB309c4e70a89f
7056,0xa0200Eb38381aCC02FfDb44ff8653e9F08eD77F9
7057,0xa025B41beC9a81d9b4b760a714B0899424eB019a
7058,0xa044beA3b372DD2B6484ff67A0F3077272882fE0
7059,0xa04e0eA545fb7Cc3657a8e2b0646C6b2667Fc9E5
7060,0xa058894Ac775fCFB4ecd356a5554A80f2413CC64
7061,0xa06b4F71b94Ec6b59e0633c015772d3F1efdF7cA
7062,0xa083Afa219BB7d21c5a72CaCAaDB99Cc1dA6dd98
7063,0xa097E9938Dac15Fa7d38Fe3515d95424020AF225
7064,0xa0A00489B737cfd7A6Bf3B39b9E7d99916629327
7065,0xa0AbF328fc099f9b3aF3F86efD57F7bdc51e7A9B
7066,0xa0B343AB316cbD95075A8d9797732733De845852
7067,0xa0E95C9fbca087b9B6604c4Bd92e354B68C67957
7068,0xa0F899b0D87510B33F0926f1Cb09Ed1CFa93BD2f
7069,0xa0d1f848d57d3263058FCA4DD6830821E7f790f0
7070,0xa105529DB79E82C4385D51c6BbEeCB55B83c6a5E
7071,0xa11Cb6E9a8b3442A4B94b5294d181662665f86B7
7072,0xa11E70F09e67c6b5472eb79C2b56dd2A94c21BFF
7073,0xa120B56625617f8D737B73Cfb092614C175BF6bc
7074,0xa12E3f357B5928CAA496f1C54a0aaDee2F0aEC85
7075,0xa1340dAc24FDb38fa6efd0468068372D7021dd2a
7076,0xa15D779b687f97668b9D96b4F070177d61d6a0aA
7077,0xa15edB7F2c085F6743FC0586116C6f7D10C08251
7078,0xa18Af450190159b34b1c551587cebe50f62ad2BD
7079,0xa19919cEBD1Ec95992ec64Bb7bF33C58dfFf3b48
7080,0xa1Ab5e77e07676b46F6BEe3A6b21a9006a8b767A
7081,0xa1D3aeBf32163C96ef9A5eBaa38981e04eA41365
7082,0xa1D5529992abf77BBb4DE239F93c387892b8C5Be
7083,0xa1EFF0887B93e18bB0f59334a0CB57148BC2086f
7084,0xa1F536C82bDf78093C9a162E86516EC58F0B30b7
7085,0xa1b9771D33bE26c67F5C7C2f63100cf440c56bd4
7086,0xa20e4E4D8a806e01c56F6EEF5f9a4A69A5440968
7087,0xa2191c3D5A8197708410Dc8a22a9E4A07df94eCE
7088,0xa223C50Eb8bD32e3546ac55225117df2EaE379A7
7089,0xa22b5c6f1E30599634E177d743a3809b7D15D445
7090,0xa22fe318725a3858CF5EA4349802537798F0081a
7091,0xa23f3F8EAE74Af4E5069977E0ce38cE2219Cc951
7092,0xa2612bDF311fd6ad87b2cBD23EEb368BBA441763
7093,0xa27548944cf902627002430b94C9FE20E8C5C671
7094,0xa2854d15266165b8aC07939102F84b95ee857d05
7095,0xa290d06b324E57FbdB816f4B4dCF6B46036CF2FF
7096,0xa2A3Ed18F04E9eeF355979eb5be732d8C75a315C
7097,0xa2B3d513B7553060E84Ce85b25D66F873E70dF2C
7098,0xa2D10bc19AA9f10c6423445a90Ed9D78D3074218
7099,0xa2a12EA9223cf6d7C0408e9832eda73A1C71b4eE
7100,0xa2bcF31F22D585ac9DBb82821018DF853C0Eb679
7101,0xa2c7D48A617ab1dD6330C91E359432f320921677
7102,0xa2d343363899bCda884DA480A837DB8eEF4b9f6f
7103,0xa2dE230b93b3256298b671cB8dFa570244504E78
7104,0xa309796A3cE7a05dC0180f1BDb324E1d24Dc3Af9
7105,0xa30Cc61535aab02b6a8B4691e1bF535cdAaC7494
7106,0xa31a77711e9A9487b2BC00DD7047D23702Bb1648
7107,0xa338b01CB1fa7FCE2DF394cBd3a723a0bd37C452
7108,0xa33Dfe79CDaE2EB9363Ca28bf4ad83a5Dc77cf73
7109,0xa3421D371B4a4df776b53B6812565c83567A73fc
7110,0xa35dEa1466b6cf14a1ac1A1203578908399e560f
7111,0xa363D8cAB9b82Ada97E44250eb6312dE9AC32Ee4
7112,0xa387f2c32f92B2fB8807f5617E7cbe0E20AC4fF5
7113,0xa38920Dbe9CbD87f3541ba74598901d958FE3B76
7114,0xa38C14C570D5e90f14fbe6175a083424D4Cab177
7115,0xa396AE6fe5E7b6F1453514a4E6a73192Dcfab182
7116,0xa3B582252D572B86A98d214ccC0cC7887C82D41A
7117,0xa3F2d88fB722d4f2a082Edbf98354b81DC34829e
7118,0xa3b73ff66b5588B64489898b8818d2a0d3D13a16
7119,0xa41487B4A93348a22EdD861f7D52943b955B6D8d
7120,0xa4253Fd39819D8dfc9136d509DED58e18DE526D1
7121,0xa43eB4C3DA08Eb7D3723E5c6ad2c8c1F8fc6ea18
7122,0xa440bb415e7B2876140F8AE6F5f6A95fa47706E9
7123,0xa454EF40506eD691D863f11b2f7FCcCe7303Bdb0
7124,0xa466f850aB27674A82f3C55977EbBAcC694da870
7125,0xa46C8bcaA1a5d3a7c0822a09FFE593399a1De80F
7126,0xa48DDFF5a9b02969696045f5ee6dD492445e514F
7127,0xa498a22a341326276FAd1EE7E8dB16d77DCb20B0
7128,0xa499Df2Bdae854093e5576c26C9e53E1b30d25E5
7129,0xa4B0a77c312535B8a5863732ACC42cfa7B6Af9da
7130,0xa4B5061b654375FF9517f21DC50450578060aa54
7131,0xa4Fe7cD7941f2921397D880125dc5f2B88b5169F
7132,0xa50520514e7FD93592795Da06E5101545E4673Ce
7133,0xa513Ef4bb2E125F6842417B8E77713C43a946AE0
7134,0xa514F569702b37FE937eb8919C4687A4FABF278F
7135,0xa518E3062Ac5E42a5f61b87D406E56E903E70cb6
7136,0xa5207e055Dc723c370d5CEC44020f521610e5ab3
7137,0xa52C70b2AfFBf6D3Ea8BFb74c80b870d864C9B18
7138,0xa534f2a9e11DBb0bB0Effd9a5c2089aCd936D0a5
7139,0xa53A13A80D72A855481DE5211E7654fAbDFE3526
7140,0xa53e7c7caDE7f71bC2489dBE40aF10057df8C79A
7141,0xa53eFF9F0Ba54314169791E9273ebc6c526F4890
7142,0xa55704c96d972067E6c438015d1294D52d1d20f2
7143,0xa578AEcb7ea35559FBa631D7034dA9EbD35d1CEf
7144,0xa5b65D4a68c1c71AAe3910199F4AB266f726AfbF
7145,0xa5fff747A124600c386cC32E2A5942f7cdD4A940
7146,0xa6119A4855824f75bcCeD2f87D844D4FC7108070
7147,0xa61443CdF751DCb8D95f24633522562FB93f5124
7148,0xa61D90c1739FBd52de7A864dC10EeE7b9bD68ad6
7149,0xa62aad0ab5d6ad431AF2Bfc9807C615810379d8A
7150,0xa64a417efE53a13D6d68905c0832Da56cFC95b41
7151,0xa655a4bAF51C5f148aB4CFE0eF3b310Eb52Ff19C
7152,0xa6584b95EA4E9018b1F377dad99448EC478a150f
7153,0xa66C2664B42F76517DAbCB8f6c9fd4756915300e
7154,0xa670b459d70d965C50E51600e765406e5c283472
7155,0xa6B14289e9d18BCe490c8fe54135eE0e8b75Cb58
7156,0xa6B2E534572290d2a55b1002Fe092c166eb31131
7157,0xa6Db32555382Bde154d62C830AA1073FA36A23ff
7158,0xa6EA7309fDc3Fb80afC1057793E406c9A1f0923F
7159,0xa6e7aBdD2cF0D00500A04Fc9633bE1e896AF216D
7160,0xa6e96DBB6B7d2c12062E70d3dEc87C4FE23f961f
7161,0xa6f419c19281632C79141C25EC127664f481b1d5
7162,0xa703C6d03414E7B761A715f6442a73ec1B15cC52
7163,0xa708985dD9065bfb64c7dD3E941509fFdC10C0Bc
7164,0xa70bE50Bb7AE251c8fA828a7825042cFd96F3C50
7165,0xa7190F420c8481623dCa94098464A0Fb41e21066
7166,0xa7206D36Fc6D918396676BbF08F3344B1E04ee7D
7167,0xa736c6D5a7a95575d837ded9e6b184B48066f7AD
7168,0xa74E0784fF6259f1336E763FE7a871978873f8f3
7169,0xa757fe409d66eb7A300Ae5EAE6538fB44F710D41
7170,0xa75936cC7E1A34f6d2c183639CdCf26026283611
7171,0xa794682E739117C6Aa4240693EBfCBbf1e1244c8
7172,0xa79E63e78Eec28741e711f89A672A4C40876Ebf3
7173,0xa7A11BF033C42B26BB1b0a627AeF94f25D9a94EC
7174,0xa7C1eFefD8ceDE230a76806DDeDDdEA75ee2757b
7175,0xa7C3302225BbDb22236E9127ED66e8669F9a2A88
7176,0xa7D505D175e64f02c8404f060E9C3EEC3b02FfF3
7177,0xa7DB1697d49c5065EeB7C091baeDB2f763720F5b
7178,0xa7E852655b85F56476d1B6d9b3d18a26b849a1E9
7179,0xa7bb062D9121FF7d16814Cafde97D7186253B394
7180,0xa7bdD1e97491a997112A07Af6AdCe00E09E12540
7181,0xa7d0E22A1472F691337C76AF062a29e8C05E20ec
7182,0xa7d30f0d3f3C8eB21a5388F5F5b8531685BC68eD
7183,0xa7e1a597A9127959Beb97C5Cce67c4AA212a8028
7184,0xa7f0aA9616785e5FD1E70F651d56419e877dA453
7185,0xa80191Fca50BE00f8952c69232c93D57eeaCaf6f
7186,0xa81464c197C61aEdcc9C98046eae0A732079A0B2
7187,0xa839AE2593ed163736C096E04d6C0F73Ec72eEed
7188,0xa83eEe055C83E27e3FEF9dcDDe6c7d6Bc7F6F4c6
7189,0xa88B1Dc5AD8dA97588254697648Aa4e921E18c37
7190,0xa88dC8C7484aBd1f6d41275a1A020676DFA46524
7191,0xa89cb7fB6360a46D0f1a30C362b605c1Dfc49D71
7192,0xa89f7a583F477212f99D34CA1d379C934831A210
7193,0xa8A1a41F150b2a017d29C2d006B149274Ada3e45
7194,0xa8ABe411d1A3F524a2aB9C54f8427066a1F9f266
7195,0xa8AD33755F34bE4Ac43d8b6040B25E2E1D459D01
7196,0xa8E3A303fCf17Bea14F7d50A1132d5FEBbC7FCE7
7197,0xa8Ed4FA6Ae93ED029D57944d7d337743B5C1d5e4
7198,0xa8F4D199A01b446bE88bBFD5fBb0C16b9e77cf46
7199,0xa8ca3eA258172AA5076dA922915D00439C35F05A
7200,0xa8e52E012e722aDF0765De57019712DF49e376d3
7201,0xa8e826aa4bA5129B0E07ccb69bE9D9e2CE208F07
7202,0xa8f98b7B2039256bA66a12FEad20E750ECF9670D
7203,0xa902479cAB22ABf7c2b3008b20919405A8c961Da
7204,0xa91510eB5324C0B5685943b7190C754362eF6AD8
7205,0xa91792B5f297148f89BaF4FEd67F647122ea833f
7206,0xa91aC30cB51DD424346889b558fAf56F32dE2004
7207,0xa9338d2617A9eE6661D6676f3e78b20aC78c21Da
7208,0xa94586fBB5B736a3f6AF31f84EEcc7677D2e7F84
7209,0xa97c8E0BEa0c79833ae5463de9b708040D2632a7
7210,0xa982BbDaf783Eb7C3914D988b7e2a0bE865ccB53
7211,0xa98bE71b3213e21d8014B41AC0309Bc9Dcca6b9a
7212,0xa99f8656271bd54871639D7B1D20912263CC68E0
7213,0xa9A8760B8333EFAE8c9c751E6695A11938aE4B90
7214,0xa9B46602FBA80F1e6Cf918bC4c41f5E7e39b9baf
7215,0xa9C83863bbfc4f152B7118F07608D4F61Fd6090e
7216,0xa9EB0e4Da3E799A162d3e8459c8F386Ef841ceBA
7217,0xa9FDb73a47d56dca4Cf3E0192a4D23b0AC1D6055
7218,0xa9bA157770045CfFe977601fD46b9Cc3C4429604
7219,0xa9dDc3383Ab709EA54aB5B4f9f89F57E60EB2F4f
7220,0xa9eAEF87c01B4C46a691862c7Ba94401394B8B9c
7221,0xaA3B1fDC3Aa57Bf24418E397f8c80e7385aAa594
7222,0xaA59Ce44120E276Cd3a0D6625e763b0dA4383600
7223,0xaA9880772582Bc449Dd523352A7bC7c6A84CaeDC
7224,0xaA9ae3E531488a3D80e40d7423dF0694a34F92dC
7225,0xaAD747958F996B22F360fD1d0e3BA56eFD477C1f
7226,0xaAc57d2d5cAA4de52819DD70A62B1406a972Ba1c
7227,0xaB205303361AF614ebFcE3a515FB73fD4B83D82B
7228,0xaB3DAE1Dc3Aadf89D397b5B0f64b87ec172c2f73
7229,0xaB6b55910beb7EB9D7D4D57D19598A9d42b83323
7230,0xaB89e9Dd7c60DcC6B4fBcAFD27FCef278f1bbF10
7231,0xaBB0F583F50F73d915BBe6DEEbc113cC382004Bf
7232,0xaBB1aCC0eb8b41B1067497f73775EB6B877BDBb3
7233,0xaBBf75A59AC8838FA46bd5260501B68ab28B95f6
7234,0xaBC72DB416D924b4d645738A6394caCDc58DEa94
7235,0xaBEA9132b05A70803a4E85094fD0e1800777fBEF
7236,0xaBe780bDc3872B4DEC16bD44B2bB999f9151aE28
7237,0xaBf61252A5fDC6406907e389AE987f0db75fd6ce
7238,0xaC1640398a2Bb8f884D86a4c5a0275f72371941F
7239,0xaC23608C7423A4A46784777c3484BAec72ffD4d5
7240,0xaC31d30F7b5D65f83aCb13e0620A1B74c791F46f
7241,0xaC438CCA599b3391B2D240d1cd64dE97DFbDB8EA
7242,0xaC541eF515090a4e80431C257d58FF09a72e97CF
7243,0xaC7d1938cBe683e842Fc8e13612ce8BD03e7292A
7244,0xaC8338996Ce9fbEbd4401d820c08D7fbF0C6D1D2
7245,0xaC9161439fa30E646dEAD6A11E23371F97eab067
7246,0xaC9e6fA8Ad5214F365E99eE96227598eA1E4B20c
7247,0xaCDc50E4Eb30749555853D3B542bfA303537aDa5
7248,0xaCe95175B107f0d6A7A2949F7Af83d7A3528fB4e
7249,0xaD1732a8D2e6312085c632Bf53B8F7b41470981E
7250,0xaD522b2abF3be0cBc9204D75a11aFfc3B35C4249
7251,0xaD57A1ea761bD5704207e3EAc50B8b78CbaFa846
7252,0xaD95C0254Fa1e8AFaa7238e21C9202aB1D3225d1
7253,0xaDAAd84d90ac85351e4F5E3e7E6568D48B7064fa
7254,0xaDDca4732604cb103f3FE0359FF674C9039587E5
7255,0xaDE4C5A66Ee54F53885Ec1d085b169829c7413D9
7256,0xaDbAAf7088f694f741EfC713E3B189F62422CD56
7257,0xaDd528E4b48ac854DfaD1E79Ad6af2E7524AF26D
7258,0xaDe883c2D201FAeE374eE238B88f4c0d9aDf0D04
7259,0xaDf7eDD27bB33B4BC866F54B7F0f7D6dA9d29A85
7260,0xaE27512FbaCc172915054B53B28cAb5EF440142B
7261,0xaE6dCd07fac9D7CccC98509120c1071048cDD8a1
7262,0xaE7b7Ec27808E6c4Df990F354b52a15b0B6b547B
7263,0xaEF11Ec31340a0755F877047c8f31EA1B691DE6a
7264,0xaF0Ab6d8088d21044Ce561902AE6a078e0dbB9b0
7265,0xaF0e9F772Ba4E191CF4C5F9f512C62c21fC194b1
7266,0xaF123A19253718DBB1b0B379179e5f55538e33e4
7267,0xaF9a2E9fF7C3a8078BB54ae9a158c5000D0F527F
7268,0xaFBA96Aae4B3b57CA88Ce96809d99906759E7110
7269,0xaFbD82B33E0fB070Da19684bE3f3db03D62Edb21
7270,0xaFef3D15f29a3F948A440D1EcD57eB212B12cB84
7271,0xaa4Ce2F561E0d5aaC6a6f6bA9989df715B10f679
7272,0xaa9129dcD28Ab7DFCbF8533984447E64Ad4F9e46
7273,0xaaE7489bCF33abdB0deBa7e0B3a2727E8340e3A9
7274,0xaaEF3484aa2F56BDF8b22e87a4891995C33FBA06
7275,0xaaeB5840f5cA5F2Bb90F3E88b24DDAcA4448C240
7276,0xab4121bb4a7b9a71795a84Ffc0273F1a04Fa4796
7277,0xab8140174c6e46D78bEd397B96DA352Ea38c2821
7278,0xabE8c93772a5400EcE3f50683b8C501e6bf2A036
7279,0xabcBC0728ACd1E50E0fdB37719EAfCaAF4820062
7280,0xabdd6d63FE450bbC7c293474605Dd32310113086
7281,0xac07FB2Bf508ABd9cDe54a31aA148d9CD5c0085D
7282,0xac2FF0f9D2B10E176F997d4e6281E4D157bB1b00
7283,0xac408A4043f989714d4f89e05E0DFCD117238D3E
7284,0xac4CD92Db83280a3857682522ab96b4C5b63D8C8
7285,0xac690f7fbc28252dc25F71Ca2c1FADE14cF63423
7286,0xac6aD36DFE3B4A04A6F0fBD7d0feab6208BE93FB
7287,0xac6d3A1c8F29A2C64dd24Db057C15E02C967eFfe
7288,0xac7cc606098E4ae7387a67E6Ec5B38636f334adF
7289,0xacE260243a7FE219ccc6493d0A6A6f4afeeBaf01
7290,0xad128857e59a11aC345D40C6fB0c0832d7c31c56
7291,0xad262c2dCf002741Bb183bEea5Bfa1Ae1AcBA4B3
7292,0xad30C65E3e9A6e8ff2546848268d25d26A023F33
7293,0xad63412d71457772375E627c895bF486CB2BD938
7294,0xadCFBc9C898Ec737DDA5Bf6e580301d0afe37939
7295,0xadaC73cE5fa81E674b1Ea1502f9183053D09F31B
7296,0xadd3B473Aed491177d87139Cc48FF4dE22774966
7297,0xadd5333B5922CeD2563Ad634Ffcc3e2f8704A0FC
7298,0xae11dd6cfBa54f856AD1f43cbe686638Ac4803B1
7299,0xae34DFD39D3Ae421Ba61dA4874FaD7c1e6910733
7300,0xae48Ec9718e887f52758Cd1DeE1236b98CdfBA93
7301,0xae699306ADec168E32eC1fE369043A1fC093738A
7302,0xae8b12e0a0CCC6B74B414244dC75d1672167A47A
7303,0xae95ECE83482f9bf6d8d9c5f34a350053406aDCE
7304,0xaeE146b0442E718D00Dfe3bEBB5bF0b91A11cbaC
7305,0xaebE0B1383BC8550eFA793c3f4B65C97Ce80541B
7306,0xaf2fF14FCd3E1D2065D8FE49deE6c7be25fCFbF1
7307,0xaf4da6c0540a95E39Db3a3b080380788A650aF4a
7308,0xaf5a94496eEB03d8bca1dd761DA834E01d26Fd8A
7309,0xaf5dd7bB8b9077a49B280d0DD33B919EFD4c1f35
7310,0xaf958594a374948D8f026D4CB26c0EDE6899f0b7
7311,0xafDB8c6C557487d58865a6dFa148385859B7d6F1
7312,0xafDc7b014631Bf1fC2fbFe91fb4fe2eFFb463Bc3
7313,0xafe264d090A83A3088d3608cCbF40317B41F2538
7314,0xb0045844A5E5ec5FF2E2557512ff59658B4887da
7315,0xb01419E74D8a2abb1bbAD82925b19c36C191A701
7316,0xb01Af9D5cAeF63e8BEBdF409D68aF148c6eB2a4b
7317,0xb022b80c795d1258694cb06623785F72AbfdC6FA
7318,0xb029D64C615C97483F31ca78b5B3B2e4a1F9A5F4
7319,0xb04c703e0764D9B8Bafc43a5D5CDb362de8865fF
7320,0xb05290ed1Fbb5184849530779c35fA59c492eC1b
7321,0xb0626b4d87C4a69744ab056eC9f0074922a909f6
7322,0xb0756705aFd28a03903545BA4d3bc7877fc064bE
7323,0xb08fA2DCe2352Fa89E682CF35Da0396517D634Ac
7324,0xb091Fc704407014Eded8163f8b562c9AD892C7c6
7325,0xb094EBe2Df434696735380E3301Dfe4c3EF6C844
7326,0xb0B972b9d0CEDAd0E87d66b1c396A176728081AB
7327,0xb0D6b4CD507b50DC9Bd5a33E6aA06356e73fd074
7328,0xb0DAA66AD50c55e6B918531361dB9Ab31AEC50b9
7329,0xb0e1D29D1a22C285481D8452f3b6378aF00bd7e1
7330,0xb0e4A79d317A8EFD0487891B83Ac2dae737a10e9
7331,0xb0e83C2D71A991017e0116d58c5765Abc57384af
7332,0xb0f052eFb10627B713B45aFB8E39D243F41e3728
7333,0xb11C8fF272B84B3FDA888F4f088356b636Fbe57D
7334,0xb12966a1d6512B0014Aba286f151C4be570fA06B
7335,0xb13CEa39A360D03198d8031ae00bC3150bCF598b
7336,0xb1479be2E426dAE0F1168B1ffda43bDDD742102F
7337,0xb1506CFb462bA4882c5bD7B879034865044F5Dd1
7338,0xb1567DE93185025FEB660BBe8EAe222bEAc3C1FA
7339,0xb15e535dFFdf3fe70290AB89AecC3F18C7078CDc
7340,0xb17db624d7B70E4294b2a632A2B44b48002F16df
7341,0xb180180930EBb9a3cA193e9fA63c84e46EFC5094
7342,0xb18977c13f660EFe659F04c1220B801a43511667
7343,0xb19858933a80378CE46bB60E5Cb0AB70EA905dDe
7344,0xb1B99DeF78Bc24907fD28acA364A073e27ADBF4d
7345,0xb1BFC746Ab5f4A9518851abb909C1cFFE0EcBa07
7346,0xb1BeA65093a9617b7D1611cDE7B44de1B7e87034
7347,0xb1C454961607269Db37B36Eb374B186F79d77Db0
7348,0xb1EBA74073636DD39437Afe12B340EAeD4622d5A
7349,0xb1ef0131Ca31dd5A66a2627c42c75404d9d52390
7350,0xb1f32d7Bbd638a91EAa2E7c28AC838361529e13f
7351,0xb2010f7A4AB215E807Eb8C98F8aE4e509795F15a
7352,0xb207d34a81941bfa3C37Fb865D4457988cCb27FA
7353,0xb218A0CdE08a679CC015e8b66F207395A43ef3B8
7354,0xb21C916bb8D6Cc4778B134cDccfC42C671F38b82
7355,0xb236B907580361fd4f87B759DE68ca5c206644af
7356,0xb243C93493BFDE891adC9C815248742573157e58
7357,0xb249Cc9AECCeDE78715957ca92aA6C611d070913
7358,0xb25191069ccc33a7Da538BF4d23eD0E8bFFec203
7359,0xb256F325297A4aDbAA7B7E0470d2Cfe408373641
7360,0xb25829b9081dbf26025542C3233A38B6DbB758BA
7361,0xb258aD4125e84068F3A47fbBC4F6aCeD2bC148EC
7362,0xb25fD264B135C31150aC255c26d2b1caCCb04ca9
7363,0xb270Dd05f41A7Fd0FfCB3DC26f3F982998A7CfD1
7364,0xb27640233259A6aC75f3bd2d680CB7aF870b5855
7365,0xb27939E643d3C4733476Bd0fa4B3F0c6D04707cA
7366,0xb282AA009199e48F6FC9C56DcE3dFC5fFc2f3bBC
7367,0xb29006bB01F23fffC36b0dfc5c5b7D23e57cE729
7368,0xb2969D3429e99E4846E5bE4Df47d74bA87069E0D
7369,0xb298B1A3a384e4371caAFd4d02B4C5bD61F158Fa
7370,0xb2A147095999840BBcE5d679B97Ac379a658BFb9
7371,0xb2B81bE3b3CBE29413B74F5B0C2c1a36BF7dDB04
7372,0xb2B9335791346E94245DCd316A9C9ED486E6dD7f
7373,0xb2C6609B64ABeE58EdB9b8003BFc424f642F530A
7374,0xb2C73d36e986A9Cd80Bc5F4bd7a89834fDd57259
7375,0xb2E6cAf69b6287692956558eBF113242Ed5a3e6B
7376,0xb2F117aD32d43D224b98658fc26c2211958EDc5D
7377,0xb30b18318568db72D0B2472fa97e7591b1F51Ae5
7378,0xb3313b023e68CdA95d7B625200e1B0fE6335A0c2
7379,0xb3397A6FeEdff2b9fCe9Ca1086CB1Bdd617c16Bf
7380,0xb344b657beA058016bf8aA5718F59117641363Be
7381,0xb347B5b99c49ce6C555071A1f0498C81511ad977
7382,0xb3783A62fd784dfc0CAb91d3Db2b55F4517e3B0b
7383,0xb38FCF8346A8246fF5AebF0b8d18668701e7B37d
7384,0xb391Fb08026C4376B6bb97F61627fbe2d2d7538e
7385,0xb394F1aa30Ba874df3Ae6097bF4c2474b2d8F3AC
7386,0xb3A751A6A4B6006dd1dB4429a2e38Ffa17f1083a
7387,0xb3ABc96cB9a61576c03C955d75B703a890A14aA0
7388,0xb3D2A24537Dcdfbd0Fa5bde37445D31ed0215607
7389,0xb3abF9AE623A22EA952cA63f7D7E57ba1059ec2e
7390,0xb404D2E23b41A5e3C53f5cc81145519A2A90AC10
7391,0xb4177fF2327b360Ad72160598e19825C5C3E5ED0
7392,0xb436c96c6DE1f50A160eD307317C275424DBe4F2
7393,0xb43923634fF5556E8188886b24EDB8f17204B25c
7394,0xb4473cfEeDC9a0E94612c6ce883677b63f830DB8
7395,0xb44841979742ecE4D4f7025e68ff7125589411F7
7396,0xb45477cdbEb010b6d8DAF718991d789AD4D44556
7397,0xb46660091553d40433e939eb94fABF26420BF2D5
7398,0xb4688D36680a504b03480Fb371C698618140a02b
7399,0xb46c62F3875fA32efc0670813395E3435dE65974
7400,0xb47E9e28543e7810D5752A6b8Bb53C5372300758
7401,0xb4AF87244c8169330229Ff4180C696466A966831
7402,0xb4B6F34B765E9810465b75945276a3c95925962B
7403,0xb4C2b33128Ea5E0bf3761c1122A77A6A1CC04680
7404,0xb4Cdc33562148E745C2A7C8809735D23Eb0CD3C3
7405,0xb4D4aE02219F10941029fD0B9775BDF455c94C37
7406,0xb4DF8032F321A7192ac81AafE7fAB0dec25abA3A
7407,0xb4aCc8c2eD700e88b03eF7c141CD710586496F46
7408,0xb4f609125101bd971Bc40723C31E60393EF96cDB
7409,0xb50604c7FAd7f492DDAB5F60681a7D6aF79EBF1f
7410,0xb50A98b218968d9D6ec895BE6850aB2807B763dc
7411,0xb525fc2d0a25Ba54caABFB397CFD4FbcacE7Bc90
7412,0xb539059E52ac208F815A487Ed1d6Bd0aB4Acc514
7413,0xb547550fbA209589E95c8191e79bdF440AC08cfa
7414,0xb565EA05ABA01ea9015fF65432FDC775cD2FeF0f
7415,0xb581A33653Cf14311da612FaB0f76FaE48DAbFDA
7416,0xb591C8149f719D88762E0C202aE2470C80C75236
7417,0xb5A8168c066eF50D63c65501087b7185f8c36279
7418,0xb5C143A5514A6E53A3C42f4d2027486Ce7104Fde
7419,0xb5D8e131514F8ce53f1DB9604c4737eBb803926E
7420,0xb5Dab5e7e44E19dDa6839b2F8208455382413d62
7421,0xb5E6A3ddF36a077d4f7628BfCA901e36fE1296B4
7422,0xb5a12eaa6A80F5dd77305dB8c7E08F44fA4554d5
7423,0xb5a765BB478654360fC57d6A96a7D4f850F252eA
7424,0xb5bC929cE7CDcc42c84b284e3FCB1A5549bB8ec6
7425,0xb5bD201792AF5b3693Bfde61C17A0A1dBd9b5036
7426,0xb5c40E76E51f2c130E36798801e9706b4D7735AA
7427,0xb5e040D342F44E8c8270c4f71E534fEE494787cD
7428,0xb5f4af1a4B5021Ae10207E1C2E119ce8249B3007
7429,0xb6050f9C52c70ba30a71D37CEff3F4F0bf6f2AA6
7430,0xb605d920FEEF5325dd92D912EDf19c906D37Dd4C
7431,0xb608a2332a8cED05AF0dD27c2d72bFCC66DcC20a
7432,0xb638A94da76cE1B5737E5F230EBEeB7C04a34dA8
7433,0xb65c9dCDEaF1Ddd1C54513a927B48E7845949Eee
7434,0xb670359a3719b4DE42bAf5C548e5d53637b19b94
7435,0xb67F1976A1E7AF8972c06d03465CCa14698C82B9
7436,0xb6898A0b9cC294fe77F83f8722eF904F2E512163
7437,0xb69BFed2dbC5D61C0Fd42143064b781296c9d2F7
7438,0xb6F69bd39894AAD5f48f2aA044a188213ED411bB
7439,0xb6b971A19393801fe9228b323f89Bb1574ed4585
7440,0xb6b98B4E9a5D89E3463615f5d8FA38f353F2431C
7441,0xb70307389B1898b9aAdC8f95dEA3f9df7b798458
7442,0xb7263227AfaBF525d5B86F5f39fef8Ce37F68E69
7443,0xb738747d62fF073761Bd3a986Be7d1A58E6984f2
7444,0xb7450583f180A1dA7D0F70d3E16496354e06394E
7445,0xb7627482bD024783D81d3604131AD8CDb1ed142f
7446,0xb765e0260210C3782a92E1FEf344a29f360a9A66
7447,0xb774299E256955FCD3C2B6Cb8EaDcB15Ed26d7AB
7448,0xb77a96E06A2257591031122cC2bf4383Dd0cAaEf
7449,0xb7B0A0794801CcBa37F9c4De4aD2c63330dacc68
7450,0xb7B574DF3b93941964653D34538c16eD08CDdBEA
7451,0xb7B670c44d03238694b28cA0963c45FEdA61eAaa
7452,0xb7d07003550EBBdc2f9C858Fbc6dbAA4dFeb3513
7453,0xb7d49ADB031d6DBDF3E8e28F21C6Dd3b6f231cD5
7454,0xb7dE148D030b4d53b5E838Aad06dA83dB4Ac90E2
7455,0xb7ff4248C93aa468eC20E38518f47d80D7ae1b9d
7456,0xb803cc308727de87E82E90D60C6fae3c46d2012E
7457,0xb81a6bE96D71492A02450ab2FBD38BA1C43cF48a
7458,0xb82f45A2ef5719f806cB49C0E10c98a3FD44a580
7459,0xb82f95CEb906952F2e0edc65D5f07B709AA53F66
7460,0xb83e8a9C9Bca3122bcdc42D9ca54DC5A81fdDC96
7461,0xb8435B291e1C522Fc97e169Bfd7De75705C7e398
7462,0xb84a0e17b34FFb85c1fF3017385b3f08eEDDB5F0
7463,0xb854F7417fEf357768633c904dae86d1E767a8F6
7464,0xb87B6994d8E26a324504672dC0A0314aA0fD082A
7465,0xb883566281895003498D5583d698CE01e4B46700
7466,0xb88Ec6398549bF3D7C8E65080444de656Dd4D9F5
7467,0xb891B145D76155CB858166f5905d9ba421562d4E
7468,0xb8946202d3AF2856EE5B05Fd834dbdF37404a853
7469,0xb8CeE7E2B037c6afF019636396687124Da63Df54
7470,0xb8Db5a8C84A43F33c17AD32369f0aC97EDb3483b
7471,0xb8EB51fC624376f6529B271d11FA0BCa87509A44
7472,0xb8Fd76F90D2569A29574c603620AAAC70C64F805
7473,0xb8ae72b55CFF707e117c95303E8eb5A0f0471d4a
7474,0xb8b86a8Fce33322bed8142Dcd3426F5f35289c68
7475,0xb8cfcA9dba2cE9cfCCBb6DC9C55D2502cb28345F
7476,0xb90139b5f5c73321943Fb19cDab8563886fAEed2
7477,0xb902064AE5134D4362f2C12f1afC6d6e01d89176
7478,0xb9060eAE76990a27984925e924dFba20E5Cfb0aD
7479,0xb91EFE41E38D2d6441c45BBF7a5704b9A1BEb905
7480,0xb92667E34cB6753449ADF464f18ce1833Caf26e0
7481,0xb93C336Df8A5b59651D34e2b2D8332E5a3e78B3D
7482,0xb943EcDB80549858682D3bEE885B00b4375fcac9
7483,0xb945f8eC55058E303Eb71392CE0411fCf41caA25
7484,0xb94f18618172928FC659c143F591Ef568D6E280d
7485,0xb957DccaA1CCFB1eB78B495B499801D591d8a403
7486,0xb95D4785bB6dB6653903f5c4c23Fa6FeB4cB8B4f
7487,0xb9635e08bB5d4d99e5BB8FF2E295b37458bb2139
7488,0xb98118bf88e61F38bf0e8a20066791a33dEEfA62
7489,0xb98aeBDae414eBc7C622C9C5368d63F4000dB673
7490,0xb99c160514dfe68BCAbd6bF3045d3dd0F90eb0AC
7491,0xb9B1BAd1Bd633Ac448C06433cf2454B57144512a
7492,0xb9E29984Fe50602E7A619662EBED4F90D93824C7
7493,0xb9EC430Ac2E250E908250699cE3052807ed89CDA
7494,0xb9Fa876449460d9433C9f78e0a2EA576D2677fC6
7495,0xb9Fddbd225b6c8Cc24cE193e5fB95db76D783F2D
7496,0xb9a954BF995bDEAcBDfE4B1F5f85cD6122c6E341
7497,0xb9d8877DE63754586F6f99B020326f29BaF58c41
7498,0xb9ef85Fb70E233D574479fBF02eAfbC72EFD1e6E
7499,0xbA163f6135E610cbF650DB1A81317D985e724554
7500,0xbA3eeeb564dBB0Af7657559A668EB7b8ab8cb244
7501,0xbA681f15A7bAcB49Ccf4A6577F2b522869db90d8
7502,0xbA6dA870B92cccA6B427bA41B1f3D36552b5653C
7503,0xbAB4B2aB104097322bf0e38AA0Edc614E236BaF6
7504,0xbAbbE06D9243412a83D3e2529c02f2fF77234f1C
7505,0xbAe1264CeC9371238da484C42b56B0dC8C31c6B9
7506,0xbB1130367b46c56d9fA54AA5DAeD7BD8D391A7fd
7507,0xbB26dA4F71B24f66bd3d335F71DE7509a62130f2
7508,0xbB34082c962045E73f9afE90d5635985b468c210
7509,0xbB3677Ad7FE8c7C61A3F6EF9F12ab4F6f9FC2d17
7510,0xbB9A607eeD114549006277f8BB42Fd512809C8a4
7511,0xbBA7ff12A84D91Dc8409FcD3A377C13361B9cd32
7512,0xbBbc35dFAC3A00a03A8Fde3540eCA4f0e15C5e64
7513,0xbC0c33FFf2888a499a519a641A91f9d7dd270b71
7514,0xbC145903450Db88640831932955099181B9C3044
7515,0xbC39D97a2A83a890AD69F2B8BF78e194DD930035
7516,0xbC46b909C89433305385C6a2B020Af6Da35aC25E
7517,0xbC4c19427b0FCe83B5EF22C0FBDE151a60264c09
7518,0xbC740B18857e654D00B820EBF7d1692C6647511d
7519,0xbC7aD0E2d4c91E72Da74eEA7a9bAC49c6679a890
7520,0xbC7b2461bfaA2fB47bD8f632d0c797C3BFD93B93
7521,0xbC8Fa485caAF8e4bEbE2A2540eFE29731835DB67
7522,0xbC901B8C47f51E6e33F341DE53d425973Df38ea8
7523,0xbCb556b5De0149d0C06020AfE822e7F1245F4F9E
7524,0xbD0bEC236cb09C73dCc8669Ce1888f0a20ED8cC7
7525,0xbD1bfF03034aC340235E48EE35c85b1121b8198e
7526,0xbD2Bd0c5CB6Ef58Cd5e08F59a40b4F39FC6e8Dc9
7527,0xbD578235d2feAEcf5Ef8E9eF4a7Cefd5f1B3Bc5C
7528,0xbD6F5BdC401AB1Ca811e40755f4A2ddAd75cE2cc
7529,0xbD7133195DC9C05C13cAbBaDeB8C0A1ac1a33829
7530,0xbD8CA5c899eEB46630b3dafaBB82da66bFcBc5C7
7531,0xbDB8dfAfC829964956BF6B4f8Ab605eDD2177225
7532,0xbDCe6E36ff4AbF0EE285a04331978E7C9ca2D49F
7533,0xbDDEb8b18EF1f4017951Cbe9D8682Af40b8CdCB0
7534,0xbDb0580aE97CBF79d1Be3583ac090A95c5077bc0
7535,0xbDfA4f4492dD7b7Cf211209C4791AF8d52BF5c50
7536,0xbDfDe6568e96DD9e3a897ef0200aaf367B516794
7537,0xbE18f84532d8f7fb6d7919401C0096f3e257DB8b
7538,0xbE29bFeAc05BE2c6717Ba945186026b58195F3a1
7539,0xbE6453a137737EF317F6186D1D95bC7941D5238D
7540,0xbE7AF580D6CcB7FD8e45710f907aa7019d8e6c4D
7541,0xbE99385E2765b78d3594e78aBf86EbafB443a139
7542,0xbEca4AE23759d8F0D4894D8ad9ee1a1D63239Ab7
7543,0xbEd3d47e2289Ed5e4C6361d31cCa2428205CaD03
7544,0xbEe7Bd99b1Ad96dc7d6AB7D5b77E5dec28316465
7545,0xbEeb66591Fc66210672880DA41A481Bf9fCFC72A
7546,0xbF3F29b5eAd458c66EfAAb1e2cBF31f622ad0CE7
7547,0xbF546c6de6dDcACaEb554e204053CC2B9aDf9BD6
7548,0xbF67ace2515540c2cC81e74C4Eb15691dd8D7d5B
7549,0xbF68C6840fECaA73eE02d9Bea9b4A77D6DbCaB24
7550,0xbF94c2f8112CD43eA591Ee10e0f8E2aE6Da804d4
7551,0xbFD20C23c76A9CC00354130BEA799Df56C61f371
7552,0xba30963F47A2d33476E922Faa55bEc570C433dD0
7553,0xba4a15A05318fAd8c9025C56B08Dc8C0A9348b92
7554,0xba814bb8B873D3634f444926d992EDc1c04488fd
7555,0xba81D3fF1421fc7DB3ba6A8f15C0d9744c1eDFd1
7556,0xba87750DaB6e06a0770eB787144a40615e06C9aa
7557,0xba8ABaa947D3B96DFccBAa458a3d263f4E77BC0A
7558,0xba94E62E567656aB763Be504600FD9cfD35128BE
7559,0xbaA2162081fAD8924eeB3E0e9D642fA8F392FfF4
7560,0xbaAa5Cf633E5De7552A41F9f3fe66A90bEEDB2D2
7561,0xbaF0cE711B3947eECBf19f556fF0c0400c03cebc
7562,0xbacFa030DB18e4197270e2e3348B007a22822ddd
7563,0xbad05C841b1C8ef9147f6296D7506da742aAD49A
7564,0xbaeC6eD4A9c3b333E1cB20C3e729D7100c85D8F1
7565,0xbb268223466FFEE38D2212Ae7c0C820d532f191D
7566,0xbb468567fC012d1A1E5bf7ce44dCF31bc476be2D
7567,0xbb6FEe4D8B8A121A56AdBBaB64f12792aAA34cD8
7568,0xbb6b954B21f4a05a8b2451A8B87256435979fD63
7569,0xbb9e886dfa1d7354536B76f3BdC768fE35C0ad72
7570,0xbbE63e717479f52a801709b900DC9451B95872C2
7571,0xbbE65e537e1133bA6cbe4bFD3fc30e1d548028eB
7572,0xbbbC26F9c644a7E72650dC189866ED5F01473756
7573,0xbbfe98e31e7305769E0C8815A89585BB3397aF30
7574,0xbc113aC29567eE89363E4d07462823F60b8B5528
7575,0xbc3f3F903B6554de8070B81Ca41c2b1557127E4d
7576,0xbc402e8198a692070B91795A8377eE57ad95721b
7577,0xbc5fd32681ADBc75c41AC603f86F11FBCf35267b
7578,0xbc8a40D21c1C6fc289f75Fa7EDE7B22cea55e5d4
7579,0xbcBE92712d4b4D99b7cdeeD533141fd323820375
7580,0xbcC02E2f1e32FD26a32DD75ED920D7204bD6eAFc
7581,0xbcD560c74C93e1c580220E25FB2d83318Ef11b98
7582,0xbcb4c8386c097589e7825aAeb9E7C6295835F1d6
7583,0xbcba34246db4F560FC19b9a56111B90f8cadB248
7584,0xbcbbC6ef63e3Ba8127c7C3E8bb124bb93FdDFD6C
7585,0xbcfb9B4aaeDA03109FE4e9502cb713F5D8FECeEa
7586,0xbd02a6bf1109314a56C6dB60a0F187dB68208a95
7587,0xbd52889A4cB198a0E2cE36b52Cdf75c4e65875A8
7588,0xbd75850C297dde91191C89fa50f19E3aa23d0A6A
7589,0xbd7cc841e4EF36f83F23C9087d57C7B50b71aEF6
7590,0xbd8152Fc7F060c6555809F6EADA3ce64Cba4D723
7591,0xbd9DAA6225b1FdACc89Eb791fFeeBE69cF18a63f
7592,0xbdD26D6723928D149503D71ed73cBf979a469F48
7593,0xbdF81b19af7848F7384c38E68208885ff0C9F390
7594,0xbe1a6A8E0A8260D1f3fBFC4aeEa2a779eF933691
7595,0xbe2c764545E7DD00b24a9601CAA9FD9a01941ca5
7596,0xbe88f63e025BDa1b3fcce1025924da977217B418
7597,0xbeC9A8a29D400F72030E6132D1F146949e826c6b
7598,0xbeD9C70eff039b2Dbd8bafdA08C53BFd986d0C1F
7599,0xbeE1cdB0de23afE4B81D41dfD2f956e4B611B694
7600,0xbeF209D398d991f2E78Cf17d2c93A697E9690Eef
7601,0xbf30777120608688354908D36b4fd29Aad13e084
7602,0xbf35C46b9786cda031409CDce7281C22f995ebBa
7603,0xbf396b3182b53AcFc4156801184C63239D4F8a19
7604,0xbf39dDbaC5CFEdC4476b4088904131CE3cAd1D14
7605,0xbf569c643205f4Cb07cfe3A1E28051f8813C8d15
7606,0xbf5cf1fc71EA7A166D49f4D2d636F9cF0be9971b
7607,0xbf71FF2a9Be34Af7194Ae2e6F3759B663643A49E
7608,0xbf7afB3D3dF3f10ee919d1cC99720CBC0a045221
7609,0xbfC0dAd3979c57672Aa83F545BdbFBc4A588f817
7610,0xbfDd960844765b1BAC0BF1F01A84Fb1F5aAFe9bC
7611,0xc05658125B35e70Ac979D48552207890f0372044
7612,0xc06098b1eF14C9b1024986f6F3199C5E6AAfc88F
7613,0xc062f727BF41937d722ba4679CbE7F0837b3351b
7614,0xc073Aee52F8aC450BBC2032746E69bfD4428A322
7615,0xc07BA0ddbC3C45904cc77818951E0A26281228CB
7616,0xc084508124a8B76e44a07418a92a868394153771
7617,0xc09807BC0D39C4E08ba55a79B5Bd9B911845B074
7618,0xc0A0F4f678b82F42a98daf274b89006c7186443F
7619,0xc0D2c2463Ad344310e510FD7cF254532fE094ed7
7620,0xc0E5E14bDEcD9ed6954A9E14c74E97CEBD91Bb94
7621,0xc0e0fFc4719f4edA7A496727DbEFA310cd3b4141
7622,0xc0eC7cBb26826FE85DEd2966Fa0aB1804F767e1A
7623,0xc10DfbC7829AFA006cfb381fFd15A19274873368
7624,0xc1165124be8DC53A3826A1AA1B6643e9138d167C
7625,0xc1178D5BADA448126A5054EAF4e7c2f3fCa5E974
7626,0xc11d93016C7923609C8dc3BA06319f4039ac5bE3
7627,0xc12f413A4bfcd7749FCB406296a6fae42fA4dAfC
7628,0xc12fd4DA1536312757829b3Fc60088d0801E6B76
7629,0xc13D8e8d9bB1844Cf514f9C7Ab50a3950dFa4eED
7630,0xc14Ed2B899983E1E4667ea2D9ad649aD1979933A
7631,0xc14aCE5aEC82E116187BD18b6faf25ade6C76e8B
7632,0xc155F9BD6B71E9f71d0236B689aD7c2c5d16Febf
7633,0xc168062C9c958E01914C7e3885537541dBB9ED08
7634,0xc172eD675fA2FdbE982027B2C3FDA8B61030D9B5
7635,0xc176fcb06b87935d4a6f6788c28E5dc5C3Be9b24
7636,0xc1850cA5273ef370A46639aa6c24E9537B914aaa
7637,0xc18964cE282464838C60338cA352863445AB4CdA
7638,0xc193d067E928c7F396F9A16Cd1Da423a3F2e7ec1
7639,0xc19889b7eDD8dCC72318402254C3779EC0bF5433
7640,0xc1Bfb6fD512D68eafD85368A457c21d2cC18b887
7641,0xc1C772880d009D24C8098b8a2B4C91312966425D
7642,0xc1D5C4cb6DbeDDCF1Fd37f57c0168D3F2B66f3a5
7643,0xc1DE0D2dFf2Eb8A16b3f89852F3c0a7151B8a5dC
7644,0xc1EC622444c4c68002CE87E5966d5C02B59112A2
7645,0xc1a69F906Ce4366C0C77e0219b3132FeA0969231
7646,0xc1b5364f1743cf7F54683951F15d07A68cE8f92e
7647,0xc1bda19431aef5ad1F97279Cd86640AF5B7134FB
7648,0xc1c87c37be3Ef20273A4E8982293EEb6E08C620C
7649,0xc1cC9d05d269aAd83C6BF776A08FA11Bd2C4b660
7650,0xc1dDd138895f37531e7c59886c9fD8E52f935b3E
7651,0xc1f29BaF248730d4be00825f071cb6AD4bD3B9bC
7652,0xc1fDDCd8e6c93F0BD1212583c89a982b8a063F84
7653,0xc20d932673Fd8D01f62D6e82552813F943894e56
7654,0xc21997FCC37dB80d797d5D325509264737DDa6C0
7655,0xc22a96b0D1aDb6C55D2c5d734CAa2842e3c0E102
7656,0xc24A9Fd169C4a326A734f96a21452a4C07B04384
7657,0xc25C0092307A5b8afd8A4bD01351A92579040951
7658,0xc27F5F7eeB120837Cee099E0813933Ac5179caAF
7659,0xc27FD9D5113dE19EA89D0265Be9FD93F35f052c8
7660,0xc28b3eA7F97DC507Be99378BfFd7FD2866BAd6dA
7661,0xc2CD0D62C659B55e9a05B9d0a32B4885a1c8FDdE
7662,0xc2bBeE9e2D9C185C17206B6EC98363fDA345f614
7663,0xc2c62B99325dC3b6750B2965914aBF3Fb11b5900
7664,0xc2f833639b69D46422Db24000d81Ae3AB49F2bb4
7665,0xc30ffb3E161891864F4B2E121b90105De8Cc216d
7666,0xc315345cAB7088e46304E02c097f0a922893302C
7667,0xc32d36167Fae04dd745Db456B62580266FA6E1Fd
7668,0xc344f940332d3AA76e4f20D7352AAf086480111f
7669,0xc354C702513D5984eF77Bc3D1974cFb3fDaC3134
7670,0xc35bb775c26E344a92cD5297b12D9F613C46995a
7671,0xc372A2f37B86d8Fb3461C41AAbE7E1dcA95F304a
7672,0xc39d34e038909a98996E01613200300d6b28fC19
7673,0xc3Ad78CAa7984ECabb06C6bd4934C3d8e9EfD593
7674,0xc3Af76B8d6D7b4E5CB2Cc1C8B0DE1b678E75AD99
7675,0xc3E357A84B29670F5A0c066a61d1658B4a70c800
7676,0xc3F60BC338E0Af8f46F52650C813FBD3C071E165
7677,0xc3a01B10172D88C51ef40880eeDf8B18dCD6072f
7678,0xc3d2fE80e91d1d65959f91575EdA8eF5c353385c
7679,0xc3e394449A8cA5ff0E2708535Fa1C38847c8Be18
7680,0xc3ec30b1D0F9bFdb328D79fd2803a69a18512b15
7681,0xc40A2752256ab6FCCED5A39a40C2ec0CB44f2F38
7682,0xc41E6212532ac06EA9010c6B8d29e0c8437d66B5
7683,0xc44505d1111EC42279AedE122A77CBa17359438d
7684,0xc44F17DB2A9999550d0ef3bB008Ef9B5cdFd57B9
7685,0xc44f621FD412714606C793d96dd31eE9275adbC4
7686,0xc48d0E9043E9F475BB8407A051fbcF03ED2137cE
7687,0xc4Aa498De47b3591fd889A349dA1D4aD87D0ef19
7688,0xc4EAF72BC568D82Bd82E7A1C1c0d0Fc536984DC7
7689,0xc4Ed448E7D7bdD954e943954459017BE63584F69
7690,0xc4cF7b33aEae08746fea22D34f53c4D04609b56c
7691,0xc5065dc02eA6C8EC901F7FeF7D3d12277e21944d
7692,0xc5142A066dFcABbD20fF8B581C5e82F523aF21Bc
7693,0xc5484e7B5b6d2F68117581ECa731aEF1925258aD
7694,0xc549c25Af5F9E81D104a046AB574b7b6a757B556
7695,0xc57189696d5165B423798B31a64b1c521d780c1B
7696,0xc58493c5e2507e26A8976D0895fAA27b0ce04F9D
7697,0xc5B6488c7D5BeD173B76Bd5DCA712f45fB9EaEaB
7698,0xc5B67F12BEaA7B7a106a4eDdDdc0D88635223915
7699,0xc5B71e13eD71e15DaFE28a96a02cAAAbEECFC502
7700,0xc5aA216ab58291b7cFe9be87c0e46917DE032907
7701,0xc5cee9416571752528ACbb4331761C5E2706748c
7702,0xc5ed490c48B09EDdb97F856c3fEb7B471b239938
7703,0xc60B703472C9061FdB159a8E83083c3ada724ADe
7704,0xc617f9823D43EFd28A26A4DA2aA4F9C2D95567f7
7705,0xc63f4490e95bF40E7887F92248Bf95E7d458CDCA
7706,0xc648c0bf7514aACeFe78cbcd4665e8BE609509c0
7707,0xc64be15498e21BB468c5e8c4BCA8166b256D5093
7708,0xc65c38e13A0c329242Dc5b342815f2Cb5D96d67A
7709,0xc669B10bD62D5a67E9259c45841d9B3224D02ED9
7710,0xc66c240A1dc1A0734cf7dE06BCD515f8d3D3066E
7711,0xc684b59681b866B40B923670bc7139BafB142A04
7712,0xc68af99169dd51e38B9F35C048e08372E82e7D81
7713,0xc6945AC4789FE3dD9E6C93746948B8409b6Dd350
7714,0xc69dB2E84174eFc969EdB36F6962d5F342BFc3F6
7715,0xc6C2B811018ECe31786765d5A57F83cd4D776c37
7716,0xc6Ca088D5Acfe7795f3c7091ACacEDd2Ae35744E
7717,0xc6Caa425EE4e6fa16a116B63111c5452e0D4982a
7718,0xc6D3594E3605eeC43ecb479F552F7d21e28C38De
7719,0xc6E4Ad3ccdfC65687D2d60a454a8bdDc1F4d6c06
7720,0xc6b3f96F368c01B9D0B418eB599f28b629999fD3
7721,0xc6e67C7552165BF9E25De0e00CD59cc7C1c2945F
7722,0xc6ea1a2B3c5f29844352fC6f504891732Cac0316
7723,0xc6f55896c103Ed454215fdDDb402674A01385026
7724,0xc70f6273F7EDF28F28810EA0B8Dec35eb00bcA81
7725,0xc7169C53ff4F473F4210488e1303Dd889f706F60
7726,0xc71ae2D354Ab164D5086010A396287Ee370EfaB2
7727,0xc7340346ae6E11ae3D5b0BfD6177e37B2ee335b9
7728,0xc766D73BE01Caa06834032bF5C8F8f0F41A7BF36
7729,0xc78CE4E51611ed720eC96bf584bf1b1658FD2379
7730,0xc7A0A4Ec7dF56153fD5D7611d221Ba90833256a5
7731,0xc7B6CD46d9078E3B5348b9e390d138eE6E15D4bd
7732,0xc7C780466e6fDf955839deF6F4d7B1F5F8A21dB6
7733,0xc7D46b70F3e0ce07915Df817723e96C671b4Cd65
7734,0xc7D5bbb41ec93E6F5C4B4B4ff5D1942A35933D28
7735,0xc7ae1d1409a148bc7Bb320404B4a4c7527de9841
7736,0xc7e290De6775c28A6d0678f301D7aC1Ad7a0d967
7737,0xc7ee3B9778e6192eC7A1eF984c786e59d2990Eab
7738,0xc7f2AB10D5a9B8f9261d7D397630dA85fD684e65
7739,0xc8093BbA6475623d766A002F26C87E6bE1EE82Af
7740,0xc80FD0aACDd2930EC3ec2B960471e0b03bDBB493
7741,0xc82ceD242a7c064EC0ef3742BDea830aEB46D614
7742,0xc837DBA5D94D376d668dab7554b3290f057a83C0
7743,0xc86115b1DE5D755e883aA778a9a13EEACE706087
7744,0xc86502681F9F5fD7eC9155c7839fda32a3fcaEF4
7745,0xc887fAdC6baAa8cD234d9104A65b37265522b024
7746,0xc893e1A9EAE0Da377084F4B8f96a39ab60640aAF
7747,0xc89774780686b6be7aD08a09721493c8720c799B
7748,0xc8A1fd6F2c3b55253c7B69Cc35E7db994d889641
7749,0xc8DBa91271A2D2567e77DdBa41b028dB5d31F05D
7750,0xc8E68D674Df0Eab152926C4F0EE7D0ac0745c715
7751,0xc8cFBb829640EFc451a87f4872F2a7bb2518c42C
7752,0xc8d64ccaF7c8392E56DEdD476931a27082AC4aF7
7753,0xc9037FD858069e2Fa03cE1EfF31Bda66ea3075c1
7754,0xc92C5890c7478565f7e313BbeAf241D64aec7283
7755,0xc92D60af8001b1070CE40337205Af18a0bbED142
7756,0xc93212D4b111f7e8e1146a3FF3Dffa338988CBcF
7757,0xc93678EC2b974a7aE280341cEFeb85984a29FFF7
7758,0xc945D0F96E4b91333F0EDc870007d419806Bd970
7759,0xc95C069F83b8e9eAEeBf813a4FCF6762b881E35F
7760,0xc95D3405D86D7181Fd897146cd8204DABb164df4
7761,0xc96758De14880B07B08b22Da0668fB1128Fe8636
7762,0xc97A4ed29F03FD549c4ae79086673523122d2Bc5
7763,0xc97Ad401C75e6BFB5694899Cd3271485d27C6Ea4
7764,0xc9A244EE156D98cd4Faa091A8ECF0C7f61a6B776
7765,0xc9e36325a9d2e422634d8A78aD9F1234E079C4EA
7766,0xc9e992F88c1a4a83B936DEFdF4b36eC798B65e7b
7767,0xc9f5296Eb3ac266c94568D790b6e91ebA7D76a11
7768,0xcA1CAF2222eea0E046e0F653E647566d8d18dF95
7769,0xcA2ed2dc3012f4a4BB6E705Ce1D2136ff93A6d5e
7770,0xcA594b380352EEAeFe5097608897aD0e6E0036eb
7771,0xcA6eE992a9db4be1f9993Db7Cbc36AEF56134d10
7772,0xcA7B4697e1175aa9Adaf53810fEE4476ee7f9a60
7773,0xcAF8D99CEE20f4722350d6314591E2fA5d2b7b1d
7774,0xcAa3a3c852442F06806170D137248bb21ddb0E1B
7775,0xcAb02C5028c2fce9ba8Fc1909C69A4d88f11EC96
7776,0xcAb9F75ECc5759976fa11acb8F77b83e43f790BC
7777,0xcAbbC2C734b70562C9eb5CFF1E4B3b9da257763E
7778,0xcAd595a1FE329695836e5F3D6B6Ae33b4E9290a3
7779,0xcAdDC89af258349F9b5136C06CEFcB90c62E2764
7780,0xcB46219bA114245c3A18761E4f7891f9C4BeF8c0
7781,0xcB4BCEcc7269179f0c0b4979232A86E8D9AC5063
7782,0xcB71EB21F53a2F4de0F26dc90518Df10Be13D1EC
7783,0xcBE771D8A87Bf730510131DcBeAAc01D48ff449C
7784,0xcBa6bB7a3F7e139b73E04d6f2B59f3127A05375E
7785,0xcBbb355f3fa396efE71A088286f675cb142C19c9
7786,0xcBcD192C6C08865E3f3a5BbD0c7459e1653c2a15
7787,0xcC46781bCbbFC09A30fe35737c36967071cee5a6
7788,0xcC6e121b40B51E946530347d1c1AE7D98F854fCc
7789,0xcC6ffA6a3Dc1405Fa1ba43c44f52782FA9b45CAc
7790,0xcC76113E7097023472063A1aCa871A9b9aa017D1
7791,0xcC972302F4ddd23D4f2056236773D7a052371040
7792,0xcC98cFdc5F5480D8DD0A0d0a7F80506EB30D5159
7793,0xcC9D58BCf299D5B9F3Ecc30e5d87f1D224CCf4B4
7794,0xcCFebEeb142D2f0C6D2b2FeEDDea7B8141C5D219
7795,0xcCa3E932449b65191cb7080E8E0327ff7c8D6d86
7796,0xcCf73497eFA861159273b4FE9159f03DED24aFD4
7797,0xcD0701A40ebEBBc295f53a7B875F291703f0f141
7798,0xcD1487A3f56fE5c8a1370794d22826f148B12100
7799,0xcD2385f291E41e42A0FA837Ab5dF1d58B9Ed8C78
7800,0xcD6C9Fae82a03aadA5463e3D96DACE0275BdE7D5
7801,0xcD79272e57a870c0b1f69a8C840244364C4a0260
7802,0xcDEa20190855821ba2Fc35363768F13b9A06796f
7803,0xcDc711750c0aFBC3288231309cD4fA3F45eB43d6
7804,0xcDf3dAe8a8Bb971B91345D7A966d6c1725C4277f
7805,0xcE4A14C5F214C968aD83fB3DAbb7c0F025F8Db3a
7806,0xcE8E8cc4a75A49955F58C9C98aBFBbaaB4C85Ec9
7807,0xcEF81C8bc6473FDa1C3b0dBCB7b621c9D80D755A
7808,0xcEdeea011164C3b7C73eFEA3a6563000C0ebEf01
7809,0xcF06F7dD24Ca4317220308bC221464c629922e68
7810,0xcF07aEdA16EbA7C76F91A589e2C5265B1Bf379A8
7811,0xcF28289559d1eC3D9DcE60aF46B21d6f4aEAd719
7812,0xcF36F0D60bD5Accf9b848C95C3Ca4CA05EB8f2b4
7813,0xcF393ce04cCAB3f28e3bDAA016d03e6706eBF4E1
7814,0xcF40cf42f0fF30C135b0BD4c935955c9799F974a
7815,0xcFb3C611222eBE33062B8978696B330e2b8EA18D
7816,0xcFc7FFaf190AdCADb51AF59753eab800ef2F071F
7817,0xca5706731358718e525B86D6Dd0e40c1430dD762
7818,0xca95B70f7770b600070B987A6Dc4C46Ae1C92325
7819,0xcb0872579bD251F009448F1442Ddcdc6C998d213
7820,0xcb0f462AcEBE4990f0B19776C0c80EDD4B0FA015
7821,0xcb1587a01d12E060c548712a01dE54fF0C7AC0b8
7822,0xcb222a32df146Ef7E3aC63725DaD0fD978D33cE2
7823,0xcb68E1D9Fd900f989F3a6b72558ea489d2d9F8E7
7824,0xcb6e4AAA4f033397d087A1C6cc422d061a8C14A1
7825,0xcb77BC307344DfA72821c59eFa16f0Ec9214752B
7826,0xcbBC5D06BE48B9B1D90A8E787B4d42bc4A3B74a8
7827,0xcbC08D52D74A1DB2B1364D15f83FB19274c156CF
7828,0xcbD9BC135051fF42B875714E49942D866829A9A3
7829,0xcbc7d0Ff51D37b60ba741bF566496BBa53b5eea2
7830,0xcbe4dc720F42998d3Ab934D7ada7260683B55C90
7831,0xcbf17f830289b3f469aA858DF36622Fe815E80D3
7832,0xcc1699615d792800Cf132b1cBE8e373B678bec04
7833,0xcc49B0748B15f64Fa1b23fDd4ceA89CE42e1384a
7834,0xcc6A92f5A38FBB535a1dC8a5dcc101dc59fcEfc5
7835,0xcc80103502FDFc31e5106d11854b856B27301636
7836,0xcc8e28d7b5b84e18E0EF27187B54c71D42D91747
7837,0xccF343eeF0c5f2590EE30EFc9F564B33AEb3C7E6
7838,0xccF6C29D87eb2c0bAFEde74f5dF35f84541F4549
7839,0xcccB8b78EE6F914E4A8fC96EbEaEC2c2a2CaC45d
7840,0xccea85ee55791E8F7e7194654fC7d26470e8c479
7841,0xccf16F815f655cba077b3Ea00ffe00daD60D50b3
7842,0xcd11c0289da92421d50dF6e479db60BB823f80e7
7843,0xcd1Af2A99D289A55D5882877318B79E8b028aAf3
7844,0xcd2140667bB567C054a1d95d1aE32Ef5874eb51F
7845,0xcd3A977B527424A6d24B6FC6DE8449Ab04a3F484
7846,0xcd41ff84Bf53962e23b163246c94A5EeCBD8be75
7847,0xcd60780b6Fa1d2bDc8345fAF1ce79a2013534240
7848,0xcd8C538A70142B085216C03Bc08988c5F07BE83A
7849,0xcdDCe70fD894e38648920Bf45d6B350e543dae6B
7850,0xcdE0f45F3d69678c7b7672815aDab5FCA2900281
7851,0xcdfb1fCCc1F09DE3D98B68EC3F8b3c57F527fAD6
7852,0xce089F0cb150B8C2faF36F7e7919DC0BD172D670
7853,0xce0Ca1F05D7a1737EDfa3046c2bD95F2f4a0776f
7854,0xce3036945Ca2A43231331c59454099E097E52c9B
7855,0xce303fA2B0334b616136f39225251f36f689085c
7856,0xce9f38341E5034661d8Ad1cCF87c059707998b08
7857,0xceb5F7De115db8Ea6DBfb476533Bbf2BDA3c3316
7858,0xcf26598F57E30c5470cc9D63F6E75E27BbA5b2bE
7859,0xcf53073586762A6A94D271C5Fb00c446A487A746
7860,0xcf86Be229CC955bC8C7a34306A576A7Bb3070AB0
7861,0xcfd1F6eCACBdFBE61e03e942bF677880a5cfAc0F
7862,0xcfed42ea50fe232cCe6b86b6e8A420af646bAB09
7863,0xcff390Daf77f8eC4D71cD835c48D3dC038b505c7
7864,0xcffd91182d94fB37a49fbD626400468197291cCd
7865,0xd0058799F6E7bEBd921d94b12E25DD7a955049c5
7866,0xd00edbc873d363197A858A726f74e9b4F983d4ea
7867,0xd0191aC55f87380c44195592b5366410DF94d0Ec
7868,0xd01B32Ed55e6cae7a2e42385de7572bE7edF0B2e
7869,0xd01aa3e3aD7e72fE5498dF02117a23213C1CD2e0
7870,0xd02425107bF28a583c17589398274E9f5E02E552
7871,0xd027b4D10ba1e45E97854B190d14A5d892a6C787
7872,0xd03F3e6C1B7272aa1F2336C1856a74d759fd0A6A
7873,0xd03cf9Fa773dA40475BaEad68E59C954C5AC77b6
7874,0xd04C7ba7979d64fb44cd67d5f1B2C942aFFf9DE7
7875,0xd0515aC0fCa3ab32eF03B96B41b1e807839e77b5
7876,0xd0519DC099418373fD3e4c3c204F569D402BEB5A
7877,0xd0621126e351E4BeE1D567253aDEF2A35D705c31
7878,0xd066BEc9BA1e6acf74F5f38Fb4E16Dc0490173ea
7879,0xd0686d86b759f6C484103Ae4AF056e76c68951b2
7880,0xd091C7056Dd33ecaFFba866EB6E833c916118c94
7881,0xd0C9c5E6a210A1B0F07c1867ee62F7ad9E557a9d
7882,0xd0Ebacf958b29C54D25a6c9B48668a70BE838749
7883,0xd0b6488CfE0E1a0b4aFb25EF8643Ff96f51744Cf
7884,0xd0bB63e2c183DB414977Eaa6B547601e46E12ed4
7885,0xd0e5BAdbcbDc7Fb8d876832C541aC4e735d7Ff22
7886,0xd11CD3A57A3d67473864C4ADAe37891658c7be3A
7887,0xd11b0E608e81d304bfEd54cd4D145Dd6E1888318
7888,0xd1282134a3481Cb548504073ea31E602228f15b1
7889,0xd1284EEE41b756930EC3e13aae1Af2Add7d04f02
7890,0xd138a30d40Ff4db56A950c418975157270f0CB38
7891,0xd14eBCC122662d9803a8A0717B5c633F8472249C
7892,0xd1543Ae2cc815b510d64a404EC58B3d4179cB2B5
7893,0xd156122399690B387702d4095dc24A397BCC8Af5
7894,0xd16f195C30780E455cCaCe7a369fD41cc4EE3bBB
7895,0xd17D5c760536a2B5028439e27D14D3A5A03594b9
7896,0xd180dD68759a1570a66439548319b94240f309c0
7897,0xd185BddB50833422b5839F6f06867c1dE059581f
7898,0xd18bA58C65CF3d26EC9003FdFF9e3Ae518F8BFef
7899,0xd1A83A93F553d87E2927f18497eC6D5aC0465e65
7900,0xd1A9c2eA40161AaB01f73cbec33F198A2CB4dEEf
7901,0xd1B46Bdb2c0BaA98233E0aaD7256e4668814b058
7902,0xd1B5F81f00cb4FC216e5377c26934d5B36F8428d
7903,0xd1Ed971B7Ef4866521513ef704b9F5E9b2fc127E
7904,0xd1c38e2b708E771B02EF73866D4Ca75D34F657B8
7905,0xd20C21998363c1a149BcdFAeB20C2c9333cFC661
7906,0xd20b129ad49B8638404DDC42B46c0F8Fe47A3045
7907,0xd2199724EA0855f08e78e72bAB0028533093fAd3
7908,0xd222E5093F8FCDe7bDE017F611763bC39c934E15
7909,0xd22D243d1F029989bfF71882662F836031ccfc23
7910,0xd23C1482147baDE68dA51b21c2c799ad4a167c08
7911,0xd24e36A85E3e05f73CFc2F142C26D3219d15d884
7912,0xd2505bd7db3DFB53150F606d715e41794C945899
7913,0xd256DdAacaf0247a762a94eE6D3F6FB5845Cf862
7914,0xd2615Eb0E51Ad50CdEC152770DA38E71ca6195a5
7915,0xd26602a2628b92c703aF00b99a60A9A93311b226
7916,0xd27d90b337717Fd91C4D409F712B890D4eE2FdD6
7917,0xd295D5aD68f82d2Bc325a6CB8fEf5F2a20bD4F48
7918,0xd2BC4e7ECfA4Ec39069623854cD114Dcd8771B84
7919,0xd2b129CF8070c3574089c965a61729C50FBf646a
7920,0xd2b9548048BD1DD8558E885c2152121186c6d5b4
7921,0xd2d3cEac9DC87C710C5cbBE64e68E72D055a4215
7922,0xd305824Fc6C38c5479587f3dA4F9A9a95CBbbF50
7923,0xd30A2b2F6685a3192BBEa36e05874a614BeE6c8b
7924,0xd30dF933EaaF79b4886D48127b4b96F52300281C
7925,0xd3171cf9812C688bBC0cdDB8A71b2eac18b0A956
7926,0xd317380aC010D5C095506ae081dfA0611e08aB38
7927,0xd34443c1427d29E62dD4d1c5358A512065ef28ce
7928,0xd3476FAf7dFBf061BAfC98c9ec1032DA0Ef966A4
7929,0xd3603cC53e221D2097B1F1207553F5b0622D5f8F
7930,0xd36dc8c4F3423A07082A17ADF9264a5c16C22C67
7931,0xd37CC0CB12A05F021A6Eb1837419D9E62c41e6Ff
7932,0xd38F0deEB124159575F70b1F09f5310aB4424EF2
7933,0xd39688407Cd26EA040fd5126eFeb926228A8C0cE
7934,0xd3A38EaeAe085B04d4Da3614c870C3b985067C40
7935,0xd3D30944e8d12F7a8aaEf20F5cc5bDF3d8f785AC
7936,0xd3E0B919b3cB575A3f6023C260ea5FA5f0013cC9
7937,0xd3bA528AD5DBBF42fa44FBf2c433d812A5787CF5
7938,0xd3d81cD4284aca92c5BFbB8248e91c8278003e9F
7939,0xd3dFf402B74563B559c620a5c56aD2f048587C1C
7940,0xd3edEb5a2571EfC057B272Ec6E4F91143906d6Ec
7941,0xd3f30398cbf3Fe83fBf6301bf389E610F36BCEAC
7942,0xd3f441585bDe597fF9BF9ab47AC6B394E570C12B
7943,0xd3fA33a053b376f059B1853FE4fa0786F909aFa9
7944,0xd4103bE7Ee7E2b5bE5bA8dac74014125370E68e7
7945,0xd419492643563C13dae2671a42c9112383eBbF2a
7946,0xd419b416bcfA749E507A19A749e05E9723984Ae7
7947,0xd419d53817E1DAA7B2f72E51707774f3ff0A54A3
7948,0xd434d8bfa3aD0651091567Db51CA0A1BA7a55aF4
7949,0xd43f3716CbB9386352880a9BD52f7F07aC01752B
7950,0xd4492D43f438b60922fA25091F136d302862e0b5
7951,0xd44aA3502162F720811e7C206CbeeEe39c95fba0
7952,0xd4702A02575cf83363c7C3A352F1619641bEC373
7953,0xd4731A6c7Cf6642281e348ff50C8340f6C49E10d
7954,0xd47461eE7E427202b04464b21180c9F66e4BFd51
7955,0xd476a80926445b14C167801198928ceC5d8A098F
7956,0xd481F3E2370D4e43c7A2f00738b08aa0eaAe5B7A
7957,0xd4AF3430Ca29e3F573A7171481326190139a8Ba6
7958,0xd4B811598d6a08F65D10146674c5465308713a5D
7959,0xd4b56CfF476276575102dE51C9C6C695D96A1679
7960,0xd4eE113548dd66913DfF6743E9B89E9fCA7e4EAd
7961,0xd507D4Af71088BAfbf2eA0CdB6962694F850DE01
7962,0xd515079dD62Ee7f6D05d70064ebACe0adb07BD95
7963,0xd5183470a4b24A2E018d3E0837D7B1d9Ee4304Fe
7964,0xd522CD8cc56BAdBD1E9A84a9F726Dc87667Ad73A
7965,0xd52A2030268EB6d81902Cd9691167Dbe7565D0D2
7966,0xd5394d4e8f72d3605715738067861c72F57773D8
7967,0xd53C9Fedcc95187307908D659846a443cb1e7350
7968,0xd5417e96Dd04363c675E41Ee6F30bF788412C719
7969,0xd54Cc5c30e4ec667D916137FF649cB63B7d911eA
7970,0xd551128dF4F0792ac3C99AD08e3ad4E8DA5Aef47
7971,0xd5543492b193eB718c47dcEF28cDc75dE9B2eA59
7972,0xd564e8E416e4251D85A3E0BBbEBDD0fa2e453ecF
7973,0xd577F9c4bBc9138C44D38DD3D3439612B14152c9
7974,0xd592aef71dC170F49d01e1796a6a6D75dF8a2456
7975,0xd593EeA6f7959e0b294bCC6cC81A5865102aDE1e
7976,0xd5972097Ce92d1F4609222b4E3398FceB8d61Ed9
7977,0xd5AA16C8120Ea7ea8034eA4757f87D67F3190530
7978,0xd5C8873293db1dbf886d7fc39EDC3b527548Eb31
7979,0xd5eDdc655482e70706F669A1A184FFC41BDE8ce1
7980,0xd5efDcf7aE6bBdDf6B2F4B6DB161E59F5D9b9A02
7981,0xd609abd5201f51d99eA14A841cd37232083Ea3A2
7982,0xd62f38E9A9b242A645eF849b1D188739b8bC8e3C
7983,0xd63442F2c0D2555900367d2c4525367f23acbc85
7984,0xd64254fF3a5B08aF357741cb851fa721D1c98d44
7985,0xd64EDaf62B536cA8Ac5139AF819C4067FcA7D914
7986,0xd64ae5f046449e59E2EFB43e25D4F744e558144C
7987,0xd653971FA19ef68BC80BECb7720675307Bfb3EE6
7988,0xd65CE463488A31acA65A3b06820A78A5f02Ae7dE
7989,0xd67cCe92218517B4963eE843B3a454d382691F6e
7990,0xd699E27a43b7eC6102568F0aF0D7f61d4700cC6c
7991,0xd6A5adE2b16AC1d72A1E2833b573cCda6FedecE5
7992,0xd6B03Beb964F1B0D20aB73436A3360f856488e82
7993,0xd6EDdF04e360ed9FA821cF3F72951AACC893e628
7994,0xd6F2bEA66FCba0B9F426E185f3c98F6585c746D3
7995,0xd6F8cD019Dc78E8CA33139b26da3447394eb12C7
7996,0xd6e371526cdaeE04cd8AF225D42e37Bc14688D9E
7997,0xd6f1234cD0668b5C9a3e88F2D6fF7dFf74E387fc
7998,0xd7051FA9479B7DF2cA2e87D02A74B4A58d50dfb2
7999,0xd70b65214714A1124840Fdd9354Fc350d5F6A5A1
8000,0xd71119B695837Fdc62de3385c55e4F1973cC6617
8001,0xd71b877Ad4236E60f944292826F241B5A8960548
8002,0xd7293CA0A8e563F76993e43a22855a9ed7b8d150
8003,0xd72C0Bc5250c8F82E48BE46aD5f65bB5891483a0
8004,0xd72e2A8b1A33B6689ccb7a929CbebF3a530dC5d7
8005,0xd73405Af9eEfad3E5AD6de1f8Ef7ec709b0d223F
8006,0xd749d9cCCB1a9Dea4659B639A652e38d7268f487
8007,0xd7518d58aa2A0C05EE28E4589E9Ba58165DE2dF5
8008,0xd760899DFf0ef28e72561acdEa7569985b3e477D
8009,0xd76B6f503c04A1Cb86A7d5B9d36928343e4e6E30
8010,0xd777bF2b22dB924eEb087e50D1692629c5891bd7
8011,0xd788d826864dfFBc61C75F0c85EeEb840f246247
8012,0xd7918C373c7Bd365A3386C40c6f0582e29658097
8013,0xd7AA1b886687F678a21f6cc6e7362763E258cf2c
8014,0xd7CAb7264e1008E5Be0270d327AB19c394559531
8015,0xd7DB0B15fB0917184534b1ecd928846c6aea6a35
8016,0xd7Ddf70125342f44E65ccbafAe5135F2bB6526bB
8017,0xd7dEdcf8fFDDCEeD9aD20A41A5F88DC1268B3ad4
8018,0xd7eB7953A59ec52b601F496A183eBF190c94C046
8019,0xd7fC74f5bBd51Ea6067873846a5401c13A577CbB
8020,0xd7fe698EF3087CB80f13B24bA559F25a38FEAa6F
8021,0xd80AE6951F8FE208D55f9cC7BE6d53476f14d8B8
8022,0xd81718495aA32833A6972a3b7F3326968345767b
8023,0xd836da33a6629548271eb9ef4f62D083376eB4A6
8024,0xd83C3b2A31Fd3b1488CA9D4EBe8796be36Ba25F7
8025,0xd84E11beE5D555CCd905817Cb8CBBd5b6e6C4f0D
8026,0xd8641A474B26af19de9af93A32343Aab75B5839A
8027,0xd86C59B55A4194b4504931037DD52241138f01F1
8028,0xd87967Bdc3022Fd859148136513A4A7E02D060f9
8029,0xd87EcC6C74F486B044824a222326A96F696fCfA2
8030,0xd8827D60486E01a6c54F7fc2ddCD9527a26af8ba
8031,0xd898614cfC60050d29d5D30C5DD01AE98d837f21
8032,0xd89979b759A1b79753DC1Cb833D3c82DAc3732Eb
8033,0xd8A622270AAaD33f578ADa6923ed7f84724F32a5
8034,0xd8CabAA47824c4Fc2822725f8e7a8e6A02FD64eB
8035,0xd8DCEd4d747DF7Fb7E501940F129FaEb9f13B692
8036,0xd8a65D6f47194173AfD375a9c4919B70E5fDC23A
8037,0xd8aa3E50203D15666b80C7a577F2e90F7207Eb21
8038,0xd8bcD06a3Dd4C95eBd1c5d388B5ED82143Ef48F4
8039,0xd8c6D8050CE05B31de08409e25039c8Aa9147aed
8040,0xd8e3d3F902A66596EF8a8d555117B2A31DA69145
8041,0xd8e52C57Af6Bd4124b55ad1a016983EA41F4602a
8042,0xd8e847f8569c326698113e88A2Cb40524269b254
8043,0xd8eC430d43C5D248235fb2906BeCB1dC8faBa165
8044,0xd9081f143A8aa99C5c99e5F1F8013e2296D43321
8045,0xd9103BB6b67A55a7FecE2D1Af62d457c2178946d
8046,0xd91867D01b44Ab1543C7843a49Be09b3bA0dFC90
8047,0xd93d838bB219a1fbd82D10a44126B0dD49C5dC27
8048,0xd9424d088eD580564F61c754bAd803E17ea48789
8049,0xd95640d7a1D5274df532462c63F917437339D73f
8050,0xd9602DE5d58CCCE97318ed584F6a6F1913F5b6E8
8051,0xd962f77591DD2E2A212c1eb759Fa3B86963c8393
8052,0xd963B21927CfacaB206c5c3A31A5F03ba235BFA4
8053,0xd978D8bdD72E42Eff7352630E7D8D0fe885F4ff5
8054,0xd97C6654Aa86269d662493319771898a1b4bece7
8055,0xd983e6d237DbE85B941aEcb469a2AF3c613bB9ee
8056,0xd98425AdA2c00cAed373A191c6Deb492000d3934
8057,0xd9D1998434b15dBdE1A800634b85e4eac30F3914
8058,0xd9D576d567FFEb94b010b0cD42033D71cac5Bd17
8059,0xd9c531BDB723cCDbaC47D1e58f582bBf32651EDd
8060,0xd9d2Ff86a3b7369D2BFFd13810c57cB0fb6e9Cd4
8061,0xdA0AA04207B04Fd13ee33366d07cA1c177d612D4
8062,0xdA153a8e9e6034479496A099E1f030dd28C2f73a
8063,0xdA3D7c30728663ECD96cdc3667025148F9909DC1
8064,0xdA4345eEECeD846609a7A2a66310F0FD4222aB80
8065,0xdA581d5E0c21f59E681ADe7747F477D44e4E6FD4
8066,0xdA88243E7691ad6091e511dEF01d7712c7c90473
8067,0xdA93b8B8A74Ace496bF67eD118a1BA9107D174f8
8068,0xdAD4c11E8Cc6A5c37808D3b31b3b284809F702D1
8069,0xdAEbb48BEcCdd243362C1d280243346a23660b3C
8070,0xdAF90f6424B4a1C1DFB211B2795E14f3C90B77DE
8071,0xdAb7B6AFb53784090473f30353c3e309b31D1F8a
8072,0xdAe946BC673428eDc21E556D8BdbeFB8F0395D28
8073,0xdB2dE847BC6F0245Cee6820eee1D56f1a18900B3
8074,0xdB744A5853A0a8A81FeeDB4eFD5f69F0de6825ff
8075,0xdB86B02928C47CB1c1D231B21732E6C639b28051
8076,0xdB918287818C11186ccB6142E5a86cd2e8fC0af4
8077,0xdBab0B75921E3008Fd0bB621A8248D969d2d2F0d
8078,0xdBdccA46423F1b4EdB56d825EB09188ff237E896
8079,0xdC334872B330E0402fD88FA3bA19a54da09072D4
8080,0xdC4FD6C8d08c297D00144e694b05dBE5a7dCFD9d
8081,0xdC5c6e39870869DCFed9e10cb06Ee77ca2172505
8082,0xdC661B9191Ce079B3c1fF591e071c01b1a09dADC
8083,0xdC7D0D897e1B7998c780D16b3C08482A74e71F33
8084,0xdCDb0416527C4a8778d832fEb246995A83413d48
8085,0xdCd4AB76d2efE3702b2FF64eaabD17aEa34c6dd1
8086,0xdCe4A80B727EEF74BA74C8D1Ed32F86DbcFAf492
8087,0xdCf0A497df3c53a43Ff25d0F582f3c2D08B995b8
8088,0xdCf0EC8DdDBe99470116eEac1bAba293C9842b1D
8089,0xdD01596074fa8e2A2f84D10D89090aE4543EA20b
8090,0xdD04d6833762C9Bb70836Cf3d9E7a221007D7959
8091,0xdD235eF014312EaB309C0f81a8aB30a2ed724370
8092,0xdD271f245c133c5fEA3A3C72739D419eD2cb9A17
8093,0xdD46E179320C6c753833102F7f266742787a20c8
8094,0xdD665EaE7bf04b11405c5280672e1A02E9cA9297
8095,0xdD84Ce1aDcb3A4908Db61A1dFA3353C3974c5a2B
8096,0xdD8B9fCb3a8c619f3Aa688443A095467967cB58D
8097,0xdD9b79aDa0D508572f6544b36fdcCF332F56c54A
8098,0xdDAb2bf66703b7b29b4D4Ea99A7638D6aD709B8C
8099,0xdDE8fCb76e0796B6D2F2fFA450573f02BB32FF4c
8100,0xdDa63D6c7D3251407B9D763D0D4a4754Fe6292D9
8101,0xdDdc4bC9d662DE76e79b002670a2785B2381d486
8102,0xdDebEf171Ef1645d0b3dCDef7465A08E77Ec2286
8103,0xdE37cD310c70e7Fa9d7eD3261515B107D5Fe1F2d
8104,0xdE3Ff25bbCBB0A8bb9ca8eceB417a6e402D7A4f8
8105,0xdEAA10FC5207723E961db99D5f21D849B07A72B7
8106,0xdEAd27218F7243f71Bd4B7bd39c314D5cc66840e
8107,0xdEB08D04004ea00BB6898D19267f7d3399E2827D
8108,0xdEC7e49EFBEBD0BaC063bd491F3081f0E36bD976
8109,0xdED38a6D129e403f649f9e99e60FC6E646E76AEa
8110,0xdEb4BA52337Ae8a90Cb9d7456aE9e5288800221e
8111,0xdF0259238271427C469ABC18A2CB3047d5c12466
8112,0xdF2A8B44a60074366A89a6B99353F64b5D0d80Bc
8113,0xdF2F527dA4b004470633cd32fAcc9BFfb9DdA470
8114,0xdF43664AEC3B994E1dD159EC59d45ba87927255b
8115,0xdF4f6619201C92EAABa661D6e64e502a2Ebe8408
8116,0xdF6B5d710805d39aEE645a76770684d5264B4c87
8117,0xdF7cc5b46aad8C1324b0c8B4bEF3116025f98b11
8118,0xdFAceB7049f60cf9Fdf01A757182Fd5713742815
8119,0xdFD5C26Ea2319EaC3B71EA5CEC97ae060D29fFc3
8120,0xda36DdBCA26A50681B76aA479DD361Fb7E4F4cF2
8121,0xda52C6f4f4aCD07bFfE0A2b8dcd9aC3e2608f8dB
8122,0xda54Cbc26fdC1BD9f10620df1b21E5b7E1951D15
8123,0xda980c69E5192BEd3991CbA273700eE3D527aB58
8124,0xdaB954e1efBF75097a8Cc33eCb4aEEe9C1a58857
8125,0xdab9DBFCA2008886a5B24AAFD9e73714D10d343e
8126,0xdb1aa501222B5379A95eb5Cf5d23975be769ed37
8127,0xdb3d3AF153cB02f0Bc44621Db82289280e93500F
8128,0xdb4A1A899a639a474d401D802afBc9de8633890C
8129,0xdb55E9B9c99c8f331e02E103B3B24dBf61564baB
8130,0xdb5a8796c994d435C4E181C1A6b74B606382d22B
8131,0xdb638B9495a0D8bD2d846AD27f75056236531581
8132,0xdb6d47E07E2BF524616Cb47A48e75945fE418498
8133,0xdb7F2de463d66f76f0815626E374C8a8Fe0C91D7
8134,0xdbD62b8115f0C4065cE4eEB77d9296cB7bFC3913
8135,0xdbDbb533A27725ef29fca68199B61Ef4E0734eD7
8136,0xdbE5e0FED7B82f08F596255086E9F981E0564554
8137,0xdbd02fe3e65DFEe32A7C42eEb326559447C87EA1
8138,0xdbd531cC293c8bF3a8f68f4A5EC8737822A772C8
8139,0xdbeDB1B7d359b0776E139D385c78a5ac9B27C0f9
8140,0xdc1C60F053Fb2A9f57dA2AFdF04f182BEb02394D
8141,0xdc3602e1B30135A5839Ff35f6E187Cd320119Ed4
8142,0xdc6B04B4e40fDe7c0e9ee1171F913FebDbB4b88B
8143,0xdcC9501bf95Ac934BB94b4d799D3AFc6d08B0ff1
8144,0xdcFCB57601647cC386630B1AF86D16d871397bEA
8145,0xdd00270d347EA0Fc0FDD82e9385fBEf0682c24F8
8146,0xdd0CEEaB2EeD022fb1cD0accDecE2fe06f3C8cB3
8147,0xdd138bFc63BA295BaB9F085A8263c8E34c8b0Cac
8148,0xdd1dF77B43653cc56e0CbF5309Edd83aFb7b681F
8149,0xdd28a253600AA6D0a7d1E1B8b9b971695Aa93EFa
8150,0xdd3745287A5f3f87fb3964ee32a4b1a64e6fcFa4
8151,0xdd3a4D7D71eB464EBba1c9DE5c78aa4431fBAa78
8152,0xdd64399d5FBDEE78F95A7A3e755E3492838e5420
8153,0xdd6482c094cDbFe03E6F8cC4a8B5e352E2BecfA5
8154,0xddBF58C2a65D007DefB274228d43001A2f704396
8155,0xdda42BAbFA867443065e4FCAAD2bC3A55F4E2Dbe
8156,0xddc1AaC91B1325b3C0AC114cAa1bE58273e985E0
8157,0xde237a8392204c7474cCE3C9E22d63fD8f5cd916
8158,0xdeFe2bc09f62601321e1715452Ba04F63441561B
8159,0xdebC0D58526D6c0db42032B43e2341A4458D6594
8160,0xded4e82D0846E96C0d752019ccDf1a0BCFdA094e
8161,0xdef65aD8d16255f838e4c5E9ab25b0EA5425a299
8162,0xdf8f79db8CC9b535D6655674b9f8A1172299aDF3
8163,0xdfbdF463eB452bAC9A3865893B62c6e7f83e17ce
8164,0xdfd40B71103449365539333e1A6aC70D82aCc92D
8165,0xe023157072e36a8a79A17FDb9c3471b6b6e575d5
8166,0xe02aC80e3902Bee36157f86159472E058E84EE83
8167,0xe02b9D18c0EE8FF6380Fde53812E0DA1d38B9145
8168,0xe052Aa7f4649d64bA462e761098Ea4aE1C46c169
8169,0xe05DDc81b69482b66e30A62CBEdf8DD06392920b
8170,0xe06536C8ba769b90D4479aa7a110504BC1f75F79
8171,0xe073333aBedc32f6BB2D4fB9E3C53841064d6a53
8172,0xe079a9C45B070316651914806e857C1CD687Cf7d
8173,0xe07E487d5A5E1098BBb4d259DaC5EF83Ae273f4e
8174,0xe086C1573e67CAD5c38efAbe0cc47f63D382a7ab
8175,0xe08753f2CaF86CFA29CE24B1cA765F6f3A25a68D
8176,0xe0943caaD3bd6169677F103034Bc367fe4257BA9
8177,0xe098f8ad43Dfdc3eF841Eb9aB428532d4D6Ac2Ed
8178,0xe09b7de7A52c3b1FeEC08A5A1ff8900b79252dE8
8179,0xe0Ba6c4c82376c76386D1Ca2ae2516Ab18882e3C
8180,0xe0C265F06B074F30C97FFB76D6b48e34b3D95E2B
8181,0xe0C6b8Ac6D1ac7E730A4f24f1a066D3DEFdc31a0
8182,0xe0a5E24619b4f6b6cCb8d54c64813537ff47aFa3
8183,0xe0b5B1ddDba731771419CF087528b08F26002FE1
8184,0xe0f9f3f58754E900001ec61908905109CC6AC994
8185,0xe103ABFa0F867E53ceF1AD2Cb0dCbC193b385A93
8186,0xe115A6D8C0344D214504076AbF61a4aFABC61C3E
8187,0xe116BBE909376dC91869774cA57b9fa565F7CD0E
8188,0xe122752ad24a8f53ebd221eF9D93BE54CfF60461
8189,0xe12296cb5e22Edb4e57F54Af1e8C960963dbb755
8190,0xe1267d485f708d9727E367C7278C3742a551E237
8191,0xe129d0ECa69ED82c700C110870aa1C9D1f7A6846
8192,0xe12A5f2FD575d24b4a27cBFdd7bb9B1a93a2161f
8193,0xe1385eA3cD4AEB508b2B8094F822960D0C968505
8194,0xe1404cFF660ffA1C8e6F215999C83AEb00c4D708
8195,0xe148E920D0b1A19e0e48394750e1D5529e94EC80
8196,0xe1518725DdAC22E7aE98F722153Be57Fdf7efC88
8197,0xe164644e1e8Bb14BA8aA19be1B78ec6CF22F7ca8
8198,0xe164Bee46888B88677a6be3d3FCA84AEE93522Dc
8199,0xe176603a291f1374572424acc293C67ECFb17E9C
8200,0xe18A9d6eEA9817B1aF6206947A6175A851ea2352
8201,0xe18d3B075A241379D77fffE01eD1317ddA0e8bac
8202,0xe1EE4B873bb54e42E68b0147937195357A64DD14
8203,0xe1F8Ced8a168EA5abcFFd64D7c78b630ACA0C238
8204,0xe1Fd82f867769B060EdF1926F5e82b99FD4ccFae
8205,0xe1ed202d1E0f70176369e629D82e5a33Af07235f
8206,0xe20c446E1d34D7ae82A4cfeDEE727408Ed8BCf03
8207,0xe2193b83A25e0a306a33DFA42b557ae5771b6E37
8208,0xe248e8E146482Ae90Dc02DaEd506d802A8c5eE9f
8209,0xe25239cE68F799F5e96A4338396AA60a0B1d50B9
8210,0xe25b601e2B7D2BCe0ab19b587ab2A619E5043A7e
8211,0xe25eaaB92d2Da2830948ccD691C829dc1C47a58d
8212,0xe282A128079ecebdcB5F8758E8Ff4BC6C692e0db
8213,0xe287848c49E131C2Aeac663cd21643587292F3CD
8214,0xe28A574c5B62B9fC4eaFB98A0d6f952e756886a6
8215,0xe29EAf5B5Dc832a1125044a4F32B4Bac1D849aBA
8216,0xe2AD6C776B20623Ed41f7bC31dE021B84459D424
8217,0xe2D27f6242E848d310B000Cc355a4C1E470FE779
8218,0xe2F2c0BA7c7127a5F9Bd448E0E548c9758738B51
8219,0xe2ceE3c0d20e49Cff9Ad3720E0a509c811f559b9
8220,0xe303E4cb2624F00f8A2a720c466Cc45FdFB112B0
8221,0xe3118c6a1E3581547186DB2E256b3A41789dA238
8222,0xe31ef566d7f86958C543cBE9F26a907607c9055B
8223,0xe32395e1E93928cc3e17152E5e79A3A3e705CBC4
8224,0xe33700072fA16E4018e1E71a99AfA7125C04FE1b
8225,0xe35eb1D49422e501CE277137438B0170B61Ab8F7
8226,0xe3786BF25E15013FDDa09dbe881529d44B9CA239
8227,0xe38Cc11aEFB7B6B9e3FD663E76E1A704e17cFd9b
8228,0xe3B20f2CCa92d5d9AAC068a3ee11A91bC8E0e1a9
8229,0xe3b1C7a434657876c3F35003885f2eDf1BcAF646
8230,0xe3b8B4cF3DcE846B9a7204E600f2A9FE4fEd2a62
8231,0xe3bd3d243ceE55acc079365533e9A1AbCdbC24B8
8232,0xe406599Ccf6EBc0b743F9Ef1a89398248B129171
8233,0xe40D7AAD6189C1E29ACc38D8df05b8EE9c7F25b4
8234,0xe41A4E90a5FA927D527201687F397A1077cFb5cE
8235,0xe4345763589a5AF9d26Ab568278c06394Be7a91A
8236,0xe434Cf044348658Ad7b4C7484c12bCCF1848f741
8237,0xe44227c1a75EA21538A71F96331B92db83a2EA9E
8238,0xe44799Ef334Df157e0F8e2855E5EbeBdBc02b299
8239,0xe455A6Dd21f3A965EBD3680188e1508119551c13
8240,0xe456257312Bc201642B02b6513C40005D2e02E59
8241,0xe46503f9aa7bf64F406773E04888248aE4FDA4FC
8242,0xe474e4Be5c881f17189fA229b69CEE52160384ab
8243,0xe475C947d50dbA3A242Dd58d18927F36e02008eA
8244,0xe48845A072770b0e787a7ee5886f32A65a5181b2
8245,0xe488bB2f00F10348495C8dab874a6C87E4d57025
8246,0xe48Dc99aAfA692e05466d66a09CF0057cf280703
8247,0xe48e5DF1DA375b57d86E09C362effC9e97209152
8248,0xe4997f170B9dDfEBab707025d8321e79d6a958A3
8249,0xe4Bc96b24e0bDF87b4b92Ed39C1AEf8839b090dd
8250,0xe4CAF82F8a84Dbee8222a1Bd1aC7f3c6964DD716
8251,0xe4D2E17edC5b9750f4b01a3C552858610b5E778F
8252,0xe4E08BD160fB9da44238e678789d6C78dCd11A63
8253,0xe4F154288Fe636924429f0FF67F35A0f93Aab10B
8254,0xe4ab250219B933B8534A752552fc3596fB5D869c
8255,0xe4b73f379705EAc71bf2Dc17e33E069A90a4041D
8256,0xe4b7FBC0c55299Db43553908C36C98AFd641D3cF
8257,0xe4fb9ca52E39B83BE69E74E7Fac8f807A9c16eF9
8258,0xe5199e3762DD37bBF459BDbf753349287DFfd678
8259,0xe5354c030Fd45C8b07EB46895Ec0123407a9b4D3
8260,0xe5380C9AA70153c83CED9b118C61A8848c545f3C
8261,0xe54C788ECa9e96f547c6c309BF571D877a897C39
8262,0xe55ac567304a182e3a2C5D1253c38D3D465ad3C7
8263,0xe5932E205d1BA35951dB86c56aD8846F8d59baeD
8264,0xe5A3D508B5ec3ceb4AABAfc07BA8F4d5A2161748
8265,0xe5C1bAdDeDB559CC486a521c45056Ae483A0bBe2
8266,0xe5C37B43EAad5BCc72e0D5C42CB32A5f3eDb048b
8267,0xe5D164F0798D9C2736eB9d22d75a4F061559B6Cc
8268,0xe5F305fA24f65E694CAa4AD252189b1E6323Ff89
8269,0xe5FEefe90dB941ad9808008B019EeaC58a2B076F
8270,0xe5e1e9c58DB4ECaB40fD46D7aC3578b74c1D0921
8271,0xe5ebc2E86feca03cA18cb4E5e23c9dbA47693938
8272,0xe63615CafdDff3bABcf2EAD1154A0aDb1bed31a4
8273,0xe65FEc0aCAa1203C4Ca6a4067C03D90AD8d031b0
8274,0xe668D39C6549c72a8519BA2019AB381857A85365
8275,0xe670Ee219366E8b0aE6385e9558560811bCD1C31
8276,0xe671455209E3f75E859eaf3f3488CD37b064ffDb
8277,0xe67e43b831A541c5Fa40DE52aB0aFbE311514E64
8278,0xe6882e6093a69c47FC21426c2DFdB4A08eB2dEC8
8279,0xe6A9834233947e77D38a213258DD431aD703d67A
8280,0xe6BB134bafa21E999c6C8c149e61b0F59Ccae347
8281,0xe6Cb3551DAdFB99f188dAC63dFe230839eB85B68
8282,0xe6Ee138d04Af17aC4eA67D66f67aBC6cE9af6775
8283,0xe6b96F5386F653F196e289aFe04028976322610D
8284,0xe701D6bB1a514B0D9c85f8B9f8e30ADEc3D90afD
8285,0xe70E7954d46dE48A481a31805604a040172f039d
8286,0xe716156b3fEacd1F8d402d0c707e521312d75f11
8287,0xe739B0567b56068954355567D4d39371679440d7
8288,0xe73e65592BC5fA61FA844feeFCE09c094F9809Ff
8289,0xe73e96AD8bC90A280354653B31a78E67FF6075BC
8290,0xe7449d1590d8F91bF9d79F845627EA3bEC840483
8291,0xe76D4F0B98755b704053940Cb035CE0a1AD36160
8292,0xe76bd289004759DB5b33269829b945504e8E5cc8
8293,0xe77306d64e8E2C2625583063AA9a0844ee53758F
8294,0xe77d0A7CfacCFAd8e98804631CfA90ACe2C908D0
8295,0xe7806e2843BDfF7Aa481D2365eB1696637f79ae9
8296,0xe7877B81f838b72E7EE384F18223F67fD16998f0
8297,0xe787EcdEA22372a08ea8011bB417dE0796253F7C
8298,0xe78B4EFF96DD4cA9e49995335532410f69394cfB
8299,0xe79abEa68C3D68C2F1e57DdEc8B5b5E2e9030A0C
8300,0xe7D73484520f3A004DC077822DD7716eb900ed43
8301,0xe7E1A4081F75ADfE587Bfb43C067994e8797334e
8302,0xe7FeCa6413941986Ef2D2982f95Fa9dc974Aa813
8303,0xe7a4B75f1cF09DaC63062F20c4D8E7684d954319
8304,0xe7a6B9d6EC7CDEA7487D6D1d83e0fB254d7b9653
8305,0xe7a760fe246469A0Dc198856fEb49Fd68F23B9A7
8306,0xe7b779dB41ad470763820224f62c20c5476cE57a
8307,0xe7b862352e15329A617dC9d68D974c4aaA1974ea
8308,0xe7f654Af5a24A1ACAc90F6167dD58973dB301D92
8309,0xe7fd28f3325715f17e1A0FCE2582d5E098Fbd252
8310,0xe80D10A779eEf411141fF6Af1e9a992648f19C0d
8311,0xe8128f343Ea04cb11437a9A4a2DD1344a54764d1
8312,0xe81FC42336c9314A9Be1EDB3F50eA9e275C93df3
8313,0xe827215fEFCB5F1Bc92beC120a0b5F46D37C8f29
8314,0xe82E70635Af6C388bE57651e5b567D429893dB3C
8315,0xe836753ac426ae5751fF1A97bf5227b0c88f1149
8316,0xe84d4D8b422e9bD4ed4b2EF537f82f62182Db4F0
8317,0xe84f24eb18450fFE415f021634099d200fF53123
8318,0xe853eD633F81D8b78b7Fd6EB3a56d2e6F0Ea6D11
8319,0xe864Fb7c349FA7961559780E342C05e5eeB0394b
8320,0xe86c049f320a944eC66129bCe0A6185c6816838e
8321,0xe86c5A184A83506793adD87ad62D45a5FaDaD46E
8322,0xe885408fEAFEb5B14BDF89Ce84d0bB02333Cfe9b
8323,0xe8860C3D6F694e05e58796C659E178982c3bc163
8324,0xe88AdE0824ba4DD6a36891dD60B83C20462B3545
8325,0xe88f1dd588eFAFf52760eD9ef41B1A3E9F387cbC
8326,0xe89069529689849588CD65344c034A35289F44ea
8327,0xe897Fd38f319cB343ffD03Ba2f7426BA99bb97c4
8328,0xe89dEe662C94FfEE76d0942f4a4bAD27cC076dd2
8329,0xe8B15352C8B5bA4AcAbdC91907b742fC7249D91c
8330,0xe8FfD9ef9a087289092a7837BE6DF36563F1A9F7
8331,0xe8b3f797348a2CC8b24bCF0BAB5997740Bc43767
8332,0xe8dac5F8FFA8cDcb64625AEd5E11E88D9e8B38e0
8333,0xe8dd3c548D7D0f7D0e70c0556Cb219e7c8B5118D
8334,0xe8e856Fd16C4e38E8FF7643aa1A7f1b5DfA9938C
8335,0xe90B4aA6002E263031E9A05d50CE8709B9F92fa8
8336,0xe91e1eC05ADB7F06934Db658BEa31a753Fa460EA
8337,0xe922ED57229981a0E0300B94F6B3C89F72F41607
8338,0xe926e059A8Bdf96745f2F5A1DAD594ecc59aFdb4
8339,0xe92A014E59210BAfd9302C42dc0A96f0006E1Cd1
8340,0xe92a405AfA5F6a1B55F87F4BFF1Dd03bfcb144c3
8341,0xe944ac67B4B99f6eBBDe6e8bd1C6AC8b637e77A1
8342,0xe94d4206B4fAC3B631b0e296867D8C85C3C1a672
8343,0xe957B0829C6Ae6ac461d7365b7927E1Ff604114b
8344,0xe965da18F3D05155c58FEEdD346dfEf495AcfE88
8345,0xe96792d5340C31Fda301686F1897056Bad9C4587
8346,0xe9741C3591c67E5E6EE5780a8468c74b991D4979
8347,0xe9822F18F2654e606a8dFF9d75EDd98367E7c0aE
8348,0xe987767226b681939d07749ed192870f9101A1d1
8349,0xe98B20c3dbDA0b2e18384f4D2d28a241e3E114D0
8350,0xe99794E0a0fCc1E8D85A1e47DA202D054b6B4f6A
8351,0xe9A7c8540D98a242611Dd5447F0Cc80A5c4dE027
8352,0xe9B2f16fFf145F1887e36086c8c2fd5e3F9A350C
8353,0xe9B2f818d5a3CdDE8f053B2378824Bc3152d6c98
8354,0xe9BF3bC2d805dF45BC1028319C788b91258f21af
8355,0xe9CE5Eb4F4C9F32bd9B6FFe1Efd5e07d1E33E46d
8356,0xe9a2f8644584e2315ACD414B9411A6633940E5Ea
8357,0xe9aeE0AE983498caeb04DFDCe57d79079BAc8cC5
8358,0xe9e13829605A0F08A8113a37e502424AdD6589d3
8359,0xe9e9e5be064E4692EdfeC7999Af9D948208361C7
8360,0xeA33e4A78A4E4b05e280Ada769EeB2124885870a
8361,0xeA3b1B6C3449B9365AE91d06ca2ae618051a7753
8362,0xeA521804E00b70F2AeA4bfC6B976c4237D7a0503
8363,0xeA6a8051d5e71617f542c3f7644447D213F6Ec1c
8364,0xeA98A37CE62F2342A3eB0AD9eDD9181c383d8958
8365,0xeAE4e8F14C2C27D1CE574314947c7D14b82B612c
8366,0xeAb71c126EAF3Fa5f1967b2e4cd321C884392503
8367,0xeB31973E0FeBF3e3D7058234a5eBbAe1aB4B8c23
8368,0xeB369F468d91E575fD30712a0ABfcF99FdF75e30
8369,0xeB6c36A05820e624cfA953A9c269E7bb3AD6C4Ae
8370,0xeB8FcD7c8A2e8994038c7455439790f20EAA76ED
8371,0xeBC41d5A104D63178095ECB30DC111ACDf60D796
8372,0xeBD5F0763D46a9e9F9c82404b6Ad3ee0788Fd662
8373,0xeBE8eFff41DF49dd04eE007592837EC23c56DB9A
8374,0xeBa4e308D8f81C485F8EdfCeB529157e6F8Bd302
8375,0xeBacd448A23f63a156841d440778be89613bE97B
8376,0xeBbeEe918fd6D7d1327ae1B065B0BD230F5b819f
8377,0xeBeD2200b9aD455Fec52650D00aB86Fc2858fde4
8378,0xeBec26064b5FcFe148b7F28a9c22d1B52F1E5B8b
8379,0xeBf7c7932D86907C3BC1Bd6d486308637a8264A3
8380,0xeBf965874712F7C07C58BF91E56d8dDb76cDeE55
8381,0xeC0a7aF6ec90688d299BEd762C4DB20fAd9897Cf
8382,0xeC1f0292BA23cf2b697b48A4fC886b54cFBea5F4
8383,0xeC6181611cAb3EBE80aF9278223FA0BFcaa7234a
8384,0xeC749042abc44770eD15b8409E4f1023344D044b
8385,0xeC8a83F093Fa9E8519F05E3143C6f4BafF5293a0
8386,0xeC8bE7A02EEE18AB0d37a689BE1996C23bD4aE18
8387,0xeC98A4058e31A7431fB031DA3d17B5A95E08561F
8388,0xeC98c39a3c4c32E9b691B74572b662E7B68FD08c
8389,0xeCBF71E2cE3D7908e25a0ee89a701086488Fd1B8
8390,0xeCCc5e77cD1EbB061A7fc43FAB27B27Aec37c294
8391,0xeCaf0458E3894D98e844DF19825bf221EF63756a
8392,0xeD86373437B7db9171DD7d9459522615dA77aB87
8393,0xeDB613f2Be889628175FdfA223E1Ff95646cD11d
8394,0xeDE3235ccd29C05664625ffe338E6ADd03484361
8395,0xeDa2a40E05A5dA85568525D98Fb3D789390FaB45
8396,0xeDdB1b75eDda1C60695A4dA3B3E3Bb4C830C4B0F
8397,0xeDe29c55963aD7e0Dd5283909E2df7016FAC14aA
8398,0xeE2a389cC796e34F7955e67165eF578F5fc36dAd
8399,0xeE620a0991D57f464aaD452789a4564Ba51245E8
8400,0xeE63790708347a316C4e3d09B686a2720Fe33EFE
8401,0xeE89C6762e7aC117AFc78702aeD591951767389d
8402,0xeE99f90f34Bdd656329960D25242673C1186f767
8403,0xeF02F5628686e3BbF62548E6411bD0e1eA1c448f
8404,0xeF40623bFB5b12EF869d6B1D2d4CA0AE197f7De0
8405,0xeF4D60032be235D2650ca729Cc262C618d5BB277
8406,0xeF7e4D6E29a2b6E9CC56dcDc9495160Fc2588b0C
8407,0xeF800DA960d272dBb37c32d06D14cDCFB19B0193
8408,0xeFa46B2ef3f4E5C0e7dCaC9aC3BA43351582Bc8b
8409,0xeFb230432978AF715559719E4D926A9343218BD5
8410,0xeFb7d32E8D7611F37849c25B5626B2dC0Ceb2947
8411,0xeFdBDF9f7f02924D144e956a61109B894bD67816
8412,0xeFfEE111AA715c57F0c4d4c89714f4e930cBa0c3
8413,0xea0b17723f244C26dd1ba181c5b3E8eb641F19d5
8414,0xea16B87497fDEAEBe070FF296fC8e33caaCB6c4F
8415,0xea24876090A92eB87F84d695bd0c1896a90C5847
8416,0xea25220Caf98e0097fB8401d8A44e2d4f2CEf093
8417,0xea267d2Aa54f9C272EAbaad1A125A0ea9fF12bD7
8418,0xea67bF200F125fb21BB0ede187Ff337Be7eD63D6
8419,0xea8D02a646B643235153851059113Ca00Ec679a3
8420,0xeaBD1F01B2795289BCE75a53A37b5D7dD4E62728
8421,0xeaa6cB80a5593E14C5A5fd38AE3D16dcB5Ef75F5
8422,0xeb035FcafA8786183BfA7A114AD01f0CDBFd32B7
8423,0xeb03EBa8e7D78A011BC2e3215e5201B850ACff09
8424,0xeb052b73d68519561b10d3d2A1f3a5Ff598CfC61
8425,0xeb10Bbf4541E24527A0fFe98a02abC47A4010bf7
8426,0xeb1D61552436F95fa8c96D80AA5697a801836689
8427,0xeb1b61467BF8728A6f673C9De89A82ec6d800410
8428,0xeb30D66c5004Eb4D609a82b91859Bf4B4fc7d721
8429,0xeb43b5597E3bDe0b0C03eE6731bA7c0247E1581E
8430,0xeb4D4Ad8Cd40897C44FDaae46077f8D7d5c2963C
8431,0xeb4EbEb282b5D3F93922cA6705D0db1eB0669832
8432,0xebAAc94eeFA3d7D7470870f34ED8f0f22a85b16c
8433,0xebD0a611E8B7b07e9717D6efDfe297233671fCcb
8434,0xebE1F3473E3a5E38a7Da342Db2b1c94A1A1b0321
8435,0xec204864Cf7D0d0f644Ce28acfBaFd10B5648610
8436,0xec3048EC71269306d0db67cB60b50BEf64c01877
8437,0xec8Bebdf0863446d84be4C0e77A96e4823562187
8438,0xed05fEf260875Ab17097F0A932e34eC6029a7B03
8439,0xed2c5bac5BAEDb7A59f8711659294AE3Eef656e5
8440,0xed32db37E435c45eB0f27098DeE6C2AA98Bda33B
8441,0xed3544a6f75bE55A4e6374b924aD1bfA6eDe95A9
8442,0xed4a248c677B4A6620BbCAAe3ebB4B136C4c676B
8443,0xed522cc5528A0F7c073e27450baDB2906755022D
8444,0xed641D0a5A87d34167990A457c80023D4343DDE8
8445,0xed7D16e128f9611A9Af4f0A3A0063Ad061772775
8446,0xedA74ba91f5fbc115Ea89D8235D7cd604626e473
8447,0xedA82F985D9bC68Cf230c4c00339023Ac68d31fd
8448,0xedB2e9bd803ed1964C1869a85818e95fa0bBB63f
8449,0xedDcd9AFf2d2268996768D491717Ce9bAabd40cC
8450,0xee15BF671DbC368ab331911dB49eB099760C8584
8451,0xee206E05D50783b2d5c553A56917e990a6BB6750
8452,0xee882cCb40Fd2cA5E29163380715f2aC14Cb8FD6
8453,0xeeA9fDCF2a9d3C23c5FD72b5bA4A0DCc663f355B
8454,0xeeD86B90448C371Eab47b7f16E294297C27E4F51
8455,0xeeEb610D1FFB1a1866Bac9E5276501Dd709f25bE
8456,0xeec193a23755897ffbb4aEEF52b84d567d207Fc9
8457,0xef316F8Ccd927490698610d408f7608D8B4cD988
8458,0xef6103de90208F3dfAce661EadB120Cf8075f9D2
8459,0xef697213cE890b95aac1CB6AE41456895c64EEE5
8460,0xefa50FB83CaECF7Ba4E9463547119191b623308d
8461,0xefdB09ED95CBD86a977f4D24f4bF3A2d7b45E1AC
8462,0xeff937D61662A6a1b4DF410c23C68e259401dE9B
8463,0xf01AD7f76DB963b59Ff1947642c6aC85d7eDEbB7
8464,0xf0266fd87d474B54Cb46632646890Ed5F40Ab8d0
8465,0xf026a6992993F55dd59500A6faD32DD4D4C82042
8466,0xf02d8C06F19BD88f1226C396Ecf926e0595b5939
8467,0xf032F533a8814741345215A0710B0364953387A5
8468,0xf0416Ed561a39667933b606EE8A09Ded30455786
8469,0xf0438B2376718b6878923895DD3d6A3B5Fc8DC3C
8470,0xf06087Abb230a9b90fe3DC021c31C89ED22AacdD
8471,0xf074ebb81F4962a51BE452D2bB7Bf8786A06Ab43
8472,0xf08F6927707a05E1753AE9d839355af055fA0F45
8473,0xf095deFc83061F3DF730546B656d6f715Fbc6eB2
8474,0xf097BcaA945d1D89D04A63c0b9eb8C01d68871c6
8475,0xf09f60Af792B6F22f17F6292585495a63C30CB0f
8476,0xf0A04b2E7965E778e298Fe0D234d132fe28FCfd1
8477,0xf0C94933B8Eb406B1d54138b3f44239b712AB21a
8478,0xf0F88584c3f8E0BfBB3b8d74984DFE66f34d69ef
8479,0xf0FF40E1b09cBC0792245ab5C02c4c92d277FE7F
8480,0xf0ea6f188CA1aA7d32d50a0ee84050d4aC2183A4
8481,0xf1174e26f10E262d8eFC8AA6E17AAb49b245577B
8482,0xf1221A4cB7d88d09B5F1b68Ff02b36EF81Fa37fb
8483,0xf1246624EBDACAE1e3A576949e39321D0201ecB9
8484,0xf13E6802B15C7809244Eec7e07793777ffe1d0c8
8485,0xf174ddA2267F5141c1D2d523c53751692CC6f322
8486,0xf194AD5dAcC47C800e4220faecaaD7bDf93cA492
8487,0xf1F09834b0dA191F8C3Cc96bC55B3344c30B144b
8488,0xf1a4030ef912B998aa2E72edE4D95976db1Be2ba
8489,0xf1b1230198a2804c8ae6f0d985559CFc493ee0F3
8490,0xf1c1cDF8a84A5e042eb2213623ADaEc37FE21EB6
8491,0xf1c6faf83De831f57225Ce9f9499cCEdb5A2361D
8492,0xf1f461D69a5Bb997dD69E14181624843408137a2
8493,0xf2065Db56Fde1B56e60F66a0dcB2743cc5b179BF
8494,0xf2085d081BFAB28aC05e0FE9fD5548D22350eF9C
8495,0xf2Bf3E61b5C904502326DF2D0F0b5fa352932037
8496,0xf2bc32B7bec57E1Ff0Da0053A0542e7792cC9EE4
8497,0xf2c908735d350a7057Dba61540f5F8e80D1BecB3
8498,0xf333260F3CeF26623B12989CE7725fd122c14F5a
8499,0xf33c3FB7d8704eCF49748eCda7E7F960B5Bf736C
8500,0xf3537ac805e1ce18AA9F61A4b1DCD04F10a007E9
8501,0xf35A6bD6E0459A4B53A27862c51A2A7292b383d1
8502,0xf363Ecb3B4783Ce5Ae2033effdeD1364b4D17936
8503,0xf36EA623Bb14015021Ef43e5Db58476639f951E5
8504,0xf383466A6Dc07CCfAF71De83BA894289470aDE62
8505,0xf38856B1367e26fC8AF757D6E36Be508D6942029
8506,0xf39cc9Bc5eF438248F8498e59BB23f73C2e7b1Fe
8507,0xf3BEFf5FcD6aA8d0796097c1E4EB729309055379
8508,0xf3Ceb6eE3d407Fcd821B2bE63c5C4AD1bf3F8439
8509,0xf3a69d2CDF47206D82efB5fB1248154B0f972502
8510,0xf3bcd2e7cc95Ac1C5824Da5e372b9d6259DcF75C
8511,0xf3d7619F44357349CC67B3293C967789f0c11cA3
8512,0xf4045B459435e426b45eE87c31B64012Df1a479C
8513,0xf407094aD55E21FA677ce0CD34AdaDe380B6Dc3e
8514,0xf409D59e832309D339b1447228746326212599b9
8515,0xf4182B96A7Eca07E9FFAAd07Aae4c065E51CB9bC
8516,0xf4476801a05C34FDa943d3c043496945EaBcdF60
8517,0xf4698eE4f8969EA513C3d15AB3b7E4814767c9ed
8518,0xf4828566c5976D4987F645CFB936dDd5EE5af29e
8519,0xf484a6a2cCe70DFDf58E2029B4eC9c45a16dfd2B
8520,0xf49C95ABd2f4458a41391Cce52E466E89d77D737
8521,0xf49aeE338E274Ac357B8044bc3625363eB8A9c6a
8522,0xf4CF1F4410dAd83b25411617384779A99E771E80
8523,0xf4a5dF4FED739353814383BCbd03AFbaB4D55830
8524,0xf4b2d92d0bca7e63b8494d568A04f0BD75400e4D
8525,0xf4b36Bc19D94578de4c25F9013fD0c6Fa5bAdb00
8526,0xf4d430dD8EaA0412c802fFb450250cC8B6117895
8527,0xf4dc7e5b00A39897736c7f560d55CBa82C72a721
8528,0xf51E2c4174A3406F469f993850B33e80C470eeF3
8529,0xf52fEA813fc0C2E58c39b5b889aF3C426b4Ed6Aa
8530,0xf533a5Fdd0af8966Ccd4DbE840209A63b9351492
8531,0xf5368f2eB0981f4e8D3bc0eBa87860A077B4AF58
8532,0xf53C3a8D215A84Ec81E0cfbFb1fa359615b970fD
8533,0xf53F12dC7e2E2Ec007d640aD24ac3db1Cf8b5A54
8534,0xf54eeeb761f18DA84a0c8162484Ed32b7D490716
8535,0xf552Aec8E6A1C493F3Cf1608828549F5C44628Dc
8536,0xf55Ed3d5517f03089a31395Ee80Bcc2996486E53
8537,0xf56036f6a5D9b9991c209DcbC9C40b2C1cD46540
8538,0xf5684C4572FcF4Ffd4e83f4E6CbE37AdE50B6562
8539,0xf578475B51f9f77b2421C321D4c0D530942a5448
8540,0xf5793F0aFfaDbF3421a775d4E101f169C8aBdc8a
8541,0xf58FF9EaAdAc35267F7357044aF0927C68d4187E
8542,0xf5934EB6FC90Dc029a043b988e9C2a5b7336f559
8543,0xf5AC187Da273c2c645a2e8327c9c3D2bb51f7a88
8544,0xf5C66eDB06B099CF81e17194d266c55E42E4E1E1
8545,0xf5D7f5ec22aC8F6D59A0B5C0456B4e91D8d5d695
8546,0xf5FcAAe203bD5DD81Ef969c3fECC872F38AeCcAb
8547,0xf5Fe364D18F4a5A53BADCe9a046ba74cfC97f6Fb
8548,0xf5b186C4e432f9E5219737DD853DD836C1C9E659
8549,0xf5b1e1287c963a284e8Fb8cEC0dEbe235aa4433b
8550,0xf5b599613B563B407Bdfe0c9CF12cAd56b1A3dC7
8551,0xf5d34f077B6f15BD294D69CeFF0bc2761Feebc3c
8552,0xf61438516e5A9142830Ac3C3BbB913e157bB3A59
8553,0xf62F0809Fa375E90712d3e8cD70eF625F1F3b182
8554,0xf639fFF07E0ef4e885B9Cb298CC5E25D0D7A09b6
8555,0xf63c51631Fa5baE0B8607938421C941932CA1DC2
8556,0xf63f9B22eAB6aFe1f09EBF4428391e3C1F06a85B
8557,0xf64DEC7c2E4aA5e590111eb93474843d46e6C037
8558,0xf658269Ca1B33E2557F0E0B5088748cbE71B627b
8559,0xf65A8D44c6EC9823Ff7BE42b3CAc3b457aE8D520
8560,0xf65bd56D081F2973758955836E6c3C5fdcBeF4b2
8561,0xf6668E0f9CeEFA1eb935A6EaD2178E9C02F3e730
8562,0xf6735B3243Ae142D7c2eA8e655059c9aeEe71f48
8563,0xf67B5feB96c3F57b484620DddD8D83195CC26c8C
8564,0xf6890e3114EbC79f56F49D0072b3aA0AF85af949
8565,0xf68A6eF5dc2D3067e30a7eA1031B38659697F9F9
8566,0xf69A6760AeD4599402b1745C1b18f77015706826
8567,0xf69FD89fdA555bE7F594286EFd4Cb2F9C00ec0d1
8568,0xf6C4bFcD57670c8Fd34bB5fD1ba9f849cC8d364D
8569,0xf6C9754af35d16AeBb0427A3EffA527a2Ddb4c06
8570,0xf6DcB7C9317fbFbF47529F49A07AEb11C4cd684D
8571,0xf6c8De3b674097930FDff680b84349d118912ae6
8572,0xf6cF046361Fbf91D5dE0c236B003c3C362134DD2
8573,0xf6d2b332E422cc50D0429f2D7C5Bd59C2D1c12dc
8574,0xf6d58331279fb931B562068e6309Ac63E0308eDF
8575,0xf6e6dC92C696C564A7cC388E5854039E27aB9959
8576,0xf6fDeE29e3A14610fdbE187e2d3442543cfA45B8
8577,0xf6fb68f6CbF61e16fE69d62502b204778111654a
8578,0xf7328DE17081c0E615660F3F93992c11f6Ee1781
8579,0xf73C3c65bde10BF26c2E1763104e609A41702EFE
8580,0xf7401f57a705b71A9463d8b5a2a59eA0161c93f0
8581,0xf762C3993403d170adeE1F58974215905887128C
8582,0xf763051CA7Cc2F011EEd98A860cB59c33546d7a1
8583,0xf783e765f7Ed230C9A336169E051Bba882aa3D25
8584,0xf797485cC069a3910cD5d0eB5E168eEB9e8b8b1b
8585,0xf7DE9086F0B605a2917A770d7E5961d0832c6bB4
8586,0xf7De94562085847c445e5099cCB1deF04De15FDf
8587,0xf7ECA23d3a36b82BD7663A7c3B13eA92443B65a7
8588,0xf7a2aB963E3487324f85b164A55a1a2ADb45feAf
8589,0xf7dB5F24196c2eB20864cDB6816b6d164Ed240D3
8590,0xf807B0F379b9AA220a9ac9978F60Ebca33d3273e
8591,0xf81463fb148a6840C2A9eC4bdb9a0a6c9bf1C23b
8592,0xf8238bCecf458A1c1112a2e62A734a6e1E3beab1
8593,0xf82478fF89B6a4D2A84a73675A884895990DFe41
8594,0xf8261e62E75788A08242326C60Bea48E68612fce
8595,0xf835bc2B5B34d8DEA1F806e68DdA6d35978b8A07
8596,0xf83d9f34bA9fEA4e0B6c55D56187b9f5c2e6CDCB
8597,0xf864AbD676Df12174B96397cCeD96DAaC70bcC16
8598,0xf8663F3051018868895f83896F6F736657e12692
8599,0xf875603A2879d9901D2Ce885E67d05F459fC694b
8600,0xf893893bC69cf1485Cbe7fe0622C24f10DbA6890
8601,0xf89FD9eBF790Bec2605bd22b92ADEdec1Bd6D311
8602,0xf89c78bAf9CaC8cd8Ff26F2AA73E9f29B550f4AA
8603,0xf8d765725AB6B03049108Db3B9342dd1cF1b61ba
8604,0xf8eD1Af76Ac1AAdB707D158D9008Cf3381A19222
8605,0xf8f3ec5867f848812D8bD87bad350b82ae7539E2
8606,0xf8fb61477aC27304465870e0B970F71d9Ca4D394
8607,0xf913b7ac32f76159d134eceD6CeD0B85D225D909
8608,0xf94f5D72F1BA2665c75E10990Ad06F07DfDF3C42
8609,0xf96Ea00c27874A9A45728C51dE1d1ffa77b558ea
8610,0xf96F969b2F11dC5AeA3b0BcD8E6FDa4972fd8D7A
8611,0xf976ECA4781196Ab0e11749CD1d84d9FcD6c5bfd
8612,0xf976b4ea12D7fB39334f45D1a0a002F59A55b50E
8613,0xf983557eC70fbf1A4B1e247AF7Bf10247E9B69c4
8614,0xf98F0142147BD8684Ae9B2c19047d0B80796a4f1
8615,0xf9AC33287F68760f956f15381079F6cC4B7cA277
8616,0xf9D5C3A8fDAc2e2794d40B8C2855BEFc34491CaA
8617,0xf9DD512fE8078117827eDFFa116eb992B4CCdc50
8618,0xf9c0dda90e4E9bc12EBB8c04fdc96913d786eFBD
8619,0xf9e7c81dC18afb213A93E5795A0E02B2C3CD405d
8620,0xfA45C6991a2C3d74ada3A279E21135133CE3Da8A
8621,0xfA69EF242fF3540D75c7D209B24657894cFdBDC9
8622,0xfAb9f5717489b011d8d9202374b822198531646e
8623,0xfAea9Eb1E43a1D087948A78ef1B0F77c3D5e984A
8624,0xfB13658D779C443af2ddB33AB15418613CCdD39F
8625,0xfB71f273284e52e6191B061052C298f10c2A6817
8626,0xfB7708c36CDaCc21f44CC222b2Caadc4b45b23E0
8627,0xfB7F6F5b15caaeec1bf99680C841Beb2354d3Ce5
8628,0xfB894059FA60EcE99dE780fEAC65347e6c34125c
8629,0xfB9f911579C79066C77B1D353cBA9c376e7000B4
8630,0xfBB3841735Fd44e4ed67b9871Cdf5f0edc039833
8631,0xfBb7D21C39Cdb020217d7f12A95E7e20214654D1
8632,0xfBf801D913449CCDb47040B3aF16f9BcaD254ad8
8633,0xfC1F9861C66E1eC54b63E8ABe5Eb728e4502b579
8634,0xfC3551F3b51F27CA60eFb25f45eD95d4e80E7071
8635,0xfC6cDd45643dD29b0979D6E2f7F14dFB2825d467
8636,0xfC74af0241f9685e9D70DB5EFEC276895356dDB0
8637,0xfC8EaFaD6e672Ade9E7847eF8bb48De9c32D1e53
8638,0xfCA8b3270Aa1BD83cAE0dEa6bbDa496d6c0Ab3A3
8639,0xfCAD3475520fb54Fc95305A6549A79170DA8B7C0
8640,0xfCCE06C08a5a9A9595b0720537dFE698CA4586d7
8641,0xfCDF4a5E2D3d4fdA3640862e94e5E2878FF5db7B
8642,0xfCF16744383a24dd60e312135894a6Bf8d1254Cf
8643,0xfD12dC3CAd2c30eB145eb043585B0aAb41C83273
8644,0xfD3FEff1E2Dc24b0d22F6866362BC51c8A70E874
8645,0xfD3a43d5153aD3557490B7e2E467826DbBA453aD
8646,0xfD748e12f081548c62D3d36D7d649D9CF6394940
8647,0xfDC10678CD732Ed22363D340B843a90460Fb40A8
8648,0xfDb6F377aba7C3426A1024bD177916aa2d613ebB
8649,0xfDf56266034C90fB4de9Ec36EEEbC2a1564594C7
8650,0xfE0984C3502a1033C74C5d4756FFd221Da15D648
8651,0xfE4c35d6d573f9D52378388af96D24FfcBbdb528
8652,0xfE982FFAc6Dfa2c0641892c6E4aE1d13B560808C
8653,0xfEC8a0831e9531Ee5300b3DD9071b62B3bfFE47d
8654,0xfEc2a61e74453952dD95C0fDd7aeaA85FA707eB5
8655,0xfEd134255881FdE7D549e54457cbE49160Cb5410
8656,0xfEe8F8BC15d493aeA3C944D881B0c380A2F4CaB1
8657,0xfEfbCa23817578a8CA7920704266c0650c10e28A
8658,0xfF218CdbE095AeE9dD0aDf8487ee45b1Caf5F030
8659,0xfF3fc772434505ABff38EEcDe3C689D4b0254528
8660,0xfF5f9Bf4617f5C0A750d9c377673A2ad7f048d3a
8661,0xfFCC886D4A19a3283DF6f73EDb8351b290C984aE
8662,0xfFD70013d4A8768f41F92484fCa76F527e3bBE6c
8663,0xfFDb8fB764965426825e03959cDA742B66b42708
8664,0xfa00a8F73C7bF546eBE517a1B89f7a1DEA3dF102
8665,0xfa01Ecd0425E8Fbc4C39207b96ADb3483EfE355E
8666,0xfa24f5617380Cb6D5538CC3d77c158C46e23C293
8667,0xfa6eFB482bd7459273C195DB973B704288111be0
8668,0xfaAa9326a3954563EA2743a4b2878050A8BAa64e
8669,0xfaC2F11ba2577D5122DC1EC5301d35B16688251E
8670,0xfaC33889944BED5D6b2AD1B111CB04F3a4A7a3b2
8671,0xfaC59740d20b7DB72A05FDbaC72c01c5F59090bf
8672,0xfae1C1863666F36Df52D2A7CF408aF0f8B2c5482
8673,0xfb151DC0faf5aFC1a3aAC60A6aA8ef3b758Ee34f
8674,0xfb83157E719196e3cFE06Da8E695a6074Eb5383D
8675,0xfbB8b5063aEe0C23bC9Df4a65980c8AbE0426597
8676,0xfbd50C82Ea05d0D8b6B302317880060Bc3086866
8677,0xfc2bEBCA30f91AD8781cc838Ee6C826d8169a3c4
8678,0xfc533d8fe7c08FB09605E55fE75e1c341B5035a9
8679,0xfc5DeC71d37C07A1567fcf2F966Bca67f16E9924
8680,0xfc94083e408AdF3408072f2131B5CbB5e41F2687
8681,0xfcC5909De16b23C7482b7cfAd196f9C1EC403cE8
8682,0xfcC7fd9c8fA7f24bb4182F547BEeFEe53AA7848c
8683,0xfd0fdE8D8cE02A614FD21F695093951ea0a6711C
8684,0xfd225193f80f40053FD1a1548bcA6cF0e6577Bb4
8685,0xfd444Efe0F3EA8D38Afc3df38eB8F2798548594b
8686,0xfd48e40698B4925EA50bC7fFB57239bc58Da63c1
8687,0xfd76F6C55B83fFcA691EE3ae57EdBd978BFfbADe
8688,0xfd8D5EF1F57f21432b1689beacd5ee6e10fc0504
8689,0xfd8f50c79F35089bD73A181475D413c21EF001a6
8690,0xfd9E4E635b550E95BBfE70da4C4b5ea1bF0AD4E6
8691,0xfdF1a76cA573e9d2B55546d5426857a9c0859cba
8692,0xfde2Ad78778eBABb0730147F3d39FA0aeec47B00
8693,0xfde2F3506a56d8DC8e8fF31a57eDD0c7Ab097F26
8694,0xfe293b421756739AbfdD4EA489B27c337baaa11C
8695,0xfe35A5E405590a0eE8B55c4BdEb6F1ecD178911e
8696,0xfe3CaC357Cb50f2d9565181110116BE7D9D5cF25
8697,0xfeAC37ccC4afbC8Ae635B510Be41d2eAC8e171ED
8698,0xfeDf3f726E77a7c5fF0304043F49bb261C47a1E2
8699,0xfed65b3fdAB50F5C6069fFbfe998Ec1E0C5e12A0
8700,0xff26CCF9058B9Bd8fAcFB6a8876864Fec193285d
8701,0xff5c1fD717d5801BcFB52a8a4b6b842f270C104e
8702,0xff74390c55657f82766801a2bD490d32CAaCb331
8703,0xff7683bd19135B806DA7FE990393aa0d28BfddF2
8704,0xffF8C710f0e572997dBD9ccabf6AeA6CF13EfC96
8705,0xffa97a5Df2D82842b7D8C0e93ca5F2F01F6c317E
8706,0xffb1DaDc95b08A096396A61710BccDE094Eb38d4
8707,0xffeDCDAC8BA51be3101607fAb1B44462c3015fb0